neighbourhood_group,price
Bronx,40
Bronx,45
Bronx,90
Bronx,105
Bronx,90
Bronx,77
Bronx,37
Bronx,125
Bronx,50
Bronx,50
Bronx,42
Bronx,50
Bronx,120
Bronx,49
Bronx,100
Bronx,35
Bronx,45
Bronx,250
Bronx,39
Bronx,49
Bronx,38
Bronx,60
Bronx,60
Bronx,30
Bronx,84
Bronx,85
Bronx,65
Bronx,60
Bronx,90
Bronx,60
Bronx,50
Bronx,45
Bronx,43
Bronx,75
Bronx,195
Bronx,120
Bronx,140
Bronx,53
Bronx,80
Bronx,65
Bronx,75
Bronx,250
Bronx,32
Bronx,50
Bronx,70
Bronx,41
Bronx,80
Bronx,40
Bronx,71
Bronx,55
Bronx,120
Bronx,44
Bronx,50
Bronx,95
Bronx,75
Bronx,75
Bronx,49
Bronx,47
Bronx,55
Bronx,79
Bronx,105
Bronx,87
Bronx,50
Bronx,40
Bronx,55
Bronx,53
Bronx,95
Bronx,100
Bronx,45
Bronx,155
Bronx,75
Bronx,50
Bronx,47
Bronx,90
Bronx,75
Bronx,68
Bronx,51
Bronx,110
Bronx,45
Bronx,37
Bronx,49
Bronx,105
Bronx,57
Bronx,47
Bronx,25
Bronx,55
Bronx,85
Bronx,145
Bronx,60
Bronx,110
Bronx,43
Bronx,40
Bronx,155
Bronx,250
Bronx,50
Bronx,450
Bronx,38
Bronx,57
Bronx,150
Bronx,42
Bronx,30
Bronx,45
Bronx,80
Bronx,63
Bronx,65
Bronx,110
Bronx,56
Bronx,125
Bronx,119
Bronx,105
Bronx,65
Bronx,115
Bronx,680
Bronx,99
Bronx,33
Bronx,159
Bronx,100
Bronx,50
Bronx,75
Bronx,120
Bronx,40
Bronx,40
Bronx,110
Bronx,95
Bronx,40
Bronx,37
Bronx,59
Bronx,62
Bronx,45
Bronx,90
Bronx,107
Bronx,325
Bronx,79
Bronx,65
Bronx,63
Bronx,150
Bronx,65
Bronx,59
Bronx,28
Bronx,100
Bronx,225
Bronx,65
Bronx,33
Bronx,60
Bronx,38
Bronx,95
Bronx,110
Bronx,47
Bronx,159
Bronx,75
Bronx,139
Bronx,65
Bronx,189
Bronx,70
Bronx,85
Bronx,34
Bronx,85
Bronx,87
Bronx,64
Bronx,51
Bronx,80
Bronx,35
Bronx,37
Bronx,88
Bronx,85
Bronx,70
Bronx,35
Bronx,109
Bronx,99
Bronx,95
Bronx,90
Bronx,85
Bronx,89
Bronx,100
Bronx,45
Bronx,40
Bronx,79
Bronx,49
Bronx,35
Bronx,150
Bronx,95
Bronx,45
Bronx,110
Bronx,60
Bronx,80
Bronx,26
Bronx,150
Bronx,500
Bronx,125
Bronx,60
Bronx,55
Bronx,60
Bronx,59
Bronx,450
Bronx,75
Bronx,85
Bronx,104
Bronx,99
Bronx,40
Bronx,75
Bronx,175
Bronx,49
Bronx,51
Bronx,34
Bronx,130
Bronx,57
Bronx,67
Bronx,68
Bronx,95
Bronx,500
Bronx,139
Bronx,49
Bronx,41
Bronx,41
Bronx,89
Bronx,40
Bronx,75
Bronx,110
Bronx,33
Bronx,45
Bronx,99
Bronx,30
Bronx,350
Bronx,120
Bronx,50
Bronx,85
Bronx,65
Bronx,42
Bronx,71
Bronx,82
Bronx,50
Bronx,52
Bronx,22
Bronx,120
Bronx,50
Bronx,60
Bronx,425
Bronx,76
Bronx,75
Bronx,175
Bronx,110
Bronx,38
Bronx,80
Bronx,59
Bronx,30
Bronx,49
Bronx,85
Bronx,299
Bronx,43
Bronx,159
Bronx,76
Bronx,40
Bronx,77
Bronx,68
Bronx,40
Bronx,35
Bronx,50
Bronx,59
Bronx,100
Bronx,60
Bronx,120
Bronx,35
Bronx,75
Bronx,79
Bronx,80
Bronx,105
Bronx,40
Bronx,55
Bronx,55
Bronx,75
Bronx,45
Bronx,68
Bronx,86
Bronx,80
Bronx,79
Bronx,60
Bronx,30
Bronx,125
Bronx,125
Bronx,47
Bronx,58
Bronx,55
Bronx,45
Bronx,60
Bronx,50
Bronx,50
Bronx,40
Bronx,135
Bronx,110
Bronx,115
Bronx,100
Bronx,46
Bronx,130
Bronx,150
Bronx,60
Bronx,71
Bronx,80
Bronx,60
Bronx,73
Bronx,43
Bronx,79
Bronx,60
Bronx,84
Bronx,45
Bronx,34
Bronx,79
Bronx,60
Bronx,119
Bronx,35
Bronx,89
Bronx,40
Bronx,75
Bronx,20
Bronx,45
Bronx,130
Bronx,79
Bronx,125
Bronx,43
Bronx,80
Bronx,99
Bronx,47
Bronx,105
Bronx,60
Bronx,150
Bronx,165
Bronx,42
Bronx,42
Bronx,75
Bronx,145
Bronx,29
Bronx,41
Bronx,70
Bronx,75
Bronx,60
Bronx,75
Bronx,38
Bronx,53
Bronx,60
Bronx,45
Bronx,33
Bronx,50
Bronx,42
Bronx,43
Bronx,100
Bronx,65
Bronx,199
Bronx,40
Bronx,80
Bronx,40
Bronx,50
Bronx,60
Bronx,45
Bronx,60
Bronx,60
Bronx,65
Bronx,55
Bronx,49
Bronx,70
Bronx,75
Bronx,48
Bronx,55
Bronx,95
Bronx,60
Bronx,60
Bronx,40
Bronx,350
Bronx,28
Bronx,100
Bronx,100
Bronx,60
Bronx,70
Bronx,60
Bronx,40
Bronx,37
Bronx,120
Bronx,50
Bronx,85
Bronx,127
Bronx,62
Bronx,75
Bronx,29
Bronx,140
Bronx,100
Bronx,39
Bronx,70
Bronx,2500
Bronx,58
Bronx,50
Bronx,85
Bronx,35
Bronx,80
Bronx,75
Bronx,110
Bronx,65
Bronx,80
Bronx,72
Bronx,45
Bronx,250
Bronx,26
Bronx,65
Bronx,29
Bronx,40
Bronx,75
Bronx,35
Bronx,72
Bronx,45
Bronx,45
Bronx,119
Bronx,155
Bronx,600
Bronx,800
Bronx,0
Bronx,70
Bronx,55
Bronx,58
Bronx,70
Bronx,100
Bronx,69
Bronx,105
Bronx,175
Bronx,100
Bronx,50
Bronx,60
Bronx,35
Bronx,450
Bronx,80
Bronx,65
Bronx,55
Bronx,50
Bronx,62
Bronx,55
Bronx,42
Bronx,42
Bronx,55
Bronx,40
Bronx,45
Bronx,45
Bronx,60
Bronx,35
Bronx,59
Bronx,55
Bronx,79
Bronx,140
Bronx,60
Bronx,120
Bronx,65
Bronx,60
Bronx,42
Bronx,30
Bronx,40
Bronx,115
Bronx,40
Bronx,28
Bronx,300
Bronx,25
Bronx,35
Bronx,77
Bronx,29
Bronx,149
Bronx,80
Bronx,29
Bronx,49
Bronx,175
Bronx,40
Bronx,80
Bronx,125
Bronx,114
Bronx,60
Bronx,50
Bronx,110
Bronx,75
Bronx,50
Bronx,54
Bronx,70
Bronx,70
Bronx,73
Bronx,99
Bronx,35
Bronx,62
Bronx,70
Bronx,40
Bronx,50
Bronx,69
Bronx,49
Bronx,50
Bronx,39
Bronx,45
Bronx,100
Bronx,55
Bronx,87
Bronx,30
Bronx,65
Bronx,200
Bronx,38
Bronx,30
Bronx,50
Bronx,200
Bronx,125
Bronx,187
Bronx,140
Bronx,60
Bronx,300
Bronx,140
Bronx,26
Bronx,80
Bronx,40
Bronx,145
Bronx,80
Bronx,40
Bronx,45
Bronx,150
Bronx,50
Bronx,70
Bronx,69
Bronx,119
Bronx,60
Bronx,35
Bronx,41
Bronx,45
Bronx,29
Bronx,37
Bronx,80
Bronx,65
Bronx,250
Bronx,20
Bronx,47
Bronx,54
Bronx,34
Bronx,73
Bronx,65
Bronx,80
Bronx,80
Bronx,50
Bronx,85
Bronx,47
Bronx,240
Bronx,34
Bronx,360
Bronx,26
Bronx,40
Bronx,57
Bronx,69
Bronx,47
Bronx,65
Bronx,65
Bronx,60
Bronx,190
Bronx,44
Bronx,50
Bronx,79
Bronx,35
Bronx,95
Bronx,35
Bronx,40
Bronx,25
Bronx,70
Bronx,65
Bronx,79
Bronx,88
Bronx,23
Bronx,65
Bronx,125
Bronx,75
Bronx,40
Bronx,125
Bronx,100
Bronx,150
Bronx,50
Bronx,50
Bronx,74
Bronx,45
Bronx,40
Bronx,103
Bronx,50
Bronx,46
Bronx,80
Bronx,399
Bronx,90
Bronx,74
Bronx,86
Bronx,33
Bronx,195
Bronx,80
Bronx,45
Bronx,149
Bronx,60
Bronx,35
Bronx,105
Bronx,70
Bronx,125
Bronx,125
Bronx,150
Bronx,33
Bronx,107
Bronx,150
Bronx,35
Bronx,100
Bronx,21
Bronx,115
Bronx,85
Bronx,45
Bronx,65
Bronx,100
Bronx,110
Bronx,85
Bronx,40
Bronx,60
Bronx,200
Bronx,200
Bronx,30
Bronx,142
Bronx,79
Bronx,125
Bronx,80
Bronx,70
Bronx,80
Bronx,142
Bronx,142
Bronx,99
Bronx,142
Bronx,142
Bronx,149
Bronx,150
Bronx,26
Bronx,60
Bronx,102
Bronx,34
Bronx,150
Bronx,42
Bronx,150
Bronx,62
Bronx,38
Bronx,45
Bronx,140
Bronx,80
Bronx,75
Bronx,95
Bronx,47
Bronx,90
Bronx,75
Bronx,132
Bronx,60
Bronx,10
Bronx,35
Bronx,75
Bronx,75
Bronx,75
Bronx,475
Bronx,55
Bronx,50
Bronx,60
Bronx,80
Bronx,50
Bronx,65
Bronx,85
Bronx,69
Bronx,53
Bronx,50
Bronx,65
Bronx,65
Bronx,140
Bronx,45
Bronx,80
Bronx,50
Bronx,145
Bronx,69
Bronx,50
Bronx,280
Bronx,130
Bronx,40
Bronx,48
Bronx,68
Bronx,40
Bronx,50
Bronx,85
Bronx,100
Bronx,102
Bronx,35
Bronx,28
Bronx,28
Bronx,28
Bronx,28
Bronx,28
Bronx,55
Bronx,55
Bronx,37
Bronx,45
Bronx,42
Bronx,50
Bronx,100
Bronx,26
Bronx,300
Bronx,65
Bronx,60
Bronx,90
Bronx,87
Bronx,47
Bronx,65
Bronx,35
Bronx,40
Bronx,90
Bronx,60
Bronx,240
Bronx,40
Bronx,299
Bronx,125
Bronx,90
Bronx,84
Bronx,80
Bronx,75
Bronx,100
Bronx,48
Bronx,39
Bronx,65
Bronx,42
Bronx,65
Bronx,38
Bronx,79
Bronx,120
Bronx,81
Bronx,80
Bronx,80
Bronx,39
Bronx,48
Bronx,100
Bronx,200
Bronx,150
Bronx,100
Bronx,300
Bronx,90
Bronx,50
Bronx,45
Bronx,45
Bronx,350
Bronx,100
Bronx,90
Bronx,75
Bronx,60
Bronx,60
Bronx,55
Bronx,65
Bronx,49
Bronx,130
Bronx,60
Bronx,24
Bronx,50
Bronx,45
Bronx,55
Bronx,39
Bronx,99
Bronx,98
Bronx,60
Bronx,87
Bronx,175
Bronx,75
Bronx,50
Bronx,75
Bronx,45
Bronx,145
Bronx,60
Bronx,65
Bronx,670
Bronx,85
Bronx,80
Bronx,120
Bronx,35
Bronx,99
Bronx,85
Bronx,25
Bronx,40
Bronx,45
Bronx,69
Bronx,99
Bronx,34
Bronx,150
Bronx,70
Bronx,20
Bronx,200
Bronx,299
Bronx,80
Bronx,49
Bronx,165
Bronx,20
Bronx,20
Bronx,100
Bronx,200
Bronx,125
Bronx,60
Bronx,100
Bronx,175
Bronx,100
Bronx,42
Bronx,75
Bronx,75
Bronx,67
Bronx,28
Bronx,70
Bronx,50
Bronx,80
Bronx,74
Bronx,247
Bronx,30
Bronx,80
Bronx,50
Bronx,85
Bronx,95
Bronx,25
Bronx,50
Bronx,99
Bronx,200
Bronx,65
Bronx,68
Bronx,80
Bronx,99
Bronx,115
Bronx,65
Bronx,65
Bronx,40
Bronx,41
Bronx,289
Bronx,50
Bronx,50
Bronx,76
Bronx,40
Bronx,45
Bronx,148
Bronx,65
Bronx,75
Bronx,65
Bronx,30
Bronx,200
Bronx,50
Bronx,35
Bronx,65
Bronx,27
Bronx,159
Bronx,60
Bronx,125
Bronx,49
Bronx,100
Bronx,41
Bronx,52
Bronx,64
Bronx,100
Bronx,75
Bronx,95
Bronx,40
Bronx,60
Bronx,93
Bronx,75
Bronx,50
Bronx,39
Bronx,95
Bronx,101
Bronx,55
Bronx,59
Bronx,62
Bronx,65
Bronx,150
Bronx,140
Bronx,80
Bronx,50
Bronx,50
Bronx,80
Bronx,39
Bronx,77
Bronx,80
Bronx,50
Bronx,100
Bronx,110
Bronx,100
Bronx,35
Bronx,60
Bronx,107
Bronx,90
Bronx,35
Bronx,24
Bronx,35
Bronx,103
Bronx,125
Bronx,120
Bronx,63
Bronx,39
Bronx,100
Bronx,58
Bronx,85
Bronx,46
Bronx,60
Bronx,35
Bronx,150
Bronx,109
Bronx,25
Bronx,100
Bronx,47
Bronx,75
Bronx,50
Bronx,33
Bronx,35
Bronx,42
Bronx,100
Bronx,35
Bronx,40
Bronx,60
Bronx,45
Bronx,51
Bronx,75
Bronx,150
Bronx,45
Bronx,70
Bronx,75
Bronx,115
Bronx,115
Bronx,56
Bronx,80
Bronx,65
Bronx,85
Bronx,35
Bronx,60
Bronx,75
Bronx,100
Bronx,150
Bronx,50
Bronx,77
Bronx,49
Bronx,75
Bronx,92
Bronx,107
Bronx,70
Bronx,45
Bronx,87
Bronx,27
Bronx,20
Bronx,65
Bronx,27
Bronx,70
Bronx,120
Bronx,120
Bronx,145
Bronx,130
Bronx,36
Bronx,40
Bronx,95
Bronx,35
Bronx,100
Bronx,29
Bronx,309
Bronx,28
Bronx,37
Bronx,28
Bronx,47
Bronx,70
Bronx,69
Bronx,223
Bronx,45
Bronx,115
Bronx,55
Bronx,43
Bronx,70
Bronx,50
Bronx,60
Bronx,60
Bronx,55
Bronx,36
Bronx,40
Bronx,28
Bronx,28
Bronx,28
Bronx,28
Bronx,75
Bronx,90
Bronx,100
Bronx,80
Bronx,40
Bronx,85
Bronx,28
Bronx,28
Bronx,100
Bronx,55
Bronx,80
Bronx,75
Bronx,125
Bronx,75
Bronx,55
Bronx,35
Bronx,36
Bronx,38
Bronx,120
Bronx,73
Bronx,42
Bronx,59
Bronx,69
Bronx,99
Bronx,160
Bronx,22
Bronx,34
Bronx,109
Bronx,70
Bronx,28
Bronx,100
Bronx,60
Bronx,88
Bronx,140
Bronx,40
Bronx,55
Bronx,40
Bronx,196
Bronx,75
Bronx,50
Bronx,55
Bronx,56
Bronx,69
Bronx,75
Bronx,168
Bronx,149
Bronx,288
Bronx,79
Bronx,58
Bronx,55
Bronx,55
Bronx,35
Bronx,99
Bronx,95
Bronx,45
Bronx,85
Bronx,100
Bronx,67
Bronx,57
Bronx,60
Bronx,150
Bronx,69
Bronx,95
Bronx,60
Bronx,140
Bronx,35
Bronx,65
Bronx,65
Bronx,55
Bronx,65
Bronx,39
Bronx,80
Bronx,80
Bronx,36
Bronx,55
Bronx,220
Bronx,309
Bronx,125
Bronx,39
Bronx,39
Bronx,99
Bronx,53
Bronx,100
Bronx,150
Bronx,40
Bronx,79
Bronx,75
Bronx,140
Bronx,75
Bronx,125
Bronx,40
Bronx,40
Bronx,60
Bronx,79
Bronx,390
Bronx,122
Bronx,40
Bronx,150
Bronx,55
Bronx,100
Bronx,1000
Bronx,600
Bronx,25
Bronx,85
Bronx,117
Bronx,39
Bronx,178
Bronx,29
Bronx,33
Bronx,379
Bronx,98
Bronx,128
Bronx,38
Bronx,38
Bronx,39
Bronx,39
Bronx,39
Bronx,50
Bronx,140
Bronx,80
Bronx,125
Bronx,70
Bronx,100
Brooklyn,149
Brooklyn,89
Brooklyn,60
Brooklyn,89
Brooklyn,140
Brooklyn,215
Brooklyn,99
Brooklyn,299
Brooklyn,130
Brooklyn,80
Brooklyn,110
Brooklyn,120
Brooklyn,60
Brooklyn,55
Brooklyn,70
Brooklyn,89
Brooklyn,35
Brooklyn,85
Brooklyn,150
Brooklyn,120
Brooklyn,120
Brooklyn,150
Brooklyn,110
Brooklyn,115
Brooklyn,80
Brooklyn,80
Brooklyn,228
Brooklyn,144
Brooklyn,150
Brooklyn,49
Brooklyn,80
Brooklyn,200
Brooklyn,55
Brooklyn,225
Brooklyn,275
Brooklyn,105
Brooklyn,95
Brooklyn,145
Brooklyn,130
Brooklyn,800
Brooklyn,105
Brooklyn,85
Brooklyn,65
Brooklyn,131
Brooklyn,98
Brooklyn,250
Brooklyn,100
Brooklyn,105
Brooklyn,125
Brooklyn,175
Brooklyn,101
Brooklyn,220
Brooklyn,125
Brooklyn,80
Brooklyn,200
Brooklyn,125
Brooklyn,120
Brooklyn,325
Brooklyn,99
Brooklyn,400
Brooklyn,75
Brooklyn,90
Brooklyn,70
Brooklyn,89
Brooklyn,50
Brooklyn,77
Brooklyn,76
Brooklyn,125
Brooklyn,135
Brooklyn,250
Brooklyn,199
Brooklyn,140
Brooklyn,115
Brooklyn,160
Brooklyn,195
Brooklyn,80
Brooklyn,44
Brooklyn,85
Brooklyn,125
Brooklyn,115
Brooklyn,125
Brooklyn,475
Brooklyn,69
Brooklyn,135
Brooklyn,250
Brooklyn,250
Brooklyn,70
Brooklyn,165
Brooklyn,50
Brooklyn,150
Brooklyn,110
Brooklyn,65
Brooklyn,200
Brooklyn,150
Brooklyn,90
Brooklyn,120
Brooklyn,175
Brooklyn,135
Brooklyn,80
Brooklyn,249
Brooklyn,100
Brooklyn,140
Brooklyn,71
Brooklyn,69
Brooklyn,68
Brooklyn,195
Brooklyn,159
Brooklyn,135
Brooklyn,135
Brooklyn,65
Brooklyn,99
Brooklyn,285
Brooklyn,59
Brooklyn,39
Brooklyn,60
Brooklyn,135
Brooklyn,70
Brooklyn,60
Brooklyn,100
Brooklyn,70
Brooklyn,110
Brooklyn,60
Brooklyn,75
Brooklyn,60
Brooklyn,130
Brooklyn,95
Brooklyn,175
Brooklyn,190
Brooklyn,49
Brooklyn,140
Brooklyn,150
Brooklyn,190
Brooklyn,135
Brooklyn,145
Brooklyn,250
Brooklyn,125
Brooklyn,70
Brooklyn,229
Brooklyn,59
Brooklyn,195
Brooklyn,169
Brooklyn,55
Brooklyn,69
Brooklyn,169
Brooklyn,179
Brooklyn,135
Brooklyn,350
Brooklyn,120
Brooklyn,349
Brooklyn,349
Brooklyn,165
Brooklyn,249
Brooklyn,100
Brooklyn,200
Brooklyn,185
Brooklyn,65
Brooklyn,130
Brooklyn,199
Brooklyn,179
Brooklyn,150
Brooklyn,79
Brooklyn,650
Brooklyn,90
Brooklyn,120
Brooklyn,100
Brooklyn,175
Brooklyn,120
Brooklyn,140
Brooklyn,200
Brooklyn,165
Brooklyn,123
Brooklyn,130
Brooklyn,100
Brooklyn,190
Brooklyn,599
Brooklyn,100
Brooklyn,135
Brooklyn,175
Brooklyn,165
Brooklyn,95
Brooklyn,55
Brooklyn,199
Brooklyn,80
Brooklyn,150
Brooklyn,110
Brooklyn,190
Brooklyn,200
Brooklyn,165
Brooklyn,99
Brooklyn,39
Brooklyn,260
Brooklyn,165
Brooklyn,125
Brooklyn,225
Brooklyn,50
Brooklyn,170
Brooklyn,250
Brooklyn,141
Brooklyn,64
Brooklyn,249
Brooklyn,79
Brooklyn,120
Brooklyn,495
Brooklyn,145
Brooklyn,250
Brooklyn,451
Brooklyn,98
Brooklyn,150
Brooklyn,125
Brooklyn,255
Brooklyn,72
Brooklyn,165
Brooklyn,165
Brooklyn,75
Brooklyn,130
Brooklyn,139
Brooklyn,88
Brooklyn,80
Brooklyn,90
Brooklyn,450
Brooklyn,130
Brooklyn,89
Brooklyn,46
Brooklyn,500
Brooklyn,60
Brooklyn,350
Brooklyn,219
Brooklyn,60
Brooklyn,105
Brooklyn,75
Brooklyn,85
Brooklyn,106
Brooklyn,85
Brooklyn,91
Brooklyn,150
Brooklyn,97
Brooklyn,179
Brooklyn,500
Brooklyn,70
Brooklyn,75
Brooklyn,99
Brooklyn,350
Brooklyn,170
Brooklyn,169
Brooklyn,99
Brooklyn,160
Brooklyn,215
Brooklyn,130
Brooklyn,65
Brooklyn,43
Brooklyn,42
Brooklyn,85
Brooklyn,139
Brooklyn,105
Brooklyn,265
Brooklyn,99
Brooklyn,100
Brooklyn,190
Brooklyn,67
Brooklyn,248
Brooklyn,100
Brooklyn,145
Brooklyn,41
Brooklyn,120
Brooklyn,157
Brooklyn,195
Brooklyn,70
Brooklyn,185
Brooklyn,145
Brooklyn,185
Brooklyn,100
Brooklyn,40
Brooklyn,79
Brooklyn,100
Brooklyn,110
Brooklyn,172
Brooklyn,75
Brooklyn,116
Brooklyn,120
Brooklyn,150
Brooklyn,230
Brooklyn,79
Brooklyn,130
Brooklyn,239
Brooklyn,220
Brooklyn,80
Brooklyn,135
Brooklyn,100
Brooklyn,200
Brooklyn,80
Brooklyn,110
Brooklyn,300
Brooklyn,180
Brooklyn,350
Brooklyn,85
Brooklyn,80
Brooklyn,55
Brooklyn,438
Brooklyn,110
Brooklyn,279
Brooklyn,137
Brooklyn,280
Brooklyn,199
Brooklyn,180
Brooklyn,85
Brooklyn,199
Brooklyn,100
Brooklyn,295
Brooklyn,150
Brooklyn,129
Brooklyn,96
Brooklyn,199
Brooklyn,199
Brooklyn,199
Brooklyn,69
Brooklyn,199
Brooklyn,199
Brooklyn,199
Brooklyn,199
Brooklyn,199
Brooklyn,349
Brooklyn,249
Brooklyn,299
Brooklyn,179
Brooklyn,599
Brooklyn,110
Brooklyn,220
Brooklyn,89
Brooklyn,170
Brooklyn,98
Brooklyn,125
Brooklyn,48
Brooklyn,64
Brooklyn,154
Brooklyn,139
Brooklyn,70
Brooklyn,130
Brooklyn,92
Brooklyn,145
Brooklyn,185
Brooklyn,99
Brooklyn,48
Brooklyn,110
Brooklyn,147
Brooklyn,60
Brooklyn,290
Brooklyn,50
Brooklyn,45
Brooklyn,34
Brooklyn,190
Brooklyn,75
Brooklyn,93
Brooklyn,60
Brooklyn,65
Brooklyn,60
Brooklyn,88
Brooklyn,60
Brooklyn,110
Brooklyn,135
Brooklyn,165
Brooklyn,127
Brooklyn,402
Brooklyn,75
Brooklyn,70
Brooklyn,64
Brooklyn,800
Brooklyn,100
Brooklyn,250
Brooklyn,140
Brooklyn,90
Brooklyn,97
Brooklyn,91
Brooklyn,125
Brooklyn,75
Brooklyn,300
Brooklyn,100
Brooklyn,65
Brooklyn,47
Brooklyn,110
Brooklyn,100
Brooklyn,300
Brooklyn,140
Brooklyn,120
Brooklyn,175
Brooklyn,275
Brooklyn,189
Brooklyn,250
Brooklyn,120
Brooklyn,50
Brooklyn,100
Brooklyn,157
Brooklyn,199
Brooklyn,199
Brooklyn,199
Brooklyn,199
Brooklyn,199
Brooklyn,105
Brooklyn,135
Brooklyn,199
Brooklyn,125
Brooklyn,60
Brooklyn,85
Brooklyn,75
Brooklyn,44
Brooklyn,55
Brooklyn,30
Brooklyn,35
Brooklyn,70
Brooklyn,130
Brooklyn,52
Brooklyn,75
Brooklyn,100
Brooklyn,130
Brooklyn,75
Brooklyn,180
Brooklyn,135
Brooklyn,65
Brooklyn,149
Brooklyn,75
Brooklyn,225
Brooklyn,100
Brooklyn,135
Brooklyn,89
Brooklyn,120
Brooklyn,59
Brooklyn,49
Brooklyn,79
Brooklyn,185
Brooklyn,225
Brooklyn,325
Brooklyn,95
Brooklyn,75
Brooklyn,160
Brooklyn,180
Brooklyn,165
Brooklyn,500
Brooklyn,79
Brooklyn,200
Brooklyn,115
Brooklyn,115
Brooklyn,120
Brooklyn,70
Brooklyn,160
Brooklyn,178
Brooklyn,145
Brooklyn,125
Brooklyn,77
Brooklyn,92
Brooklyn,185
Brooklyn,65
Brooklyn,72
Brooklyn,80
Brooklyn,125
Brooklyn,120
Brooklyn,94
Brooklyn,56
Brooklyn,190
Brooklyn,129
Brooklyn,85
Brooklyn,125
Brooklyn,50
Brooklyn,70
Brooklyn,159
Brooklyn,45
Brooklyn,90
Brooklyn,250
Brooklyn,130
Brooklyn,90
Brooklyn,298
Brooklyn,123
Brooklyn,88
Brooklyn,145
Brooklyn,75
Brooklyn,229
Brooklyn,300
Brooklyn,75
Brooklyn,120
Brooklyn,160
Brooklyn,125
Brooklyn,95
Brooklyn,119
Brooklyn,500
Brooklyn,87
Brooklyn,160
Brooklyn,90
Brooklyn,250
Brooklyn,130
Brooklyn,190
Brooklyn,55
Brooklyn,125
Brooklyn,150
Brooklyn,70
Brooklyn,138
Brooklyn,200
Brooklyn,105
Brooklyn,150
Brooklyn,55
Brooklyn,299
Brooklyn,189
Brooklyn,299
Brooklyn,90
Brooklyn,80
Brooklyn,39
Brooklyn,55
Brooklyn,110
Brooklyn,200
Brooklyn,142
Brooklyn,70
Brooklyn,260
Brooklyn,59
Brooklyn,55
Brooklyn,229
Brooklyn,200
Brooklyn,250
Brooklyn,65
Brooklyn,68
Brooklyn,235
Brooklyn,100
Brooklyn,55
Brooklyn,165
Brooklyn,145
Brooklyn,110
Brooklyn,115
Brooklyn,82
Brooklyn,155
Brooklyn,100
Brooklyn,150
Brooklyn,450
Brooklyn,145
Brooklyn,225
Brooklyn,100
Brooklyn,55
Brooklyn,142
Brooklyn,350
Brooklyn,300
Brooklyn,105
Brooklyn,125
Brooklyn,225
Brooklyn,92
Brooklyn,226
Brooklyn,50
Brooklyn,200
Brooklyn,68
Brooklyn,102
Brooklyn,220
Brooklyn,385
Brooklyn,75
Brooklyn,160
Brooklyn,249
Brooklyn,80
Brooklyn,120
Brooklyn,169
Brooklyn,85
Brooklyn,90
Brooklyn,46
Brooklyn,325
Brooklyn,100
Brooklyn,175
Brooklyn,209
Brooklyn,68
Brooklyn,49
Brooklyn,349
Brooklyn,96
Brooklyn,120
Brooklyn,800
Brooklyn,349
Brooklyn,125
Brooklyn,350
Brooklyn,150
Brooklyn,180
Brooklyn,99
Brooklyn,150
Brooklyn,90
Brooklyn,95
Brooklyn,250
Brooklyn,160
Brooklyn,150
Brooklyn,89
Brooklyn,375
Brooklyn,200
Brooklyn,60
Brooklyn,36
Brooklyn,275
Brooklyn,450
Brooklyn,80
Brooklyn,280
Brooklyn,175
Brooklyn,90
Brooklyn,59
Brooklyn,189
Brooklyn,120
Brooklyn,200
Brooklyn,69
Brooklyn,135
Brooklyn,90
Brooklyn,135
Brooklyn,199
Brooklyn,65
Brooklyn,185
Brooklyn,121
Brooklyn,152
Brooklyn,250
Brooklyn,104
Brooklyn,120
Brooklyn,90
Brooklyn,50
Brooklyn,80
Brooklyn,150
Brooklyn,110
Brooklyn,115
Brooklyn,130
Brooklyn,180
Brooklyn,95
Brooklyn,60
Brooklyn,133
Brooklyn,120
Brooklyn,80
Brooklyn,159
Brooklyn,50
Brooklyn,155
Brooklyn,150
Brooklyn,75
Brooklyn,115
Brooklyn,195
Brooklyn,175
Brooklyn,80
Brooklyn,48
Brooklyn,275
Brooklyn,72
Brooklyn,250
Brooklyn,175
Brooklyn,140
Brooklyn,54
Brooklyn,77
Brooklyn,129
Brooklyn,120
Brooklyn,500
Brooklyn,149
Brooklyn,180
Brooklyn,100
Brooklyn,180
Brooklyn,128
Brooklyn,260
Brooklyn,65
Brooklyn,300
Brooklyn,125
Brooklyn,115
Brooklyn,275
Brooklyn,198
Brooklyn,35
Brooklyn,90
Brooklyn,250
Brooklyn,115
Brooklyn,200
Brooklyn,64
Brooklyn,65
Brooklyn,85
Brooklyn,400
Brooklyn,125
Brooklyn,180
Brooklyn,120
Brooklyn,85
Brooklyn,119
Brooklyn,165
Brooklyn,60
Brooklyn,80
Brooklyn,110
Brooklyn,120
Brooklyn,120
Brooklyn,350
Brooklyn,45
Brooklyn,73
Brooklyn,150
Brooklyn,195
Brooklyn,90
Brooklyn,200
Brooklyn,60
Brooklyn,72
Brooklyn,200
Brooklyn,75
Brooklyn,100
Brooklyn,139
Brooklyn,100
Brooklyn,199
Brooklyn,140
Brooklyn,45
Brooklyn,109
Brooklyn,42
Brooklyn,70
Brooklyn,355
Brooklyn,80
Brooklyn,250
Brooklyn,89
Brooklyn,35
Brooklyn,249
Brooklyn,179
Brooklyn,220
Brooklyn,198
Brooklyn,155
Brooklyn,199
Brooklyn,550
Brooklyn,60
Brooklyn,380
Brooklyn,84
Brooklyn,134
Brooklyn,68
Brooklyn,150
Brooklyn,85
Brooklyn,69
Brooklyn,78
Brooklyn,220
Brooklyn,150
Brooklyn,80
Brooklyn,150
Brooklyn,150
Brooklyn,70
Brooklyn,100
Brooklyn,69
Brooklyn,103
Brooklyn,330
Brooklyn,210
Brooklyn,175
Brooklyn,85
Brooklyn,75
Brooklyn,65
Brooklyn,93
Brooklyn,146
Brooklyn,120
Brooklyn,100
Brooklyn,60
Brooklyn,85
Brooklyn,168
Brooklyn,50
Brooklyn,129
Brooklyn,199
Brooklyn,199
Brooklyn,99
Brooklyn,160
Brooklyn,65
Brooklyn,70
Brooklyn,66
Brooklyn,95
Brooklyn,52
Brooklyn,195
Brooklyn,50
Brooklyn,73
Brooklyn,100
Brooklyn,39
Brooklyn,125
Brooklyn,220
Brooklyn,90
Brooklyn,61
Brooklyn,575
Brooklyn,175
Brooklyn,110
Brooklyn,250
Brooklyn,100
Brooklyn,149
Brooklyn,125
Brooklyn,105
Brooklyn,55
Brooklyn,250
Brooklyn,100
Brooklyn,175
Brooklyn,50
Brooklyn,103
Brooklyn,70
Brooklyn,75
Brooklyn,55
Brooklyn,82
Brooklyn,52
Brooklyn,115
Brooklyn,175
Brooklyn,100
Brooklyn,45
Brooklyn,165
Brooklyn,200
Brooklyn,312
Brooklyn,155
Brooklyn,200
Brooklyn,90
Brooklyn,230
Brooklyn,200
Brooklyn,150
Brooklyn,75
Brooklyn,145
Brooklyn,119
Brooklyn,155
Brooklyn,149
Brooklyn,100
Brooklyn,45
Brooklyn,145
Brooklyn,195
Brooklyn,225
Brooklyn,60
Brooklyn,199
Brooklyn,225
Brooklyn,82
Brooklyn,115
Brooklyn,65
Brooklyn,150
Brooklyn,101
Brooklyn,165
Brooklyn,128
Brooklyn,150
Brooklyn,163
Brooklyn,40
Brooklyn,200
Brooklyn,115
Brooklyn,250
Brooklyn,275
Brooklyn,63
Brooklyn,130
Brooklyn,200
Brooklyn,85
Brooklyn,79
Brooklyn,149
Brooklyn,160
Brooklyn,80
Brooklyn,250
Brooklyn,119
Brooklyn,79
Brooklyn,215
Brooklyn,49
Brooklyn,190
Brooklyn,68
Brooklyn,185
Brooklyn,55
Brooklyn,65
Brooklyn,109
Brooklyn,125
Brooklyn,75
Brooklyn,89
Brooklyn,300
Brooklyn,110
Brooklyn,99
Brooklyn,170
Brooklyn,90
Brooklyn,42
Brooklyn,70
Brooklyn,155
Brooklyn,135
Brooklyn,100
Brooklyn,51
Brooklyn,4000
Brooklyn,60
Brooklyn,70
Brooklyn,70
Brooklyn,200
Brooklyn,150
Brooklyn,68
Brooklyn,120
Brooklyn,55
Brooklyn,500
Brooklyn,96
Brooklyn,150
Brooklyn,200
Brooklyn,90
Brooklyn,80
Brooklyn,85
Brooklyn,85
Brooklyn,80
Brooklyn,800
Brooklyn,130
Brooklyn,36
Brooklyn,140
Brooklyn,120
Brooklyn,75
Brooklyn,60
Brooklyn,69
Brooklyn,120
Brooklyn,100
Brooklyn,100
Brooklyn,75
Brooklyn,120
Brooklyn,100
Brooklyn,250
Brooklyn,85
Brooklyn,145
Brooklyn,55
Brooklyn,289
Brooklyn,149
Brooklyn,150
Brooklyn,44
Brooklyn,60
Brooklyn,74
Brooklyn,62
Brooklyn,249
Brooklyn,240
Brooklyn,149
Brooklyn,170
Brooklyn,68
Brooklyn,50
Brooklyn,65
Brooklyn,200
Brooklyn,65
Brooklyn,58
Brooklyn,185
Brooklyn,115
Brooklyn,115
Brooklyn,140
Brooklyn,62
Brooklyn,95
Brooklyn,100
Brooklyn,62
Brooklyn,95
Brooklyn,200
Brooklyn,60
Brooklyn,80
Brooklyn,100
Brooklyn,50
Brooklyn,79
Brooklyn,140
Brooklyn,191
Brooklyn,139
Brooklyn,120
Brooklyn,295
Brooklyn,100
Brooklyn,120
Brooklyn,107
Brooklyn,98
Brooklyn,110
Brooklyn,275
Brooklyn,329
Brooklyn,165
Brooklyn,160
Brooklyn,38
Brooklyn,50
Brooklyn,890
Brooklyn,51
Brooklyn,150
Brooklyn,56
Brooklyn,70
Brooklyn,70
Brooklyn,157
Brooklyn,145
Brooklyn,280
Brooklyn,220
Brooklyn,35
Brooklyn,30
Brooklyn,98
Brooklyn,60
Brooklyn,40
Brooklyn,125
Brooklyn,195
Brooklyn,155
Brooklyn,99
Brooklyn,85
Brooklyn,75
Brooklyn,53
Brooklyn,150
Brooklyn,135
Brooklyn,100
Brooklyn,134
Brooklyn,50
Brooklyn,400
Brooklyn,97
Brooklyn,189
Brooklyn,49
Brooklyn,165
Brooklyn,120
Brooklyn,89
Brooklyn,62
Brooklyn,130
Brooklyn,64
Brooklyn,150
Brooklyn,98
Brooklyn,150
Brooklyn,70
Brooklyn,325
Brooklyn,149
Brooklyn,130
Brooklyn,65
Brooklyn,100
Brooklyn,350
Brooklyn,225
Brooklyn,100
Brooklyn,275
Brooklyn,145
Brooklyn,120
Brooklyn,50
Brooklyn,195
Brooklyn,350
Brooklyn,40
Brooklyn,225
Brooklyn,225
Brooklyn,200
Brooklyn,235
Brooklyn,75
Brooklyn,249
Brooklyn,120
Brooklyn,50
Brooklyn,85
Brooklyn,78
Brooklyn,50
Brooklyn,63
Brooklyn,125
Brooklyn,105
Brooklyn,55
Brooklyn,289
Brooklyn,70
Brooklyn,125
Brooklyn,150
Brooklyn,90
Brooklyn,90
Brooklyn,130
Brooklyn,70
Brooklyn,96
Brooklyn,75
Brooklyn,195
Brooklyn,139
Brooklyn,116
Brooklyn,60
Brooklyn,1395
Brooklyn,225
Brooklyn,70
Brooklyn,60
Brooklyn,50
Brooklyn,60
Brooklyn,83
Brooklyn,200
Brooklyn,175
Brooklyn,149
Brooklyn,125
Brooklyn,109
Brooklyn,138
Brooklyn,80
Brooklyn,75
Brooklyn,47
Brooklyn,89
Brooklyn,110
Brooklyn,72
Brooklyn,325
Brooklyn,125
Brooklyn,195
Brooklyn,189
Brooklyn,182
Brooklyn,105
Brooklyn,185
Brooklyn,85
Brooklyn,550
Brooklyn,80
Brooklyn,175
Brooklyn,95
Brooklyn,150
Brooklyn,70
Brooklyn,85
Brooklyn,95
Brooklyn,125
Brooklyn,50
Brooklyn,75
Brooklyn,60
Brooklyn,130
Brooklyn,120
Brooklyn,99
Brooklyn,300
Brooklyn,40
Brooklyn,90
Brooklyn,100
Brooklyn,90
Brooklyn,40
Brooklyn,130
Brooklyn,200
Brooklyn,300
Brooklyn,189
Brooklyn,65
Brooklyn,49
Brooklyn,140
Brooklyn,190
Brooklyn,99
Brooklyn,60
Brooklyn,105
Brooklyn,138
Brooklyn,139
Brooklyn,499
Brooklyn,79
Brooklyn,152
Brooklyn,50
Brooklyn,212
Brooklyn,99
Brooklyn,55
Brooklyn,160
Brooklyn,35
Brooklyn,200
Brooklyn,117
Brooklyn,99
Brooklyn,89
Brooklyn,155
Brooklyn,80
Brooklyn,137
Brooklyn,120
Brooklyn,95
Brooklyn,75
Brooklyn,103
Brooklyn,150
Brooklyn,50
Brooklyn,99
Brooklyn,150
Brooklyn,179
Brooklyn,105
Brooklyn,84
Brooklyn,35
Brooklyn,350
Brooklyn,60
Brooklyn,220
Brooklyn,275
Brooklyn,142
Brooklyn,38
Brooklyn,225
Brooklyn,59
Brooklyn,350
Brooklyn,75
Brooklyn,70
Brooklyn,42
Brooklyn,60
Brooklyn,125
Brooklyn,99
Brooklyn,99
Brooklyn,165
Brooklyn,250
Brooklyn,135
Brooklyn,147
Brooklyn,102
Brooklyn,65
Brooklyn,350
Brooklyn,181
Brooklyn,65
Brooklyn,155
Brooklyn,50
Brooklyn,120
Brooklyn,75
Brooklyn,55
Brooklyn,200
Brooklyn,75
Brooklyn,150
Brooklyn,150
Brooklyn,240
Brooklyn,112
Brooklyn,250
Brooklyn,390
Brooklyn,295
Brooklyn,160
Brooklyn,60
Brooklyn,190
Brooklyn,125
Brooklyn,1500
Brooklyn,115
Brooklyn,131
Brooklyn,175
Brooklyn,299
Brooklyn,133
Brooklyn,48
Brooklyn,75
Brooklyn,55
Brooklyn,75
Brooklyn,151
Brooklyn,199
Brooklyn,45
Brooklyn,160
Brooklyn,36
Brooklyn,225
Brooklyn,35
Brooklyn,215
Brooklyn,147
Brooklyn,65
Brooklyn,78
Brooklyn,120
Brooklyn,90
Brooklyn,95
Brooklyn,100
Brooklyn,188
Brooklyn,495
Brooklyn,115
Brooklyn,55
Brooklyn,70
Brooklyn,150
Brooklyn,40
Brooklyn,150
Brooklyn,65
Brooklyn,79
Brooklyn,225
Brooklyn,100
Brooklyn,85
Brooklyn,98
Brooklyn,262
Brooklyn,70
Brooklyn,100
Brooklyn,59
Brooklyn,100
Brooklyn,175
Brooklyn,40
Brooklyn,140
Brooklyn,110
Brooklyn,131
Brooklyn,53
Brooklyn,65
Brooklyn,55
Brooklyn,67
Brooklyn,259
Brooklyn,129
Brooklyn,69
Brooklyn,250
Brooklyn,120
Brooklyn,129
Brooklyn,199
Brooklyn,450
Brooklyn,90
Brooklyn,45
Brooklyn,70
Brooklyn,125
Brooklyn,195
Brooklyn,58
Brooklyn,75
Brooklyn,95
Brooklyn,99
Brooklyn,275
Brooklyn,162
Brooklyn,160
Brooklyn,200
Brooklyn,45
Brooklyn,80
Brooklyn,70
Brooklyn,72
Brooklyn,75
Brooklyn,160
Brooklyn,29
Brooklyn,175
Brooklyn,175
Brooklyn,144
Brooklyn,171
Brooklyn,99
Brooklyn,72
Brooklyn,300
Brooklyn,100
Brooklyn,60
Brooklyn,138
Brooklyn,168
Brooklyn,100
Brooklyn,95
Brooklyn,85
Brooklyn,129
Brooklyn,69
Brooklyn,68
Brooklyn,69
Brooklyn,120
Brooklyn,155
Brooklyn,165
Brooklyn,190
Brooklyn,120
Brooklyn,110
Brooklyn,62
Brooklyn,104
Brooklyn,80
Brooklyn,89
Brooklyn,345
Brooklyn,150
Brooklyn,149
Brooklyn,145
Brooklyn,190
Brooklyn,55
Brooklyn,275
Brooklyn,250
Brooklyn,66
Brooklyn,65
Brooklyn,70
Brooklyn,49
Brooklyn,47
Brooklyn,79
Brooklyn,115
Brooklyn,229
Brooklyn,115
Brooklyn,165
Brooklyn,67
Brooklyn,68
Brooklyn,85
Brooklyn,170
Brooklyn,95
Brooklyn,45
Brooklyn,178
Brooklyn,149
Brooklyn,89
Brooklyn,115
Brooklyn,160
Brooklyn,95
Brooklyn,99
Brooklyn,40
Brooklyn,50
Brooklyn,55
Brooklyn,224
Brooklyn,75
Brooklyn,280
Brooklyn,136
Brooklyn,190
Brooklyn,75
Brooklyn,35
Brooklyn,279
Brooklyn,85
Brooklyn,84
Brooklyn,140
Brooklyn,99
Brooklyn,120
Brooklyn,200
Brooklyn,48
Brooklyn,129
Brooklyn,142
Brooklyn,130
Brooklyn,600
Brooklyn,150
Brooklyn,87
Brooklyn,65
Brooklyn,175
Brooklyn,241
Brooklyn,120
Brooklyn,90
Brooklyn,150
Brooklyn,135
Brooklyn,140
Brooklyn,130
Brooklyn,115
Brooklyn,130
Brooklyn,115
Brooklyn,65
Brooklyn,31
Brooklyn,135
Brooklyn,212
Brooklyn,40
Brooklyn,95
Brooklyn,100
Brooklyn,149
Brooklyn,74
Brooklyn,104
Brooklyn,99
Brooklyn,75
Brooklyn,80
Brooklyn,96
Brooklyn,224
Brooklyn,85
Brooklyn,65
Brooklyn,62
Brooklyn,62
Brooklyn,50
Brooklyn,115
Brooklyn,82
Brooklyn,75
Brooklyn,90
Brooklyn,215
Brooklyn,159
Brooklyn,64
Brooklyn,125
Brooklyn,110
Brooklyn,75
Brooklyn,110
Brooklyn,89
Brooklyn,110
Brooklyn,49
Brooklyn,220
Brooklyn,98
Brooklyn,84
Brooklyn,65
Brooklyn,160
Brooklyn,115
Brooklyn,120
Brooklyn,199
Brooklyn,99
Brooklyn,180
Brooklyn,115
Brooklyn,115
Brooklyn,250
Brooklyn,85
Brooklyn,159
Brooklyn,195
Brooklyn,185
Brooklyn,450
Brooklyn,80
Brooklyn,89
Brooklyn,35
Brooklyn,75
Brooklyn,120
Brooklyn,99
Brooklyn,55
Brooklyn,175
Brooklyn,69
Brooklyn,145
Brooklyn,44
Brooklyn,70
Brooklyn,185
Brooklyn,65
Brooklyn,190
Brooklyn,107
Brooklyn,45
Brooklyn,179
Brooklyn,245
Brooklyn,61
Brooklyn,275
Brooklyn,250
Brooklyn,120
Brooklyn,135
Brooklyn,75
Brooklyn,75
Brooklyn,115
Brooklyn,125
Brooklyn,64
Brooklyn,300
Brooklyn,37
Brooklyn,193
Brooklyn,53
Brooklyn,81
Brooklyn,70
Brooklyn,170
Brooklyn,41
Brooklyn,87
Brooklyn,85
Brooklyn,300
Brooklyn,125
Brooklyn,122
Brooklyn,89
Brooklyn,201
Brooklyn,119
Brooklyn,72
Brooklyn,180
Brooklyn,150
Brooklyn,345
Brooklyn,95
Brooklyn,175
Brooklyn,120
Brooklyn,88
Brooklyn,240
Brooklyn,90
Brooklyn,94
Brooklyn,150
Brooklyn,159
Brooklyn,85
Brooklyn,120
Brooklyn,175
Brooklyn,38
Brooklyn,53
Brooklyn,150
Brooklyn,32
Brooklyn,175
Brooklyn,40
Brooklyn,58
Brooklyn,149
Brooklyn,100
Brooklyn,50
Brooklyn,97
Brooklyn,275
Brooklyn,70
Brooklyn,149
Brooklyn,145
Brooklyn,200
Brooklyn,59
Brooklyn,70
Brooklyn,70
Brooklyn,70
Brooklyn,159
Brooklyn,55
Brooklyn,67
Brooklyn,450
Brooklyn,45
Brooklyn,83
Brooklyn,120
Brooklyn,35
Brooklyn,100
Brooklyn,140
Brooklyn,98
Brooklyn,140
Brooklyn,150
Brooklyn,75
Brooklyn,248
Brooklyn,120
Brooklyn,250
Brooklyn,120
Brooklyn,100
Brooklyn,175
Brooklyn,130
Brooklyn,650
Brooklyn,80
Brooklyn,150
Brooklyn,750
Brooklyn,140
Brooklyn,180
Brooklyn,130
Brooklyn,220
Brooklyn,37
Brooklyn,249
Brooklyn,150
Brooklyn,119
Brooklyn,49
Brooklyn,97
Brooklyn,399
Brooklyn,151
Brooklyn,69
Brooklyn,200
Brooklyn,100
Brooklyn,250
Brooklyn,80
Brooklyn,80
Brooklyn,180
Brooklyn,89
Brooklyn,199
Brooklyn,72
Brooklyn,80
Brooklyn,125
Brooklyn,100
Brooklyn,100
Brooklyn,100
Brooklyn,149
Brooklyn,33
Brooklyn,175
Brooklyn,135
Brooklyn,350
Brooklyn,80
Brooklyn,150
Brooklyn,50
Brooklyn,79
Brooklyn,60
Brooklyn,90
Brooklyn,105
Brooklyn,130
Brooklyn,150
Brooklyn,150
Brooklyn,80
Brooklyn,150
Brooklyn,115
Brooklyn,175
Brooklyn,190
Brooklyn,130
Brooklyn,79
Brooklyn,150
Brooklyn,100
Brooklyn,200
Brooklyn,500
Brooklyn,85
Brooklyn,32
Brooklyn,30
Brooklyn,75
Brooklyn,125
Brooklyn,250
Brooklyn,50
Brooklyn,250
Brooklyn,79
Brooklyn,52
Brooklyn,120
Brooklyn,40
Brooklyn,45
Brooklyn,57
Brooklyn,120
Brooklyn,89
Brooklyn,164
Brooklyn,210
Brooklyn,60
Brooklyn,88
Brooklyn,45
Brooklyn,85
Brooklyn,80
Brooklyn,110
Brooklyn,94
Brooklyn,400
Brooklyn,60
Brooklyn,200
Brooklyn,50
Brooklyn,199
Brooklyn,54
Brooklyn,130
Brooklyn,151
Brooklyn,60
Brooklyn,110
Brooklyn,73
Brooklyn,177
Brooklyn,105
Brooklyn,35
Brooklyn,700
Brooklyn,185
Brooklyn,100
Brooklyn,575
Brooklyn,99
Brooklyn,100
Brooklyn,124
Brooklyn,69
Brooklyn,180
Brooklyn,225
Brooklyn,150
Brooklyn,75
Brooklyn,51
Brooklyn,91
Brooklyn,100
Brooklyn,50
Brooklyn,350
Brooklyn,170
Brooklyn,275
Brooklyn,30
Brooklyn,150
Brooklyn,65
Brooklyn,210
Brooklyn,159
Brooklyn,55
Brooklyn,129
Brooklyn,79
Brooklyn,100
Brooklyn,110
Brooklyn,55
Brooklyn,75
Brooklyn,70
Brooklyn,130
Brooklyn,120
Brooklyn,50
Brooklyn,100
Brooklyn,33
Brooklyn,60
Brooklyn,199
Brooklyn,149
Brooklyn,60
Brooklyn,149
Brooklyn,95
Brooklyn,85
Brooklyn,170
Brooklyn,60
Brooklyn,200
Brooklyn,170
Brooklyn,145
Brooklyn,40
Brooklyn,225
Brooklyn,99
Brooklyn,111
Brooklyn,60
Brooklyn,320
Brooklyn,112
Brooklyn,185
Brooklyn,150
Brooklyn,130
Brooklyn,125
Brooklyn,70
Brooklyn,80
Brooklyn,100
Brooklyn,61
Brooklyn,99
Brooklyn,75
Brooklyn,130
Brooklyn,140
Brooklyn,150
Brooklyn,250
Brooklyn,90
Brooklyn,285
Brooklyn,55
Brooklyn,85
Brooklyn,200
Brooklyn,250
Brooklyn,325
Brooklyn,50
Brooklyn,225
Brooklyn,112
Brooklyn,65
Brooklyn,159
Brooklyn,145
Brooklyn,45
Brooklyn,120
Brooklyn,100
Brooklyn,1200
Brooklyn,48
Brooklyn,95
Brooklyn,290
Brooklyn,40
Brooklyn,45
Brooklyn,105
Brooklyn,45
Brooklyn,80
Brooklyn,40
Brooklyn,85
Brooklyn,219
Brooklyn,149
Brooklyn,75
Brooklyn,100
Brooklyn,1485
Brooklyn,89
Brooklyn,199
Brooklyn,149
Brooklyn,45
Brooklyn,149
Brooklyn,6500
Brooklyn,265
Brooklyn,130
Brooklyn,250
Brooklyn,500
Brooklyn,180
Brooklyn,49
Brooklyn,91
Brooklyn,250
Brooklyn,73
Brooklyn,75
Brooklyn,900
Brooklyn,305
Brooklyn,49
Brooklyn,86
Brooklyn,140
Brooklyn,95
Brooklyn,200
Brooklyn,175
Brooklyn,129
Brooklyn,200
Brooklyn,196
Brooklyn,128
Brooklyn,60
Brooklyn,70
Brooklyn,250
Brooklyn,80
Brooklyn,55
Brooklyn,60
Brooklyn,100
Brooklyn,73
Brooklyn,145
Brooklyn,162
Brooklyn,56
Brooklyn,500
Brooklyn,120
Brooklyn,55
Brooklyn,59
Brooklyn,99
Brooklyn,120
Brooklyn,38
Brooklyn,75
Brooklyn,76
Brooklyn,175
Brooklyn,500
Brooklyn,179
Brooklyn,200
Brooklyn,50
Brooklyn,62
Brooklyn,239
Brooklyn,179
Brooklyn,250
Brooklyn,89
Brooklyn,180
Brooklyn,30
Brooklyn,60
Brooklyn,200
Brooklyn,70
Brooklyn,109
Brooklyn,85
Brooklyn,109
Brooklyn,25
Brooklyn,79
Brooklyn,200
Brooklyn,55
Brooklyn,129
Brooklyn,79
Brooklyn,70
Brooklyn,69
Brooklyn,75
Brooklyn,154
Brooklyn,180
Brooklyn,100
Brooklyn,86
Brooklyn,189
Brooklyn,149
Brooklyn,18
Brooklyn,100
Brooklyn,145
Brooklyn,100
Brooklyn,132
Brooklyn,102
Brooklyn,129
Brooklyn,107
Brooklyn,90
Brooklyn,160
Brooklyn,95
Brooklyn,129
Brooklyn,110
Brooklyn,134
Brooklyn,95
Brooklyn,90
Brooklyn,98
Brooklyn,90
Brooklyn,134
Brooklyn,108
Brooklyn,175
Brooklyn,90
Brooklyn,45
Brooklyn,49
Brooklyn,110
Brooklyn,50
Brooklyn,60
Brooklyn,165
Brooklyn,53
Brooklyn,38
Brooklyn,49
Brooklyn,47
Brooklyn,120
Brooklyn,105
Brooklyn,275
Brooklyn,52
Brooklyn,550
Brooklyn,176
Brooklyn,50
Brooklyn,100
Brooklyn,30
Brooklyn,595
Brooklyn,65
Brooklyn,250
Brooklyn,85
Brooklyn,90
Brooklyn,125
Brooklyn,60
Brooklyn,36
Brooklyn,85
Brooklyn,45
Brooklyn,92
Brooklyn,30
Brooklyn,75
Brooklyn,100
Brooklyn,115
Brooklyn,175
Brooklyn,112
Brooklyn,115
Brooklyn,100
Brooklyn,50
Brooklyn,100
Brooklyn,225
Brooklyn,70
Brooklyn,31
Brooklyn,40
Brooklyn,235
Brooklyn,200
Brooklyn,180
Brooklyn,110
Brooklyn,152
Brooklyn,150
Brooklyn,67
Brooklyn,65
Brooklyn,79
Brooklyn,55
Brooklyn,150
Brooklyn,45
Brooklyn,125
Brooklyn,90
Brooklyn,52
Brooklyn,94
Brooklyn,40
Brooklyn,69
Brooklyn,100
Brooklyn,53
Brooklyn,40
Brooklyn,150
Brooklyn,180
Brooklyn,45
Brooklyn,330
Brooklyn,50
Brooklyn,49
Brooklyn,65
Brooklyn,225
Brooklyn,85
Brooklyn,149
Brooklyn,225
Brooklyn,135
Brooklyn,159
Brooklyn,200
Brooklyn,155
Brooklyn,125
Brooklyn,75
Brooklyn,70
Brooklyn,200
Brooklyn,90
Brooklyn,50
Brooklyn,124
Brooklyn,130
Brooklyn,200
Brooklyn,350
Brooklyn,65
Brooklyn,145
Brooklyn,95
Brooklyn,69
Brooklyn,135
Brooklyn,325
Brooklyn,80
Brooklyn,115
Brooklyn,195
Brooklyn,142
Brooklyn,97
Brooklyn,70
Brooklyn,68
Brooklyn,150
Brooklyn,150
Brooklyn,150
Brooklyn,160
Brooklyn,79
Brooklyn,200
Brooklyn,175
Brooklyn,76
Brooklyn,400
Brooklyn,80
Brooklyn,69
Brooklyn,100
Brooklyn,150
Brooklyn,150
Brooklyn,129
Brooklyn,55
Brooklyn,99
Brooklyn,199
Brooklyn,150
Brooklyn,100
Brooklyn,150
Brooklyn,100
Brooklyn,75
Brooklyn,95
Brooklyn,100
Brooklyn,155
Brooklyn,195
Brooklyn,300
Brooklyn,100
Brooklyn,199
Brooklyn,100
Brooklyn,295
Brooklyn,100
Brooklyn,45
Brooklyn,87
Brooklyn,120
Brooklyn,40
Brooklyn,150
Brooklyn,450
Brooklyn,149
Brooklyn,169
Brooklyn,105
Brooklyn,42
Brooklyn,160
Brooklyn,155
Brooklyn,151
Brooklyn,80
Brooklyn,5000
Brooklyn,45
Brooklyn,115
Brooklyn,65
Brooklyn,80
Brooklyn,63
Brooklyn,200
Brooklyn,185
Brooklyn,185
Brooklyn,75
Brooklyn,65
Brooklyn,180
Brooklyn,86
Brooklyn,4500
Brooklyn,8000
Brooklyn,299
Brooklyn,179
Brooklyn,74
Brooklyn,100
Brooklyn,270
Brooklyn,200
Brooklyn,60
Brooklyn,210
Brooklyn,150
Brooklyn,135
Brooklyn,70
Brooklyn,43
Brooklyn,140
Brooklyn,159
Brooklyn,135
Brooklyn,59
Brooklyn,66
Brooklyn,100
Brooklyn,50
Brooklyn,54
Brooklyn,100
Brooklyn,115
Brooklyn,350
Brooklyn,32
Brooklyn,165
Brooklyn,795
Brooklyn,200
Brooklyn,175
Brooklyn,414
Brooklyn,135
Brooklyn,155
Brooklyn,129
Brooklyn,499
Brooklyn,80
Brooklyn,95
Brooklyn,70
Brooklyn,245
Brooklyn,240
Brooklyn,149
Brooklyn,100
Brooklyn,99
Brooklyn,78
Brooklyn,75
Brooklyn,152
Brooklyn,220
Brooklyn,99
Brooklyn,199
Brooklyn,75
Brooklyn,100
Brooklyn,75
Brooklyn,93
Brooklyn,140
Brooklyn,200
Brooklyn,200
Brooklyn,200
Brooklyn,109
Brooklyn,126
Brooklyn,135
Brooklyn,83
Brooklyn,50
Brooklyn,162
Brooklyn,67
Brooklyn,149
Brooklyn,65
Brooklyn,250
Brooklyn,160
Brooklyn,64
Brooklyn,33
Brooklyn,150
Brooklyn,145
Brooklyn,40
Brooklyn,95
Brooklyn,185
Brooklyn,500
Brooklyn,105
Brooklyn,67
Brooklyn,75
Brooklyn,125
Brooklyn,350
Brooklyn,150
Brooklyn,270
Brooklyn,184
Brooklyn,275
Brooklyn,425
Brooklyn,165
Brooklyn,85
Brooklyn,170
Brooklyn,70
Brooklyn,125
Brooklyn,120
Brooklyn,225
Brooklyn,155
Brooklyn,450
Brooklyn,215
Brooklyn,60
Brooklyn,99
Brooklyn,300
Brooklyn,120
Brooklyn,54
Brooklyn,225
Brooklyn,151
Brooklyn,110
Brooklyn,99
Brooklyn,350
Brooklyn,70
Brooklyn,120
Brooklyn,100
Brooklyn,150
Brooklyn,330
Brooklyn,165
Brooklyn,120
Brooklyn,250
Brooklyn,115
Brooklyn,55
Brooklyn,55
Brooklyn,400
Brooklyn,200
Brooklyn,111
Brooklyn,175
Brooklyn,88
Brooklyn,425
Brooklyn,270
Brooklyn,180
Brooklyn,55
Brooklyn,105
Brooklyn,265
Brooklyn,149
Brooklyn,125
Brooklyn,65
Brooklyn,350
Brooklyn,115
Brooklyn,158
Brooklyn,50
Brooklyn,89
Brooklyn,300
Brooklyn,70
Brooklyn,160
Brooklyn,57
Brooklyn,90
Brooklyn,100
Brooklyn,68
Brooklyn,40
Brooklyn,145
Brooklyn,250
Brooklyn,245
Brooklyn,125
Brooklyn,60
Brooklyn,45
Brooklyn,158
Brooklyn,169
Brooklyn,139
Brooklyn,135
Brooklyn,175
Brooklyn,150
Brooklyn,100
Brooklyn,128
Brooklyn,121
Brooklyn,160
Brooklyn,99
Brooklyn,200
Brooklyn,90
Brooklyn,220
Brooklyn,100
Brooklyn,78
Brooklyn,78
Brooklyn,150
Brooklyn,69
Brooklyn,65
Brooklyn,90
Brooklyn,125
Brooklyn,78
Brooklyn,215
Brooklyn,92
Brooklyn,1000
Brooklyn,75
Brooklyn,200
Brooklyn,46
Brooklyn,150
Brooklyn,52
Brooklyn,120
Brooklyn,300
Brooklyn,110
Brooklyn,200
Brooklyn,75
Brooklyn,129
Brooklyn,150
Brooklyn,158
Brooklyn,30
Brooklyn,316
Brooklyn,175
Brooklyn,60
Brooklyn,72
Brooklyn,175
Brooklyn,85
Brooklyn,225
Brooklyn,125
Brooklyn,200
Brooklyn,250
Brooklyn,285
Brooklyn,150
Brooklyn,70
Brooklyn,220
Brooklyn,90
Brooklyn,120
Brooklyn,240
Brooklyn,115
Brooklyn,78
Brooklyn,125
Brooklyn,55
Brooklyn,47
Brooklyn,250
Brooklyn,85
Brooklyn,170
Brooklyn,150
Brooklyn,240
Brooklyn,500
Brooklyn,129
Brooklyn,240
Brooklyn,100
Brooklyn,140
Brooklyn,110
Brooklyn,175
Brooklyn,50
Brooklyn,60
Brooklyn,75
Brooklyn,190
Brooklyn,495
Brooklyn,98
Brooklyn,150
Brooklyn,250
Brooklyn,200
Brooklyn,100
Brooklyn,200
Brooklyn,375
Brooklyn,149
Brooklyn,142
Brooklyn,50
Brooklyn,160
Brooklyn,127
Brooklyn,110
Brooklyn,175
Brooklyn,144
Brooklyn,109
Brooklyn,75
Brooklyn,195
Brooklyn,318
Brooklyn,140
Brooklyn,77
Brooklyn,550
Brooklyn,155
Brooklyn,119
Brooklyn,85
Brooklyn,135
Brooklyn,90
Brooklyn,150
Brooklyn,38
Brooklyn,210
Brooklyn,250
Brooklyn,65
Brooklyn,151
Brooklyn,79
Brooklyn,125
Brooklyn,59
Brooklyn,399
Brooklyn,96
Brooklyn,85
Brooklyn,500
Brooklyn,150
Brooklyn,56
Brooklyn,60
Brooklyn,85
Brooklyn,54
Brooklyn,113
Brooklyn,200
Brooklyn,110
Brooklyn,500
Brooklyn,200
Brooklyn,140
Brooklyn,45
Brooklyn,35
Brooklyn,80
Brooklyn,150
Brooklyn,150
Brooklyn,99
Brooklyn,230
Brooklyn,45
Brooklyn,100
Brooklyn,120
Brooklyn,99
Brooklyn,122
Brooklyn,150
Brooklyn,38
Brooklyn,50
Brooklyn,90
Brooklyn,129
Brooklyn,275
Brooklyn,130
Brooklyn,180
Brooklyn,97
Brooklyn,90
Brooklyn,70
Brooklyn,91
Brooklyn,45
Brooklyn,150
Brooklyn,80
Brooklyn,80
Brooklyn,100
Brooklyn,80
Brooklyn,69
Brooklyn,94
Brooklyn,192
Brooklyn,69
Brooklyn,50
Brooklyn,85
Brooklyn,34
Brooklyn,120
Brooklyn,170
Brooklyn,140
Brooklyn,150
Brooklyn,159
Brooklyn,65
Brooklyn,100
Brooklyn,175
Brooklyn,175
Brooklyn,260
Brooklyn,80
Brooklyn,69
Brooklyn,100
Brooklyn,95
Brooklyn,49
Brooklyn,65
Brooklyn,81
Brooklyn,125
Brooklyn,65
Brooklyn,49
Brooklyn,216
Brooklyn,200
Brooklyn,119
Brooklyn,110
Brooklyn,170
Brooklyn,172
Brooklyn,50
Brooklyn,77
Brooklyn,125
Brooklyn,55
Brooklyn,99
Brooklyn,545
Brooklyn,250
Brooklyn,150
Brooklyn,55
Brooklyn,100
Brooklyn,100
Brooklyn,95
Brooklyn,65
Brooklyn,400
Brooklyn,95
Brooklyn,395
Brooklyn,100
Brooklyn,200
Brooklyn,165
Brooklyn,145
Brooklyn,75
Brooklyn,65
Brooklyn,65
Brooklyn,175
Brooklyn,99
Brooklyn,175
Brooklyn,99
Brooklyn,199
Brooklyn,199
Brooklyn,100
Brooklyn,85
Brooklyn,70
Brooklyn,100
Brooklyn,160
Brooklyn,162
Brooklyn,45
Brooklyn,129
Brooklyn,55
Brooklyn,68
Brooklyn,120
Brooklyn,55
Brooklyn,50
Brooklyn,50
Brooklyn,150
Brooklyn,140
Brooklyn,48
Brooklyn,90
Brooklyn,117
Brooklyn,150
Brooklyn,150
Brooklyn,115
Brooklyn,70
Brooklyn,85
Brooklyn,180
Brooklyn,117
Brooklyn,320
Brooklyn,110
Brooklyn,134
Brooklyn,45
Brooklyn,149
Brooklyn,200
Brooklyn,165
Brooklyn,120
Brooklyn,40
Brooklyn,130
Brooklyn,90
Brooklyn,120
Brooklyn,124
Brooklyn,158
Brooklyn,115
Brooklyn,150
Brooklyn,185
Brooklyn,110
Brooklyn,275
Brooklyn,105
Brooklyn,175
Brooklyn,90
Brooklyn,125
Brooklyn,135
Brooklyn,85
Brooklyn,89
Brooklyn,150
Brooklyn,75
Brooklyn,75
Brooklyn,33
Brooklyn,75
Brooklyn,165
Brooklyn,130
Brooklyn,40
Brooklyn,76
Brooklyn,50
Brooklyn,45
Brooklyn,80
Brooklyn,65
Brooklyn,90
Brooklyn,45
Brooklyn,72
Brooklyn,57
Brooklyn,80
Brooklyn,450
Brooklyn,225
Brooklyn,90
Brooklyn,101
Brooklyn,246
Brooklyn,120
Brooklyn,150
Brooklyn,119
Brooklyn,189
Brooklyn,90
Brooklyn,35
Brooklyn,139
Brooklyn,100
Brooklyn,115
Brooklyn,135
Brooklyn,150
Brooklyn,75
Brooklyn,135
Brooklyn,72
Brooklyn,60
Brooklyn,97
Brooklyn,50
Brooklyn,151
Brooklyn,75
Brooklyn,150
Brooklyn,145
Brooklyn,50
Brooklyn,104
Brooklyn,100
Brooklyn,200
Brooklyn,45
Brooklyn,50
Brooklyn,42
Brooklyn,116
Brooklyn,125
Brooklyn,55
Brooklyn,165
Brooklyn,95
Brooklyn,90
Brooklyn,40
Brooklyn,75
Brooklyn,68
Brooklyn,75
Brooklyn,65
Brooklyn,75
Brooklyn,50
Brooklyn,95
Brooklyn,150
Brooklyn,75
Brooklyn,81
Brooklyn,190
Brooklyn,75
Brooklyn,59
Brooklyn,270
Brooklyn,1000
Brooklyn,120
Brooklyn,125
Brooklyn,75
Brooklyn,103
Brooklyn,175
Brooklyn,96
Brooklyn,129
Brooklyn,150
Brooklyn,95
Brooklyn,70
Brooklyn,200
Brooklyn,138
Brooklyn,115
Brooklyn,125
Brooklyn,199
Brooklyn,210
Brooklyn,150
Brooklyn,60
Brooklyn,200
Brooklyn,160
Brooklyn,140
Brooklyn,65
Brooklyn,60
Brooklyn,130
Brooklyn,103
Brooklyn,89
Brooklyn,115
Brooklyn,93
Brooklyn,119
Brooklyn,155
Brooklyn,50
Brooklyn,157
Brooklyn,145
Brooklyn,185
Brooklyn,100
Brooklyn,60
Brooklyn,125
Brooklyn,120
Brooklyn,150
Brooklyn,125
Brooklyn,60
Brooklyn,100
Brooklyn,140
Brooklyn,80
Brooklyn,90
Brooklyn,185
Brooklyn,169
Brooklyn,38
Brooklyn,90
Brooklyn,149
Brooklyn,200
Brooklyn,65
Brooklyn,174
Brooklyn,89
Brooklyn,150
Brooklyn,75
Brooklyn,103
Brooklyn,40
Brooklyn,100
Brooklyn,39
Brooklyn,130
Brooklyn,200
Brooklyn,65
Brooklyn,115
Brooklyn,75
Brooklyn,250
Brooklyn,100
Brooklyn,132
Brooklyn,225
Brooklyn,175
Brooklyn,215
Brooklyn,300
Brooklyn,36
Brooklyn,299
Brooklyn,110
Brooklyn,160
Brooklyn,152
Brooklyn,145
Brooklyn,120
Brooklyn,84
Brooklyn,150
Brooklyn,25
Brooklyn,155
Brooklyn,75
Brooklyn,52
Brooklyn,125
Brooklyn,58
Brooklyn,100
Brooklyn,300
Brooklyn,40
Brooklyn,85
Brooklyn,158
Brooklyn,65
Brooklyn,64
Brooklyn,395
Brooklyn,65
Brooklyn,38
Brooklyn,150
Brooklyn,125
Brooklyn,180
Brooklyn,50
Brooklyn,109
Brooklyn,67
Brooklyn,57
Brooklyn,77
Brooklyn,80
Brooklyn,85
Brooklyn,86
Brooklyn,120
Brooklyn,140
Brooklyn,300
Brooklyn,37
Brooklyn,60
Brooklyn,180
Brooklyn,125
Brooklyn,100
Brooklyn,140
Brooklyn,125
Brooklyn,90
Brooklyn,50
Brooklyn,71
Brooklyn,225
Brooklyn,35
Brooklyn,75
Brooklyn,170
Brooklyn,150
Brooklyn,30
Brooklyn,40
Brooklyn,85
Brooklyn,99
Brooklyn,60
Brooklyn,115
Brooklyn,65
Brooklyn,65
Brooklyn,150
Brooklyn,55
Brooklyn,70
Brooklyn,95
Brooklyn,35
Brooklyn,77
Brooklyn,380
Brooklyn,65
Brooklyn,199
Brooklyn,150
Brooklyn,70
Brooklyn,120
Brooklyn,85
Brooklyn,116
Brooklyn,72
Brooklyn,95
Brooklyn,100
Brooklyn,72
Brooklyn,75
Brooklyn,50
Brooklyn,135
Brooklyn,129
Brooklyn,75
Brooklyn,119
Brooklyn,120
Brooklyn,73
Brooklyn,500
Brooklyn,275
Brooklyn,115
Brooklyn,100
Brooklyn,150
Brooklyn,200
Brooklyn,199
Brooklyn,59
Brooklyn,95
Brooklyn,195
Brooklyn,73
Brooklyn,90
Brooklyn,99
Brooklyn,150
Brooklyn,35
Brooklyn,1050
Brooklyn,175
Brooklyn,49
Brooklyn,150
Brooklyn,150
Brooklyn,80
Brooklyn,80
Brooklyn,70
Brooklyn,75
Brooklyn,80
Brooklyn,140
Brooklyn,99
Brooklyn,90
Brooklyn,178
Brooklyn,210
Brooklyn,106
Brooklyn,165
Brooklyn,75
Brooklyn,30
Brooklyn,145
Brooklyn,69
Brooklyn,100
Brooklyn,70
Brooklyn,195
Brooklyn,110
Brooklyn,80
Brooklyn,80
Brooklyn,60
Brooklyn,53
Brooklyn,125
Brooklyn,100
Brooklyn,99
Brooklyn,130
Brooklyn,56
Brooklyn,240
Brooklyn,129
Brooklyn,45
Brooklyn,210
Brooklyn,189
Brooklyn,60
Brooklyn,139
Brooklyn,94
Brooklyn,160
Brooklyn,160
Brooklyn,285
Brooklyn,75
Brooklyn,120
Brooklyn,150
Brooklyn,102
Brooklyn,85
Brooklyn,142
Brooklyn,200
Brooklyn,199
Brooklyn,100
Brooklyn,123
Brooklyn,175
Brooklyn,39
Brooklyn,69
Brooklyn,137
Brooklyn,77
Brooklyn,110
Brooklyn,90
Brooklyn,50
Brooklyn,985
Brooklyn,285
Brooklyn,140
Brooklyn,220
Brooklyn,88
Brooklyn,170
Brooklyn,110
Brooklyn,55
Brooklyn,150
Brooklyn,180
Brooklyn,110
Brooklyn,60
Brooklyn,170
Brooklyn,100
Brooklyn,60
Brooklyn,83
Brooklyn,45
Brooklyn,135
Brooklyn,160
Brooklyn,115
Brooklyn,100
Brooklyn,39
Brooklyn,85
Brooklyn,50
Brooklyn,229
Brooklyn,120
Brooklyn,45
Brooklyn,75
Brooklyn,90
Brooklyn,100
Brooklyn,245
Brooklyn,125
Brooklyn,55
Brooklyn,150
Brooklyn,130
Brooklyn,49
Brooklyn,160
Brooklyn,239
Brooklyn,150
Brooklyn,55
Brooklyn,380
Brooklyn,120
Brooklyn,200
Brooklyn,188
Brooklyn,103
Brooklyn,60
Brooklyn,150
Brooklyn,129
Brooklyn,64
Brooklyn,100
Brooklyn,84
Brooklyn,125
Brooklyn,50
Brooklyn,200
Brooklyn,100
Brooklyn,250
Brooklyn,110
Brooklyn,60
Brooklyn,180
Brooklyn,250
Brooklyn,79
Brooklyn,80
Brooklyn,135
Brooklyn,125
Brooklyn,135
Brooklyn,120
Brooklyn,160
Brooklyn,225
Brooklyn,139
Brooklyn,100
Brooklyn,70
Brooklyn,125
Brooklyn,139
Brooklyn,120
Brooklyn,100
Brooklyn,50
Brooklyn,80
Brooklyn,227
Brooklyn,115
Brooklyn,163
Brooklyn,75
Brooklyn,110
Brooklyn,80
Brooklyn,68
Brooklyn,72
Brooklyn,100
Brooklyn,90
Brooklyn,53
Brooklyn,200
Brooklyn,75
Brooklyn,165
Brooklyn,45
Brooklyn,125
Brooklyn,90
Brooklyn,125
Brooklyn,39
Brooklyn,189
Brooklyn,167
Brooklyn,50
Brooklyn,109
Brooklyn,45
Brooklyn,120
Brooklyn,55
Brooklyn,200
Brooklyn,75
Brooklyn,85
Brooklyn,58
Brooklyn,90
Brooklyn,120
Brooklyn,115
Brooklyn,80
Brooklyn,80
Brooklyn,245
Brooklyn,245
Brooklyn,39
Brooklyn,150
Brooklyn,75
Brooklyn,99
Brooklyn,50
Brooklyn,250
Brooklyn,140
Brooklyn,150
Brooklyn,75
Brooklyn,150
Brooklyn,220
Brooklyn,80
Brooklyn,50
Brooklyn,450
Brooklyn,100
Brooklyn,110
Brooklyn,95
Brooklyn,69
Brooklyn,250
Brooklyn,175
Brooklyn,149
Brooklyn,85
Brooklyn,75
Brooklyn,100
Brooklyn,150
Brooklyn,55
Brooklyn,70
Brooklyn,172
Brooklyn,180
Brooklyn,38
Brooklyn,95
Brooklyn,85
Brooklyn,126
Brooklyn,225
Brooklyn,85
Brooklyn,500
Brooklyn,72
Brooklyn,41
Brooklyn,180
Brooklyn,122
Brooklyn,95
Brooklyn,130
Brooklyn,95
Brooklyn,55
Brooklyn,115
Brooklyn,99
Brooklyn,150
Brooklyn,44
Brooklyn,55
Brooklyn,100
Brooklyn,120
Brooklyn,130
Brooklyn,175
Brooklyn,69
Brooklyn,40
Brooklyn,135
Brooklyn,85
Brooklyn,125
Brooklyn,160
Brooklyn,115
Brooklyn,198
Brooklyn,140
Brooklyn,70
Brooklyn,140
Brooklyn,195
Brooklyn,130
Brooklyn,170
Brooklyn,37
Brooklyn,65
Brooklyn,140
Brooklyn,120
Brooklyn,80
Brooklyn,70
Brooklyn,140
Brooklyn,46
Brooklyn,250
Brooklyn,75
Brooklyn,550
Brooklyn,35
Brooklyn,90
Brooklyn,180
Brooklyn,145
Brooklyn,100
Brooklyn,119
Brooklyn,70
Brooklyn,48
Brooklyn,35
Brooklyn,50
Brooklyn,190
Brooklyn,120
Brooklyn,55
Brooklyn,112
Brooklyn,70
Brooklyn,90
Brooklyn,70
Brooklyn,52
Brooklyn,132
Brooklyn,90
Brooklyn,525
Brooklyn,65
Brooklyn,50
Brooklyn,40
Brooklyn,75
Brooklyn,82
Brooklyn,100
Brooklyn,65
Brooklyn,250
Brooklyn,37
Brooklyn,80
Brooklyn,33
Brooklyn,69
Brooklyn,200
Brooklyn,109
Brooklyn,200
Brooklyn,44
Brooklyn,77
Brooklyn,85
Brooklyn,175
Brooklyn,93
Brooklyn,75
Brooklyn,118
Brooklyn,150
Brooklyn,100
Brooklyn,100
Brooklyn,110
Brooklyn,50
Brooklyn,150
Brooklyn,125
Brooklyn,55
Brooklyn,89
Brooklyn,298
Brooklyn,70
Brooklyn,31
Brooklyn,73
Brooklyn,63
Brooklyn,95
Brooklyn,127
Brooklyn,85
Brooklyn,195
Brooklyn,60
Brooklyn,58
Brooklyn,91
Brooklyn,65
Brooklyn,70
Brooklyn,150
Brooklyn,45
Brooklyn,62
Brooklyn,129
Brooklyn,90
Brooklyn,130
Brooklyn,100
Brooklyn,75
Brooklyn,90
Brooklyn,110
Brooklyn,65
Brooklyn,60
Brooklyn,81
Brooklyn,100
Brooklyn,75
Brooklyn,85
Brooklyn,175
Brooklyn,30
Brooklyn,165
Brooklyn,100
Brooklyn,148
Brooklyn,150
Brooklyn,50
Brooklyn,42
Brooklyn,100
Brooklyn,80
Brooklyn,75
Brooklyn,149
Brooklyn,149
Brooklyn,145
Brooklyn,100
Brooklyn,600
Brooklyn,50
Brooklyn,195
Brooklyn,130
Brooklyn,95
Brooklyn,50
Brooklyn,80
Brooklyn,320
Brooklyn,37
Brooklyn,90
Brooklyn,79
Brooklyn,54
Brooklyn,254
Brooklyn,85
Brooklyn,45
Brooklyn,275
Brooklyn,38
Brooklyn,100
Brooklyn,103
Brooklyn,90
Brooklyn,2000
Brooklyn,50
Brooklyn,175
Brooklyn,95
Brooklyn,100
Brooklyn,150
Brooklyn,50
Brooklyn,70
Brooklyn,130
Brooklyn,80
Brooklyn,99
Brooklyn,99
Brooklyn,73
Brooklyn,100
Brooklyn,85
Brooklyn,249
Brooklyn,40
Brooklyn,139
Brooklyn,49
Brooklyn,55
Brooklyn,110
Brooklyn,60
Brooklyn,65
Brooklyn,175
Brooklyn,130
Brooklyn,240
Brooklyn,130
Brooklyn,50
Brooklyn,88
Brooklyn,65
Brooklyn,105
Brooklyn,120
Brooklyn,70
Brooklyn,75
Brooklyn,275
Brooklyn,60
Brooklyn,125
Brooklyn,65
Brooklyn,159
Brooklyn,150
Brooklyn,295
Brooklyn,188
Brooklyn,72
Brooklyn,80
Brooklyn,70
Brooklyn,150
Brooklyn,70
Brooklyn,42
Brooklyn,70
Brooklyn,60
Brooklyn,100
Brooklyn,225
Brooklyn,125
Brooklyn,250
Brooklyn,69
Brooklyn,145
Brooklyn,100
Brooklyn,190
Brooklyn,59
Brooklyn,65
Brooklyn,85
Brooklyn,262
Brooklyn,55
Brooklyn,200
Brooklyn,300
Brooklyn,75
Brooklyn,85
Brooklyn,70
Brooklyn,210
Brooklyn,46
Brooklyn,75
Brooklyn,126
Brooklyn,88
Brooklyn,175
Brooklyn,500
Brooklyn,200
Brooklyn,55
Brooklyn,65
Brooklyn,100
Brooklyn,60
Brooklyn,50
Brooklyn,68
Brooklyn,100
Brooklyn,118
Brooklyn,52
Brooklyn,65
Brooklyn,125
Brooklyn,50
Brooklyn,190
Brooklyn,75
Brooklyn,62
Brooklyn,120
Brooklyn,145
Brooklyn,40
Brooklyn,95
Brooklyn,62
Brooklyn,100
Brooklyn,45
Brooklyn,45
Brooklyn,95
Brooklyn,79
Brooklyn,120
Brooklyn,85
Brooklyn,230
Brooklyn,100
Brooklyn,70
Brooklyn,49
Brooklyn,240
Brooklyn,380
Brooklyn,75
Brooklyn,60
Brooklyn,85
Brooklyn,148
Brooklyn,100
Brooklyn,125
Brooklyn,80
Brooklyn,125
Brooklyn,288
Brooklyn,167
Brooklyn,100
Brooklyn,100
Brooklyn,60
Brooklyn,225
Brooklyn,70
Brooklyn,174
Brooklyn,50
Brooklyn,180
Brooklyn,60
Brooklyn,200
Brooklyn,300
Brooklyn,85
Brooklyn,150
Brooklyn,60
Brooklyn,65
Brooklyn,90
Brooklyn,96
Brooklyn,90
Brooklyn,60
Brooklyn,70
Brooklyn,83
Brooklyn,70
Brooklyn,50
Brooklyn,50
Brooklyn,220
Brooklyn,50
Brooklyn,150
Brooklyn,415
Brooklyn,50
Brooklyn,50
Brooklyn,140
Brooklyn,79
Brooklyn,100
Brooklyn,160
Brooklyn,45
Brooklyn,225
Brooklyn,90
Brooklyn,60
Brooklyn,80
Brooklyn,90
Brooklyn,115
Brooklyn,195
Brooklyn,995
Brooklyn,63
Brooklyn,1763
Brooklyn,33
Brooklyn,55
Brooklyn,150
Brooklyn,80
Brooklyn,40
Brooklyn,65
Brooklyn,125
Brooklyn,195
Brooklyn,350
Brooklyn,65
Brooklyn,40
Brooklyn,70
Brooklyn,200
Brooklyn,150
Brooklyn,60
Brooklyn,70
Brooklyn,30
Brooklyn,100
Brooklyn,70
Brooklyn,72
Brooklyn,75
Brooklyn,45
Brooklyn,60
Brooklyn,139
Brooklyn,45
Brooklyn,85
Brooklyn,95
Brooklyn,150
Brooklyn,96
Brooklyn,130
Brooklyn,116
Brooklyn,126
Brooklyn,174
Brooklyn,100
Brooklyn,308
Brooklyn,40
Brooklyn,95
Brooklyn,135
Brooklyn,45
Brooklyn,97
Brooklyn,180
Brooklyn,320
Brooklyn,60
Brooklyn,60
Brooklyn,144
Brooklyn,40
Brooklyn,115
Brooklyn,100
Brooklyn,120
Brooklyn,110
Brooklyn,190
Brooklyn,139
Brooklyn,45
Brooklyn,120
Brooklyn,50
Brooklyn,100
Brooklyn,75
Brooklyn,129
Brooklyn,55
Brooklyn,90
Brooklyn,50
Brooklyn,70
Brooklyn,150
Brooklyn,68
Brooklyn,190
Brooklyn,160
Brooklyn,145
Brooklyn,49
Brooklyn,159
Brooklyn,75
Brooklyn,52
Brooklyn,90
Brooklyn,175
Brooklyn,249
Brooklyn,65
Brooklyn,495
Brooklyn,120
Brooklyn,189
Brooklyn,58
Brooklyn,59
Brooklyn,51
Brooklyn,52
Brooklyn,49
Brooklyn,45
Brooklyn,600
Brooklyn,300
Brooklyn,50
Brooklyn,55
Brooklyn,27
Brooklyn,80
Brooklyn,95
Brooklyn,50
Brooklyn,65
Brooklyn,200
Brooklyn,73
Brooklyn,70
Brooklyn,125
Brooklyn,195
Brooklyn,75
Brooklyn,99
Brooklyn,100
Brooklyn,100
Brooklyn,85
Brooklyn,44
Brooklyn,150
Brooklyn,125
Brooklyn,155
Brooklyn,80
Brooklyn,167
Brooklyn,115
Brooklyn,94
Brooklyn,90
Brooklyn,180
Brooklyn,300
Brooklyn,47
Brooklyn,120
Brooklyn,169
Brooklyn,130
Brooklyn,110
Brooklyn,122
Brooklyn,150
Brooklyn,129
Brooklyn,150
Brooklyn,295
Brooklyn,70
Brooklyn,100
Brooklyn,60
Brooklyn,58
Brooklyn,142
Brooklyn,120
Brooklyn,75
Brooklyn,193
Brooklyn,700
Brooklyn,200
Brooklyn,160
Brooklyn,45
Brooklyn,75
Brooklyn,170
Brooklyn,119
Brooklyn,500
Brooklyn,85
Brooklyn,135
Brooklyn,159
Brooklyn,70
Brooklyn,168
Brooklyn,75
Brooklyn,38
Brooklyn,48
Brooklyn,145
Brooklyn,95
Brooklyn,45
Brooklyn,50
Brooklyn,165
Brooklyn,184
Brooklyn,99
Brooklyn,85
Brooklyn,69
Brooklyn,52
Brooklyn,250
Brooklyn,120
Brooklyn,99
Brooklyn,75
Brooklyn,45
Brooklyn,45
Brooklyn,59
Brooklyn,84
Brooklyn,90
Brooklyn,125
Brooklyn,100
Brooklyn,190
Brooklyn,298
Brooklyn,110
Brooklyn,75
Brooklyn,115
Brooklyn,110
Brooklyn,60
Brooklyn,450
Brooklyn,120
Brooklyn,99
Brooklyn,65
Brooklyn,125
Brooklyn,85
Brooklyn,2000
Brooklyn,149
Brooklyn,53
Brooklyn,45
Brooklyn,2000
Brooklyn,60
Brooklyn,190
Brooklyn,130
Brooklyn,45
Brooklyn,125
Brooklyn,100
Brooklyn,75
Brooklyn,250
Brooklyn,160
Brooklyn,220
Brooklyn,135
Brooklyn,99
Brooklyn,110
Brooklyn,160
Brooklyn,180
Brooklyn,80
Brooklyn,135
Brooklyn,48
Brooklyn,81
Brooklyn,129
Brooklyn,100
Brooklyn,35
Brooklyn,128
Brooklyn,101
Brooklyn,475
Brooklyn,45
Brooklyn,235
Brooklyn,99
Brooklyn,125
Brooklyn,170
Brooklyn,150
Brooklyn,45
Brooklyn,188
Brooklyn,50
Brooklyn,100
Brooklyn,65
Brooklyn,50
Brooklyn,130
Brooklyn,60
Brooklyn,180
Brooklyn,150
Brooklyn,118
Brooklyn,135
Brooklyn,70
Brooklyn,125
Brooklyn,100
Brooklyn,40
Brooklyn,155
Brooklyn,165
Brooklyn,149
Brooklyn,125
Brooklyn,181
Brooklyn,90
Brooklyn,70
Brooklyn,98
Brooklyn,150
Brooklyn,65
Brooklyn,129
Brooklyn,65
Brooklyn,180
Brooklyn,40
Brooklyn,135
Brooklyn,200
Brooklyn,65
Brooklyn,140
Brooklyn,80
Brooklyn,129
Brooklyn,80
Brooklyn,190
Brooklyn,85
Brooklyn,99
Brooklyn,225
Brooklyn,55
Brooklyn,195
Brooklyn,80
Brooklyn,30
Brooklyn,140
Brooklyn,48
Brooklyn,50
Brooklyn,70
Brooklyn,200
Brooklyn,148
Brooklyn,80
Brooklyn,114
Brooklyn,45
Brooklyn,85
Brooklyn,65
Brooklyn,65
Brooklyn,120
Brooklyn,255
Brooklyn,90
Brooklyn,90
Brooklyn,90
Brooklyn,210
Brooklyn,200
Brooklyn,450
Brooklyn,40
Brooklyn,149
Brooklyn,260
Brooklyn,400
Brooklyn,90
Brooklyn,115
Brooklyn,20
Brooklyn,49
Brooklyn,69
Brooklyn,69
Brooklyn,249
Brooklyn,89
Brooklyn,159
Brooklyn,95
Brooklyn,60
Brooklyn,275
Brooklyn,62
Brooklyn,89
Brooklyn,172
Brooklyn,50
Brooklyn,185
Brooklyn,89
Brooklyn,60
Brooklyn,85
Brooklyn,165
Brooklyn,75
Brooklyn,60
Brooklyn,95
Brooklyn,95
Brooklyn,95
Brooklyn,95
Brooklyn,95
Brooklyn,110
Brooklyn,234
Brooklyn,105
Brooklyn,175
Brooklyn,83
Brooklyn,105
Brooklyn,125
Brooklyn,150
Brooklyn,69
Brooklyn,190
Brooklyn,76
Brooklyn,45
Brooklyn,259
Brooklyn,275
Brooklyn,70
Brooklyn,259
Brooklyn,95
Brooklyn,132
Brooklyn,246
Brooklyn,75
Brooklyn,180
Brooklyn,175
Brooklyn,60
Brooklyn,175
Brooklyn,49
Brooklyn,65
Brooklyn,57
Brooklyn,79
Brooklyn,218
Brooklyn,350
Brooklyn,100
Brooklyn,150
Brooklyn,50
Brooklyn,220
Brooklyn,100
Brooklyn,175
Brooklyn,160
Brooklyn,105
Brooklyn,245
Brooklyn,139
Brooklyn,70
Brooklyn,109
Brooklyn,31
Brooklyn,35
Brooklyn,65
Brooklyn,100
Brooklyn,65
Brooklyn,38
Brooklyn,110
Brooklyn,100
Brooklyn,225
Brooklyn,170
Brooklyn,60
Brooklyn,100
Brooklyn,40
Brooklyn,159
Brooklyn,75
Brooklyn,109
Brooklyn,480
Brooklyn,220
Brooklyn,55
Brooklyn,108
Brooklyn,128
Brooklyn,179
Brooklyn,80
Brooklyn,149
Brooklyn,198
Brooklyn,120
Brooklyn,80
Brooklyn,85
Brooklyn,99
Brooklyn,96
Brooklyn,58
Brooklyn,89
Brooklyn,68
Brooklyn,60
Brooklyn,75
Brooklyn,118
Brooklyn,76
Brooklyn,245
Brooklyn,350
Brooklyn,110
Brooklyn,120
Brooklyn,50
Brooklyn,55
Brooklyn,38
Brooklyn,52
Brooklyn,49
Brooklyn,125
Brooklyn,110
Brooklyn,44
Brooklyn,97
Brooklyn,45
Brooklyn,157
Brooklyn,80
Brooklyn,129
Brooklyn,275
Brooklyn,123
Brooklyn,750
Brooklyn,45
Brooklyn,345
Brooklyn,90
Brooklyn,100
Brooklyn,32
Brooklyn,45
Brooklyn,58
Brooklyn,125
Brooklyn,100
Brooklyn,195
Brooklyn,90
Brooklyn,100
Brooklyn,225
Brooklyn,163
Brooklyn,85
Brooklyn,38
Brooklyn,90
Brooklyn,100
Brooklyn,200
Brooklyn,50
Brooklyn,750
Brooklyn,80
Brooklyn,62
Brooklyn,105
Brooklyn,350
Brooklyn,65
Brooklyn,150
Brooklyn,71
Brooklyn,45
Brooklyn,109
Brooklyn,95
Brooklyn,65
Brooklyn,60
Brooklyn,129
Brooklyn,85
Brooklyn,125
Brooklyn,130
Brooklyn,70
Brooklyn,184
Brooklyn,180
Brooklyn,100
Brooklyn,150
Brooklyn,35
Brooklyn,30
Brooklyn,30
Brooklyn,190
Brooklyn,55
Brooklyn,199
Brooklyn,150
Brooklyn,115
Brooklyn,165
Brooklyn,49
Brooklyn,100
Brooklyn,94
Brooklyn,60
Brooklyn,119
Brooklyn,100
Brooklyn,75
Brooklyn,85
Brooklyn,150
Brooklyn,150
Brooklyn,380
Brooklyn,75
Brooklyn,225
Brooklyn,55
Brooklyn,45
Brooklyn,145
Brooklyn,100
Brooklyn,62
Brooklyn,83
Brooklyn,120
Brooklyn,65
Brooklyn,140
Brooklyn,80
Brooklyn,75
Brooklyn,110
Brooklyn,85
Brooklyn,100
Brooklyn,65
Brooklyn,80
Brooklyn,46
Brooklyn,55
Brooklyn,100
Brooklyn,165
Brooklyn,60
Brooklyn,60
Brooklyn,140
Brooklyn,300
Brooklyn,249
Brooklyn,175
Brooklyn,35
Brooklyn,55
Brooklyn,135
Brooklyn,65
Brooklyn,129
Brooklyn,280
Brooklyn,132
Brooklyn,70
Brooklyn,52
Brooklyn,148
Brooklyn,35
Brooklyn,109
Brooklyn,60
Brooklyn,445
Brooklyn,35
Brooklyn,90
Brooklyn,95
Brooklyn,120
Brooklyn,104
Brooklyn,150
Brooklyn,75
Brooklyn,125
Brooklyn,84
Brooklyn,55
Brooklyn,62
Brooklyn,100
Brooklyn,40
Brooklyn,350
Brooklyn,75
Brooklyn,100
Brooklyn,65
Brooklyn,185
Brooklyn,152
Brooklyn,100
Brooklyn,145
Brooklyn,37
Brooklyn,50
Brooklyn,50
Brooklyn,65
Brooklyn,60
Brooklyn,129
Brooklyn,276
Brooklyn,145
Brooklyn,53
Brooklyn,42
Brooklyn,130
Brooklyn,75
Brooklyn,45
Brooklyn,52
Brooklyn,350
Brooklyn,39
Brooklyn,125
Brooklyn,375
Brooklyn,45
Brooklyn,75
Brooklyn,95
Brooklyn,45
Brooklyn,80
Brooklyn,65
Brooklyn,201
Brooklyn,55
Brooklyn,120
Brooklyn,59
Brooklyn,44
Brooklyn,79
Brooklyn,56
Brooklyn,119
Brooklyn,55
Brooklyn,85
Brooklyn,100
Brooklyn,110
Brooklyn,99
Brooklyn,70
Brooklyn,150
Brooklyn,150
Brooklyn,86
Brooklyn,200
Brooklyn,400
Brooklyn,160
Brooklyn,145
Brooklyn,100
Brooklyn,75
Brooklyn,75
Brooklyn,125
Brooklyn,85
Brooklyn,150
Brooklyn,250
Brooklyn,100
Brooklyn,120
Brooklyn,37
Brooklyn,70
Brooklyn,88
Brooklyn,320
Brooklyn,55
Brooklyn,115
Brooklyn,74
Brooklyn,100
Brooklyn,70
Brooklyn,110
Brooklyn,395
Brooklyn,215
Brooklyn,150
Brooklyn,60
Brooklyn,55
Brooklyn,200
Brooklyn,90
Brooklyn,85
Brooklyn,350
Brooklyn,38
Brooklyn,158
Brooklyn,110
Brooklyn,150
Brooklyn,300
Brooklyn,105
Brooklyn,105
Brooklyn,150
Brooklyn,159
Brooklyn,100
Brooklyn,145
Brooklyn,160
Brooklyn,175
Brooklyn,65
Brooklyn,395
Brooklyn,40
Brooklyn,133
Brooklyn,85
Brooklyn,50
Brooklyn,140
Brooklyn,106
Brooklyn,59
Brooklyn,99
Brooklyn,80
Brooklyn,75
Brooklyn,80
Brooklyn,78
Brooklyn,149
Brooklyn,80
Brooklyn,115
Brooklyn,175
Brooklyn,150
Brooklyn,64
Brooklyn,215
Brooklyn,145
Brooklyn,175
Brooklyn,95
Brooklyn,60
Brooklyn,70
Brooklyn,150
Brooklyn,48
Brooklyn,42
Brooklyn,150
Brooklyn,145
Brooklyn,90
Brooklyn,53
Brooklyn,49
Brooklyn,78
Brooklyn,85
Brooklyn,199
Brooklyn,145
Brooklyn,60
Brooklyn,350
Brooklyn,175
Brooklyn,275
Brooklyn,45
Brooklyn,110
Brooklyn,165
Brooklyn,80
Brooklyn,145
Brooklyn,45
Brooklyn,30
Brooklyn,49
Brooklyn,225
Brooklyn,70
Brooklyn,120
Brooklyn,130
Brooklyn,95
Brooklyn,300
Brooklyn,375
Brooklyn,75
Brooklyn,60
Brooklyn,158
Brooklyn,110
Brooklyn,189
Brooklyn,98
Brooklyn,100
Brooklyn,85
Brooklyn,250
Brooklyn,100
Brooklyn,90
Brooklyn,150
Brooklyn,80
Brooklyn,90
Brooklyn,91
Brooklyn,150
Brooklyn,90
Brooklyn,95
Brooklyn,295
Brooklyn,80
Brooklyn,175
Brooklyn,50
Brooklyn,52
Brooklyn,173
Brooklyn,169
Brooklyn,27
Brooklyn,145
Brooklyn,205
Brooklyn,88
Brooklyn,179
Brooklyn,200
Brooklyn,165
Brooklyn,89
Brooklyn,95
Brooklyn,99
Brooklyn,70
Brooklyn,99
Brooklyn,177
Brooklyn,100
Brooklyn,250
Brooklyn,175
Brooklyn,125
Brooklyn,179
Brooklyn,68
Brooklyn,69
Brooklyn,50
Brooklyn,175
Brooklyn,100
Brooklyn,150
Brooklyn,600
Brooklyn,125
Brooklyn,95
Brooklyn,190
Brooklyn,199
Brooklyn,49
Brooklyn,220
Brooklyn,52
Brooklyn,180
Brooklyn,440
Brooklyn,200
Brooklyn,175
Brooklyn,75
Brooklyn,150
Brooklyn,110
Brooklyn,103
Brooklyn,160
Brooklyn,55
Brooklyn,100
Brooklyn,275
Brooklyn,80
Brooklyn,250
Brooklyn,65
Brooklyn,50
Brooklyn,45
Brooklyn,48
Brooklyn,43
Brooklyn,47
Brooklyn,75
Brooklyn,50
Brooklyn,100
Brooklyn,60
Brooklyn,80
Brooklyn,115
Brooklyn,25
Brooklyn,280
Brooklyn,98
Brooklyn,70
Brooklyn,55
Brooklyn,150
Brooklyn,60
Brooklyn,25
Brooklyn,49
Brooklyn,90
Brooklyn,80
Brooklyn,180
Brooklyn,100
Brooklyn,150
Brooklyn,95
Brooklyn,55
Brooklyn,147
Brooklyn,100
Brooklyn,40
Brooklyn,150
Brooklyn,75
Brooklyn,85
Brooklyn,195
Brooklyn,160
Brooklyn,125
Brooklyn,119
Brooklyn,70
Brooklyn,145
Brooklyn,115
Brooklyn,130
Brooklyn,53
Brooklyn,50
Brooklyn,295
Brooklyn,45
Brooklyn,50
Brooklyn,75
Brooklyn,64
Brooklyn,75
Brooklyn,270
Brooklyn,100
Brooklyn,59
Brooklyn,140
Brooklyn,59
Brooklyn,85
Brooklyn,98
Brooklyn,102
Brooklyn,85
Brooklyn,80
Brooklyn,35
Brooklyn,148
Brooklyn,389
Brooklyn,89
Brooklyn,250
Brooklyn,200
Brooklyn,130
Brooklyn,61
Brooklyn,40
Brooklyn,120
Brooklyn,59
Brooklyn,50
Brooklyn,110
Brooklyn,225
Brooklyn,125
Brooklyn,64
Brooklyn,58
Brooklyn,177
Brooklyn,150
Brooklyn,69
Brooklyn,275
Brooklyn,65
Brooklyn,90
Brooklyn,59
Brooklyn,275
Brooklyn,70
Brooklyn,85
Brooklyn,52
Brooklyn,250
Brooklyn,40
Brooklyn,120
Brooklyn,295
Brooklyn,125
Brooklyn,120
Brooklyn,40
Brooklyn,55
Brooklyn,245
Brooklyn,215
Brooklyn,250
Brooklyn,80
Brooklyn,74
Brooklyn,88
Brooklyn,150
Brooklyn,125
Brooklyn,85
Brooklyn,50
Brooklyn,35
Brooklyn,80
Brooklyn,200
Brooklyn,110
Brooklyn,40
Brooklyn,75
Brooklyn,109
Brooklyn,120
Brooklyn,50
Brooklyn,95
Brooklyn,100
Brooklyn,89
Brooklyn,155
Brooklyn,62
Brooklyn,80
Brooklyn,65
Brooklyn,120
Brooklyn,450
Brooklyn,59
Brooklyn,122
Brooklyn,75
Brooklyn,105
Brooklyn,47
Brooklyn,47
Brooklyn,90
Brooklyn,160
Brooklyn,230
Brooklyn,285
Brooklyn,180
Brooklyn,40
Brooklyn,35
Brooklyn,89
Brooklyn,139
Brooklyn,149
Brooklyn,199
Brooklyn,70
Brooklyn,65
Brooklyn,229
Brooklyn,150
Brooklyn,50
Brooklyn,73
Brooklyn,250
Brooklyn,160
Brooklyn,93
Brooklyn,120
Brooklyn,130
Brooklyn,105
Brooklyn,70
Brooklyn,220
Brooklyn,85
Brooklyn,40
Brooklyn,250
Brooklyn,164
Brooklyn,120
Brooklyn,55
Brooklyn,500
Brooklyn,224
Brooklyn,47
Brooklyn,61
Brooklyn,55
Brooklyn,80
Brooklyn,85
Brooklyn,40
Brooklyn,125
Brooklyn,165
Brooklyn,50
Brooklyn,150
Brooklyn,50
Brooklyn,51
Brooklyn,90
Brooklyn,50
Brooklyn,60
Brooklyn,140
Brooklyn,145
Brooklyn,375
Brooklyn,110
Brooklyn,100
Brooklyn,125
Brooklyn,30
Brooklyn,95
Brooklyn,65
Brooklyn,110
Brooklyn,35
Brooklyn,75
Brooklyn,160
Brooklyn,100
Brooklyn,90
Brooklyn,99
Brooklyn,220
Brooklyn,120
Brooklyn,600
Brooklyn,34
Brooklyn,130
Brooklyn,205
Brooklyn,150
Brooklyn,100
Brooklyn,48
Brooklyn,90
Brooklyn,139
Brooklyn,200
Brooklyn,285
Brooklyn,50
Brooklyn,35
Brooklyn,115
Brooklyn,180
Brooklyn,50
Brooklyn,58
Brooklyn,499
Brooklyn,140
Brooklyn,38
Brooklyn,289
Brooklyn,80
Brooklyn,95
Brooklyn,120
Brooklyn,103
Brooklyn,80
Brooklyn,85
Brooklyn,125
Brooklyn,205
Brooklyn,140
Brooklyn,80
Brooklyn,75
Brooklyn,60
Brooklyn,50
Brooklyn,150
Brooklyn,250
Brooklyn,109
Brooklyn,120
Brooklyn,272
Brooklyn,100
Brooklyn,170
Brooklyn,85
Brooklyn,110
Brooklyn,267
Brooklyn,55
Brooklyn,125
Brooklyn,38
Brooklyn,80
Brooklyn,129
Brooklyn,120
Brooklyn,143
Brooklyn,44
Brooklyn,125
Brooklyn,110
Brooklyn,190
Brooklyn,200
Brooklyn,90
Brooklyn,29
Brooklyn,100
Brooklyn,90
Brooklyn,100
Brooklyn,85
Brooklyn,43
Brooklyn,145
Brooklyn,65
Brooklyn,45
Brooklyn,149
Brooklyn,60
Brooklyn,125
Brooklyn,70
Brooklyn,50
Brooklyn,95
Brooklyn,110
Brooklyn,40
Brooklyn,75
Brooklyn,65
Brooklyn,97
Brooklyn,65
Brooklyn,95
Brooklyn,120
Brooklyn,150
Brooklyn,135
Brooklyn,115
Brooklyn,100
Brooklyn,150
Brooklyn,95
Brooklyn,129
Brooklyn,66
Brooklyn,450
Brooklyn,65
Brooklyn,55
Brooklyn,35
Brooklyn,110
Brooklyn,168
Brooklyn,200
Brooklyn,99
Brooklyn,55
Brooklyn,65
Brooklyn,130
Brooklyn,98
Brooklyn,90
Brooklyn,100
Brooklyn,125
Brooklyn,150
Brooklyn,95
Brooklyn,130
Brooklyn,140
Brooklyn,125
Brooklyn,90
Brooklyn,66
Brooklyn,225
Brooklyn,45
Brooklyn,450
Brooklyn,50
Brooklyn,124
Brooklyn,29
Brooklyn,86
Brooklyn,299
Brooklyn,36
Brooklyn,100
Brooklyn,39
Brooklyn,55
Brooklyn,55
Brooklyn,60
Brooklyn,63
Brooklyn,170
Brooklyn,250
Brooklyn,159
Brooklyn,200
Brooklyn,195
Brooklyn,90
Brooklyn,65
Brooklyn,80
Brooklyn,210
Brooklyn,66
Brooklyn,44
Brooklyn,175
Brooklyn,600
Brooklyn,32
Brooklyn,84
Brooklyn,45
Brooklyn,115
Brooklyn,40
Brooklyn,38
Brooklyn,70
Brooklyn,70
Brooklyn,89
Brooklyn,125
Brooklyn,75
Brooklyn,65
Brooklyn,63
Brooklyn,100
Brooklyn,178
Brooklyn,295
Brooklyn,90
Brooklyn,100
Brooklyn,130
Brooklyn,70
Brooklyn,120
Brooklyn,45
Brooklyn,70
Brooklyn,49
Brooklyn,55
Brooklyn,399
Brooklyn,198
Brooklyn,78
Brooklyn,200
Brooklyn,225
Brooklyn,53
Brooklyn,45
Brooklyn,60
Brooklyn,100
Brooklyn,50
Brooklyn,99
Brooklyn,350
Brooklyn,140
Brooklyn,64
Brooklyn,120
Brooklyn,150
Brooklyn,120
Brooklyn,100
Brooklyn,125
Brooklyn,130
Brooklyn,125
Brooklyn,166
Brooklyn,35
Brooklyn,60
Brooklyn,215
Brooklyn,58
Brooklyn,40
Brooklyn,159
Brooklyn,150
Brooklyn,89
Brooklyn,50
Brooklyn,100
Brooklyn,63
Brooklyn,50
Brooklyn,99
Brooklyn,80
Brooklyn,85
Brooklyn,98
Brooklyn,1600
Brooklyn,75
Brooklyn,450
Brooklyn,55
Brooklyn,64
Brooklyn,70
Brooklyn,45
Brooklyn,75
Brooklyn,129
Brooklyn,60
Brooklyn,80
Brooklyn,90
Brooklyn,100
Brooklyn,35
Brooklyn,269
Brooklyn,150
Brooklyn,135
Brooklyn,45
Brooklyn,47
Brooklyn,100
Brooklyn,109
Brooklyn,80
Brooklyn,105
Brooklyn,125
Brooklyn,79
Brooklyn,120
Brooklyn,165
Brooklyn,180
Brooklyn,40
Brooklyn,70
Brooklyn,50
Brooklyn,130
Brooklyn,135
Brooklyn,35
Brooklyn,108
Brooklyn,129
Brooklyn,85
Brooklyn,185
Brooklyn,145
Brooklyn,150
Brooklyn,50
Brooklyn,70
Brooklyn,150
Brooklyn,100
Brooklyn,115
Brooklyn,147
Brooklyn,125
Brooklyn,85
Brooklyn,60
Brooklyn,60
Brooklyn,46
Brooklyn,150
Brooklyn,95
Brooklyn,185
Brooklyn,89
Brooklyn,67
Brooklyn,125
Brooklyn,199
Brooklyn,125
Brooklyn,360
Brooklyn,200
Brooklyn,400
Brooklyn,65
Brooklyn,70
Brooklyn,85
Brooklyn,68
Brooklyn,50
Brooklyn,130
Brooklyn,85
Brooklyn,75
Brooklyn,105
Brooklyn,100
Brooklyn,150
Brooklyn,250
Brooklyn,40
Brooklyn,145
Brooklyn,70
Brooklyn,172
Brooklyn,105
Brooklyn,55
Brooklyn,60
Brooklyn,88
Brooklyn,102
Brooklyn,40
Brooklyn,119
Brooklyn,101
Brooklyn,65
Brooklyn,90
Brooklyn,45
Brooklyn,140
Brooklyn,70
Brooklyn,150
Brooklyn,80
Brooklyn,60
Brooklyn,45
Brooklyn,40
Brooklyn,225
Brooklyn,45
Brooklyn,40
Brooklyn,275
Brooklyn,180
Brooklyn,59
Brooklyn,149
Brooklyn,55
Brooklyn,58
Brooklyn,190
Brooklyn,60
Brooklyn,123
Brooklyn,120
Brooklyn,85
Brooklyn,185
Brooklyn,120
Brooklyn,48
Brooklyn,90
Brooklyn,90
Brooklyn,120
Brooklyn,110
Brooklyn,45
Brooklyn,75
Brooklyn,175
Brooklyn,135
Brooklyn,120
Brooklyn,40
Brooklyn,69
Brooklyn,100
Brooklyn,50
Brooklyn,65
Brooklyn,139
Brooklyn,85
Brooklyn,175
Brooklyn,50
Brooklyn,45
Brooklyn,90
Brooklyn,250
Brooklyn,140
Brooklyn,65
Brooklyn,70
Brooklyn,100
Brooklyn,275
Brooklyn,60
Brooklyn,70
Brooklyn,370
Brooklyn,68
Brooklyn,92
Brooklyn,45
Brooklyn,70
Brooklyn,40
Brooklyn,50
Brooklyn,195
Brooklyn,100
Brooklyn,199
Brooklyn,130
Brooklyn,300
Brooklyn,175
Brooklyn,48
Brooklyn,70
Brooklyn,380
Brooklyn,45
Brooklyn,55
Brooklyn,32
Brooklyn,155
Brooklyn,80
Brooklyn,99
Brooklyn,59
Brooklyn,45
Brooklyn,80
Brooklyn,35
Brooklyn,150
Brooklyn,50
Brooklyn,199
Brooklyn,65
Brooklyn,75
Brooklyn,43
Brooklyn,60
Brooklyn,33
Brooklyn,65
Brooklyn,119
Brooklyn,50
Brooklyn,150
Brooklyn,99
Brooklyn,250
Brooklyn,95
Brooklyn,110
Brooklyn,60
Brooklyn,64
Brooklyn,128
Brooklyn,150
Brooklyn,100
Brooklyn,220
Brooklyn,147
Brooklyn,160
Brooklyn,225
Brooklyn,120
Brooklyn,110
Brooklyn,100
Brooklyn,77
Brooklyn,160
Brooklyn,215
Brooklyn,60
Brooklyn,125
Brooklyn,99
Brooklyn,175
Brooklyn,200
Brooklyn,85
Brooklyn,99
Brooklyn,65
Brooklyn,150
Brooklyn,60
Brooklyn,70
Brooklyn,45
Brooklyn,75
Brooklyn,72
Brooklyn,59
Brooklyn,145
Brooklyn,225
Brooklyn,45
Brooklyn,35
Brooklyn,147
Brooklyn,250
Brooklyn,47
Brooklyn,115
Brooklyn,86
Brooklyn,70
Brooklyn,32
Brooklyn,150
Brooklyn,159
Brooklyn,50
Brooklyn,72
Brooklyn,198
Brooklyn,180
Brooklyn,200
Brooklyn,220
Brooklyn,49
Brooklyn,145
Brooklyn,75
Brooklyn,200
Brooklyn,69
Brooklyn,45
Brooklyn,104
Brooklyn,145
Brooklyn,120
Brooklyn,111
Brooklyn,140
Brooklyn,30
Brooklyn,60
Brooklyn,99
Brooklyn,45
Brooklyn,99
Brooklyn,89
Brooklyn,65
Brooklyn,185
Brooklyn,63
Brooklyn,150
Brooklyn,150
Brooklyn,53
Brooklyn,70
Brooklyn,165
Brooklyn,150
Brooklyn,65
Brooklyn,175
Brooklyn,40
Brooklyn,70
Brooklyn,50
Brooklyn,47
Brooklyn,47
Brooklyn,47
Brooklyn,47
Brooklyn,47
Brooklyn,47
Brooklyn,200
Brooklyn,80
Brooklyn,69
Brooklyn,80
Brooklyn,90
Brooklyn,100
Brooklyn,160
Brooklyn,116
Brooklyn,35
Brooklyn,94
Brooklyn,155
Brooklyn,75
Brooklyn,150
Brooklyn,75
Brooklyn,145
Brooklyn,195
Brooklyn,85
Brooklyn,100
Brooklyn,70
Brooklyn,135
Brooklyn,90
Brooklyn,70
Brooklyn,63
Brooklyn,85
Brooklyn,69
Brooklyn,90
Brooklyn,75
Brooklyn,38
Brooklyn,70
Brooklyn,65
Brooklyn,75
Brooklyn,60
Brooklyn,500
Brooklyn,105
Brooklyn,50
Brooklyn,55
Brooklyn,108
Brooklyn,150
Brooklyn,119
Brooklyn,85
Brooklyn,45
Brooklyn,60
Brooklyn,90
Brooklyn,60
Brooklyn,60
Brooklyn,50
Brooklyn,123
Brooklyn,36
Brooklyn,55
Brooklyn,60
Brooklyn,40
Brooklyn,36
Brooklyn,50
Brooklyn,60
Brooklyn,109
Brooklyn,135
Brooklyn,60
Brooklyn,210
Brooklyn,275
Brooklyn,79
Brooklyn,60
Brooklyn,79
Brooklyn,285
Brooklyn,220
Brooklyn,80
Brooklyn,175
Brooklyn,74
Brooklyn,60
Brooklyn,108
Brooklyn,220
Brooklyn,120
Brooklyn,120
Brooklyn,85
Brooklyn,75
Brooklyn,1100
Brooklyn,60
Brooklyn,170
Brooklyn,39
Brooklyn,75
Brooklyn,160
Brooklyn,225
Brooklyn,95
Brooklyn,115
Brooklyn,105
Brooklyn,150
Brooklyn,35
Brooklyn,80
Brooklyn,120
Brooklyn,130
Brooklyn,50
Brooklyn,72
Brooklyn,99
Brooklyn,110
Brooklyn,80
Brooklyn,500
Brooklyn,200
Brooklyn,164
Brooklyn,89
Brooklyn,150
Brooklyn,120
Brooklyn,140
Brooklyn,125
Brooklyn,109
Brooklyn,48
Brooklyn,135
Brooklyn,70
Brooklyn,45
Brooklyn,275
Brooklyn,350
Brooklyn,100
Brooklyn,135
Brooklyn,150
Brooklyn,99
Brooklyn,95
Brooklyn,60
Brooklyn,150
Brooklyn,145
Brooklyn,250
Brooklyn,150
Brooklyn,83
Brooklyn,150
Brooklyn,68
Brooklyn,50
Brooklyn,70
Brooklyn,65
Brooklyn,45
Brooklyn,115
Brooklyn,170
Brooklyn,100
Brooklyn,280
Brooklyn,65
Brooklyn,150
Brooklyn,65
Brooklyn,48
Brooklyn,80
Brooklyn,49
Brooklyn,240
Brooklyn,50
Brooklyn,50
Brooklyn,87
Brooklyn,30
Brooklyn,150
Brooklyn,70
Brooklyn,60
Brooklyn,150
Brooklyn,119
Brooklyn,125
Brooklyn,149
Brooklyn,135
Brooklyn,55
Brooklyn,54
Brooklyn,250
Brooklyn,40
Brooklyn,130
Brooklyn,79
Brooklyn,69
Brooklyn,79
Brooklyn,79
Brooklyn,69
Brooklyn,70
Brooklyn,119
Brooklyn,49
Brooklyn,132
Brooklyn,155
Brooklyn,150
Brooklyn,104
Brooklyn,40
Brooklyn,90
Brooklyn,89
Brooklyn,999
Brooklyn,85
Brooklyn,75
Brooklyn,45
Brooklyn,395
Brooklyn,200
Brooklyn,46
Brooklyn,65
Brooklyn,140
Brooklyn,65
Brooklyn,85
Brooklyn,110
Brooklyn,125
Brooklyn,125
Brooklyn,64
Brooklyn,70
Brooklyn,60
Brooklyn,120
Brooklyn,50
Brooklyn,125
Brooklyn,50
Brooklyn,90
Brooklyn,49
Brooklyn,103
Brooklyn,97
Brooklyn,280
Brooklyn,30
Brooklyn,150
Brooklyn,175
Brooklyn,90
Brooklyn,77
Brooklyn,120
Brooklyn,90
Brooklyn,180
Brooklyn,100
Brooklyn,90
Brooklyn,70
Brooklyn,80
Brooklyn,89
Brooklyn,165
Brooklyn,81
Brooklyn,239
Brooklyn,70
Brooklyn,45
Brooklyn,45
Brooklyn,400
Brooklyn,110
Brooklyn,65
Brooklyn,80
Brooklyn,175
Brooklyn,45
Brooklyn,60
Brooklyn,115
Brooklyn,99
Brooklyn,60
Brooklyn,49
Brooklyn,110
Brooklyn,190
Brooklyn,100
Brooklyn,36
Brooklyn,325
Brooklyn,60
Brooklyn,200
Brooklyn,120
Brooklyn,60
Brooklyn,80
Brooklyn,230
Brooklyn,45
Brooklyn,95
Brooklyn,200
Brooklyn,70
Brooklyn,199
Brooklyn,75
Brooklyn,98
Brooklyn,120
Brooklyn,130
Brooklyn,96
Brooklyn,55
Brooklyn,45
Brooklyn,77
Brooklyn,90
Brooklyn,98
Brooklyn,69
Brooklyn,80
Brooklyn,39
Brooklyn,70
Brooklyn,39
Brooklyn,85
Brooklyn,200
Brooklyn,50
Brooklyn,100
Brooklyn,150
Brooklyn,100
Brooklyn,85
Brooklyn,139
Brooklyn,38
Brooklyn,100
Brooklyn,39
Brooklyn,39
Brooklyn,99
Brooklyn,225
Brooklyn,99
Brooklyn,469
Brooklyn,67
Brooklyn,52
Brooklyn,130
Brooklyn,121
Brooklyn,150
Brooklyn,100
Brooklyn,80
Brooklyn,41
Brooklyn,120
Brooklyn,45
Brooklyn,125
Brooklyn,60
Brooklyn,160
Brooklyn,164
Brooklyn,250
Brooklyn,205
Brooklyn,129
Brooklyn,250
Brooklyn,75
Brooklyn,45
Brooklyn,65
Brooklyn,185
Brooklyn,300
Brooklyn,60
Brooklyn,55
Brooklyn,135
Brooklyn,90
Brooklyn,80
Brooklyn,62
Brooklyn,155
Brooklyn,40
Brooklyn,50
Brooklyn,70
Brooklyn,160
Brooklyn,78
Brooklyn,110
Brooklyn,360
Brooklyn,40
Brooklyn,44
Brooklyn,69
Brooklyn,200
Brooklyn,150
Brooklyn,75
Brooklyn,123
Brooklyn,414
Brooklyn,125
Brooklyn,55
Brooklyn,65
Brooklyn,85
Brooklyn,82
Brooklyn,65
Brooklyn,65
Brooklyn,59
Brooklyn,135
Brooklyn,35
Brooklyn,250
Brooklyn,60
Brooklyn,70
Brooklyn,35
Brooklyn,110
Brooklyn,70
Brooklyn,200
Brooklyn,100
Brooklyn,150
Brooklyn,160
Brooklyn,65
Brooklyn,60
Brooklyn,50
Brooklyn,60
Brooklyn,55
Brooklyn,80
Brooklyn,109
Brooklyn,85
Brooklyn,80
Brooklyn,52
Brooklyn,110
Brooklyn,124
Brooklyn,95
Brooklyn,160
Brooklyn,70
Brooklyn,55
Brooklyn,95
Brooklyn,50
Brooklyn,80
Brooklyn,65
Brooklyn,75
Brooklyn,200
Brooklyn,130
Brooklyn,42
Brooklyn,65
Brooklyn,80
Brooklyn,55
Brooklyn,50
Brooklyn,62
Brooklyn,70
Brooklyn,90
Brooklyn,45
Brooklyn,200
Brooklyn,70
Brooklyn,29
Brooklyn,195
Brooklyn,130
Brooklyn,100
Brooklyn,125
Brooklyn,50
Brooklyn,39
Brooklyn,77
Brooklyn,115
Brooklyn,105
Brooklyn,172
Brooklyn,60
Brooklyn,72
Brooklyn,229
Brooklyn,40
Brooklyn,250
Brooklyn,228
Brooklyn,99
Brooklyn,54
Brooklyn,70
Brooklyn,122
Brooklyn,70
Brooklyn,90
Brooklyn,74
Brooklyn,48
Brooklyn,97
Brooklyn,100
Brooklyn,100
Brooklyn,145
Brooklyn,800
Brooklyn,90
Brooklyn,70
Brooklyn,80
Brooklyn,60
Brooklyn,70
Brooklyn,40
Brooklyn,80
Brooklyn,352
Brooklyn,250
Brooklyn,55
Brooklyn,49
Brooklyn,135
Brooklyn,45
Brooklyn,150
Brooklyn,120
Brooklyn,120
Brooklyn,89
Brooklyn,300
Brooklyn,190
Brooklyn,150
Brooklyn,360
Brooklyn,100
Brooklyn,45
Brooklyn,160
Brooklyn,49
Brooklyn,40
Brooklyn,89
Brooklyn,80
Brooklyn,78
Brooklyn,110
Brooklyn,80
Brooklyn,45
Brooklyn,149
Brooklyn,130
Brooklyn,150
Brooklyn,60
Brooklyn,40
Brooklyn,83
Brooklyn,200
Brooklyn,60
Brooklyn,45
Brooklyn,89
Brooklyn,25
Brooklyn,285
Brooklyn,35
Brooklyn,150
Brooklyn,195
Brooklyn,80
Brooklyn,50
Brooklyn,70
Brooklyn,119
Brooklyn,400
Brooklyn,80
Brooklyn,120
Brooklyn,80
Brooklyn,60
Brooklyn,90
Brooklyn,65
Brooklyn,98
Brooklyn,50
Brooklyn,110
Brooklyn,110
Brooklyn,1000
Brooklyn,175
Brooklyn,350
Brooklyn,40
Brooklyn,50
Brooklyn,90
Brooklyn,63
Brooklyn,45
Brooklyn,175
Brooklyn,2000
Brooklyn,60
Brooklyn,150
Brooklyn,100
Brooklyn,125
Brooklyn,35
Brooklyn,180
Brooklyn,150
Brooklyn,84
Brooklyn,50
Brooklyn,75
Brooklyn,140
Brooklyn,85
Brooklyn,250
Brooklyn,60
Brooklyn,45
Brooklyn,91
Brooklyn,40
Brooklyn,50
Brooklyn,130
Brooklyn,90
Brooklyn,170
Brooklyn,40
Brooklyn,54
Brooklyn,30
Brooklyn,50
Brooklyn,120
Brooklyn,73
Brooklyn,325
Brooklyn,100
Brooklyn,135
Brooklyn,60
Brooklyn,57
Brooklyn,200
Brooklyn,65
Brooklyn,150
Brooklyn,45
Brooklyn,1150
Brooklyn,85
Brooklyn,135
Brooklyn,120
Brooklyn,100
Brooklyn,50
Brooklyn,115
Brooklyn,100
Brooklyn,60
Brooklyn,56
Brooklyn,50
Brooklyn,80
Brooklyn,55
Brooklyn,1000
Brooklyn,80
Brooklyn,105
Brooklyn,45
Brooklyn,95
Brooklyn,200
Brooklyn,250
Brooklyn,54
Brooklyn,115
Brooklyn,129
Brooklyn,200
Brooklyn,175
Brooklyn,50
Brooklyn,200
Brooklyn,40
Brooklyn,166
Brooklyn,65
Brooklyn,60
Brooklyn,90
Brooklyn,350
Brooklyn,60
Brooklyn,70
Brooklyn,41
Brooklyn,200
Brooklyn,42
Brooklyn,150
Brooklyn,60
Brooklyn,85
Brooklyn,59
Brooklyn,259
Brooklyn,95
Brooklyn,45
Brooklyn,150
Brooklyn,35
Brooklyn,125
Brooklyn,100
Brooklyn,70
Brooklyn,88
Brooklyn,115
Brooklyn,140
Brooklyn,44
Brooklyn,150
Brooklyn,195
Brooklyn,140
Brooklyn,55
Brooklyn,65
Brooklyn,45
Brooklyn,96
Brooklyn,125
Brooklyn,115
Brooklyn,169
Brooklyn,75
Brooklyn,69
Brooklyn,56
Brooklyn,65
Brooklyn,140
Brooklyn,95
Brooklyn,47
Brooklyn,125
Brooklyn,225
Brooklyn,169
Brooklyn,45
Brooklyn,53
Brooklyn,150
Brooklyn,120
Brooklyn,129
Brooklyn,119
Brooklyn,99
Brooklyn,50
Brooklyn,55
Brooklyn,155
Brooklyn,275
Brooklyn,65
Brooklyn,170
Brooklyn,150
Brooklyn,75
Brooklyn,51
Brooklyn,25
Brooklyn,42
Brooklyn,40
Brooklyn,60
Brooklyn,50
Brooklyn,45
Brooklyn,105
Brooklyn,40
Brooklyn,105
Brooklyn,150
Brooklyn,70
Brooklyn,120
Brooklyn,249
Brooklyn,350
Brooklyn,120
Brooklyn,100
Brooklyn,89
Brooklyn,159
Brooklyn,70
Brooklyn,90
Brooklyn,200
Brooklyn,150
Brooklyn,50
Brooklyn,125
Brooklyn,79
Brooklyn,130
Brooklyn,60
Brooklyn,125
Brooklyn,80
Brooklyn,97
Brooklyn,140
Brooklyn,57
Brooklyn,50
Brooklyn,100
Brooklyn,175
Brooklyn,250
Brooklyn,55
Brooklyn,80
Brooklyn,150
Brooklyn,150
Brooklyn,48
Brooklyn,65
Brooklyn,27
Brooklyn,150
Brooklyn,80
Brooklyn,55
Brooklyn,98
Brooklyn,165
Brooklyn,75
Brooklyn,100
Brooklyn,120
Brooklyn,90
Brooklyn,120
Brooklyn,70
Brooklyn,55
Brooklyn,150
Brooklyn,45
Brooklyn,40
Brooklyn,200
Brooklyn,75
Brooklyn,55
Brooklyn,145
Brooklyn,70
Brooklyn,120
Brooklyn,60
Brooklyn,55
Brooklyn,150
Brooklyn,165
Brooklyn,149
Brooklyn,100
Brooklyn,60
Brooklyn,60
Brooklyn,75
Brooklyn,750
Brooklyn,150
Brooklyn,49
Brooklyn,50
Brooklyn,115
Brooklyn,50
Brooklyn,125
Brooklyn,220
Brooklyn,79
Brooklyn,240
Brooklyn,115
Brooklyn,120
Brooklyn,200
Brooklyn,200
Brooklyn,165
Brooklyn,90
Brooklyn,40
Brooklyn,65
Brooklyn,75
Brooklyn,300
Brooklyn,69
Brooklyn,240
Brooklyn,108
Brooklyn,60
Brooklyn,80
Brooklyn,60
Brooklyn,100
Brooklyn,350
Brooklyn,132
Brooklyn,89
Brooklyn,50
Brooklyn,90
Brooklyn,100
Brooklyn,145
Brooklyn,50
Brooklyn,150
Brooklyn,125
Brooklyn,50
Brooklyn,49
Brooklyn,85
Brooklyn,89
Brooklyn,100
Brooklyn,60
Brooklyn,125
Brooklyn,100
Brooklyn,95
Brooklyn,100
Brooklyn,75
Brooklyn,110
Brooklyn,75
Brooklyn,250
Brooklyn,119
Brooklyn,80
Brooklyn,125
Brooklyn,150
Brooklyn,50
Brooklyn,150
Brooklyn,150
Brooklyn,85
Brooklyn,110
Brooklyn,60
Brooklyn,110
Brooklyn,110
Brooklyn,46
Brooklyn,98
Brooklyn,40
Brooklyn,130
Brooklyn,60
Brooklyn,55
Brooklyn,99
Brooklyn,82
Brooklyn,185
Brooklyn,94
Brooklyn,134
Brooklyn,60
Brooklyn,115
Brooklyn,75
Brooklyn,40
Brooklyn,57
Brooklyn,65
Brooklyn,75
Brooklyn,165
Brooklyn,45
Brooklyn,72
Brooklyn,85
Brooklyn,99
Brooklyn,140
Brooklyn,181
Brooklyn,165
Brooklyn,100
Brooklyn,209
Brooklyn,50
Brooklyn,100
Brooklyn,200
Brooklyn,42
Brooklyn,118
Brooklyn,50
Brooklyn,95
Brooklyn,161
Brooklyn,110
Brooklyn,200
Brooklyn,99
Brooklyn,80
Brooklyn,98
Brooklyn,63
Brooklyn,69
Brooklyn,150
Brooklyn,199
Brooklyn,40
Brooklyn,100
Brooklyn,170
Brooklyn,60
Brooklyn,75
Brooklyn,80
Brooklyn,139
Brooklyn,90
Brooklyn,90
Brooklyn,25
Brooklyn,140
Brooklyn,120
Brooklyn,60
Brooklyn,50
Brooklyn,125
Brooklyn,70
Brooklyn,90
Brooklyn,375
Brooklyn,50
Brooklyn,72
Brooklyn,36
Brooklyn,84
Brooklyn,130
Brooklyn,165
Brooklyn,160
Brooklyn,260
Brooklyn,85
Brooklyn,79
Brooklyn,127
Brooklyn,34
Brooklyn,100
Brooklyn,90
Brooklyn,325
Brooklyn,99
Brooklyn,280
Brooklyn,100
Brooklyn,125
Brooklyn,308
Brooklyn,200
Brooklyn,65
Brooklyn,128
Brooklyn,200
Brooklyn,120
Brooklyn,75
Brooklyn,142
Brooklyn,70
Brooklyn,100
Brooklyn,129
Brooklyn,90
Brooklyn,42
Brooklyn,125
Brooklyn,100
Brooklyn,108
Brooklyn,40
Brooklyn,289
Brooklyn,130
Brooklyn,60
Brooklyn,99
Brooklyn,50
Brooklyn,275
Brooklyn,39
Brooklyn,69
Brooklyn,330
Brooklyn,155
Brooklyn,45
Brooklyn,49
Brooklyn,80
Brooklyn,50
Brooklyn,531
Brooklyn,105
Brooklyn,143
Brooklyn,145
Brooklyn,75
Brooklyn,150
Brooklyn,65
Brooklyn,525
Brooklyn,69
Brooklyn,115
Brooklyn,55
Brooklyn,80
Brooklyn,80
Brooklyn,85
Brooklyn,125
Brooklyn,90
Brooklyn,200
Brooklyn,175
Brooklyn,65
Brooklyn,300
Brooklyn,60
Brooklyn,350
Brooklyn,119
Brooklyn,335
Brooklyn,70
Brooklyn,180
Brooklyn,50
Brooklyn,150
Brooklyn,450
Brooklyn,58
Brooklyn,70
Brooklyn,41
Brooklyn,180
Brooklyn,46
Brooklyn,50
Brooklyn,45
Brooklyn,79
Brooklyn,215
Brooklyn,80
Brooklyn,62
Brooklyn,68
Brooklyn,275
Brooklyn,83
Brooklyn,150
Brooklyn,79
Brooklyn,60
Brooklyn,120
Brooklyn,320
Brooklyn,45
Brooklyn,50
Brooklyn,180
Brooklyn,66
Brooklyn,410
Brooklyn,200
Brooklyn,149
Brooklyn,55
Brooklyn,140
Brooklyn,110
Brooklyn,140
Brooklyn,50
Brooklyn,186
Brooklyn,245
Brooklyn,40
Brooklyn,130
Brooklyn,165
Brooklyn,100
Brooklyn,160
Brooklyn,63
Brooklyn,60
Brooklyn,59
Brooklyn,175
Brooklyn,80
Brooklyn,36
Brooklyn,78
Brooklyn,218
Brooklyn,95
Brooklyn,51
Brooklyn,45
Brooklyn,120
Brooklyn,90
Brooklyn,62
Brooklyn,45
Brooklyn,220
Brooklyn,50
Brooklyn,75
Brooklyn,45
Brooklyn,120
Brooklyn,195
Brooklyn,200
Brooklyn,160
Brooklyn,115
Brooklyn,55
Brooklyn,70
Brooklyn,130
Brooklyn,49
Brooklyn,49
Brooklyn,75
Brooklyn,129
Brooklyn,185
Brooklyn,225
Brooklyn,60
Brooklyn,70
Brooklyn,65
Brooklyn,55
Brooklyn,76
Brooklyn,105
Brooklyn,110
Brooklyn,125
Brooklyn,80
Brooklyn,135
Brooklyn,77
Brooklyn,350
Brooklyn,190
Brooklyn,115
Brooklyn,40
Brooklyn,135
Brooklyn,200
Brooklyn,99
Brooklyn,125
Brooklyn,110
Brooklyn,55
Brooklyn,100
Brooklyn,155
Brooklyn,80
Brooklyn,90
Brooklyn,50
Brooklyn,31
Brooklyn,79
Brooklyn,99
Brooklyn,200
Brooklyn,65
Brooklyn,219
Brooklyn,45
Brooklyn,60
Brooklyn,50
Brooklyn,80
Brooklyn,63
Brooklyn,45
Brooklyn,125
Brooklyn,160
Brooklyn,63
Brooklyn,45
Brooklyn,115
Brooklyn,55
Brooklyn,150
Brooklyn,59
Brooklyn,173
Brooklyn,60
Brooklyn,115
Brooklyn,70
Brooklyn,130
Brooklyn,90
Brooklyn,65
Brooklyn,55
Brooklyn,90
Brooklyn,80
Brooklyn,125
Brooklyn,65
Brooklyn,220
Brooklyn,150
Brooklyn,200
Brooklyn,160
Brooklyn,90
Brooklyn,230
Brooklyn,55
Brooklyn,46
Brooklyn,95
Brooklyn,47
Brooklyn,110
Brooklyn,450
Brooklyn,55
Brooklyn,160
Brooklyn,70
Brooklyn,185
Brooklyn,90
Brooklyn,109
Brooklyn,350
Brooklyn,28
Brooklyn,95
Brooklyn,113
Brooklyn,300
Brooklyn,65
Brooklyn,55
Brooklyn,150
Brooklyn,120
Brooklyn,175
Brooklyn,300
Brooklyn,80
Brooklyn,84
Brooklyn,399
Brooklyn,210
Brooklyn,200
Brooklyn,47
Brooklyn,50
Brooklyn,95
Brooklyn,50
Brooklyn,120
Brooklyn,60
Brooklyn,35
Brooklyn,125
Brooklyn,123
Brooklyn,95
Brooklyn,125
Brooklyn,45
Brooklyn,50
Brooklyn,250
Brooklyn,95
Brooklyn,35
Brooklyn,35
Brooklyn,70
Brooklyn,140
Brooklyn,159
Brooklyn,50
Brooklyn,350
Brooklyn,325
Brooklyn,75
Brooklyn,100
Brooklyn,146
Brooklyn,70
Brooklyn,63
Brooklyn,100
Brooklyn,90
Brooklyn,46
Brooklyn,72
Brooklyn,115
Brooklyn,65
Brooklyn,250
Brooklyn,159
Brooklyn,120
Brooklyn,60
Brooklyn,180
Brooklyn,130
Brooklyn,250
Brooklyn,70
Brooklyn,100
Brooklyn,31
Brooklyn,39
Brooklyn,39
Brooklyn,85
Brooklyn,40
Brooklyn,75
Brooklyn,200
Brooklyn,130
Brooklyn,100
Brooklyn,100
Brooklyn,24
Brooklyn,160
Brooklyn,125
Brooklyn,205
Brooklyn,75
Brooklyn,477
Brooklyn,60
Brooklyn,128
Brooklyn,98
Brooklyn,800
Brooklyn,325
Brooklyn,90
Brooklyn,75
Brooklyn,85
Brooklyn,50
Brooklyn,60
Brooklyn,75
Brooklyn,60
Brooklyn,85
Brooklyn,60
Brooklyn,55
Brooklyn,50
Brooklyn,50
Brooklyn,30
Brooklyn,60
Brooklyn,330
Brooklyn,75
Brooklyn,90
Brooklyn,60
Brooklyn,70
Brooklyn,49
Brooklyn,140
Brooklyn,119
Brooklyn,170
Brooklyn,995
Brooklyn,185
Brooklyn,80
Brooklyn,75
Brooklyn,80
Brooklyn,90
Brooklyn,70
Brooklyn,50
Brooklyn,110
Brooklyn,40
Brooklyn,65
Brooklyn,160
Brooklyn,42
Brooklyn,150
Brooklyn,85
Brooklyn,100
Brooklyn,28
Brooklyn,60
Brooklyn,60
Brooklyn,140
Brooklyn,69
Brooklyn,73
Brooklyn,67
Brooklyn,44
Brooklyn,165
Brooklyn,30
Brooklyn,120
Brooklyn,119
Brooklyn,39
Brooklyn,130
Brooklyn,100
Brooklyn,45
Brooklyn,206
Brooklyn,80
Brooklyn,150
Brooklyn,70
Brooklyn,130
Brooklyn,50
Brooklyn,125
Brooklyn,150
Brooklyn,290
Brooklyn,129
Brooklyn,120
Brooklyn,95
Brooklyn,70
Brooklyn,94
Brooklyn,85
Brooklyn,79
Brooklyn,120
Brooklyn,80
Brooklyn,60
Brooklyn,50
Brooklyn,50
Brooklyn,425
Brooklyn,47
Brooklyn,170
Brooklyn,185
Brooklyn,30
Brooklyn,50
Brooklyn,38
Brooklyn,219
Brooklyn,100
Brooklyn,69
Brooklyn,49
Brooklyn,150
Brooklyn,59
Brooklyn,40
Brooklyn,89
Brooklyn,90
Brooklyn,75
Brooklyn,80
Brooklyn,115
Brooklyn,155
Brooklyn,160
Brooklyn,50
Brooklyn,35
Brooklyn,35
Brooklyn,125
Brooklyn,70
Brooklyn,68
Brooklyn,45
Brooklyn,220
Brooklyn,70
Brooklyn,99
Brooklyn,120
Brooklyn,178
Brooklyn,124
Brooklyn,55
Brooklyn,180
Brooklyn,65
Brooklyn,65
Brooklyn,60
Brooklyn,45
Brooklyn,50
Brooklyn,74
Brooklyn,50
Brooklyn,60
Brooklyn,55
Brooklyn,40
Brooklyn,35
Brooklyn,85
Brooklyn,99
Brooklyn,69
Brooklyn,70
Brooklyn,159
Brooklyn,40
Brooklyn,65
Brooklyn,45
Brooklyn,100
Brooklyn,40
Brooklyn,175
Brooklyn,500
Brooklyn,400
Brooklyn,130
Brooklyn,48
Brooklyn,100
Brooklyn,50
Brooklyn,80
Brooklyn,30
Brooklyn,50
Brooklyn,86
Brooklyn,150
Brooklyn,85
Brooklyn,175
Brooklyn,75
Brooklyn,40
Brooklyn,200
Brooklyn,102
Brooklyn,76
Brooklyn,75
Brooklyn,100
Brooklyn,49
Brooklyn,50
Brooklyn,90
Brooklyn,49
Brooklyn,75
Brooklyn,59
Brooklyn,250
Brooklyn,63
Brooklyn,55
Brooklyn,32
Brooklyn,30
Brooklyn,100
Brooklyn,115
Brooklyn,50
Brooklyn,60
Brooklyn,60
Brooklyn,101
Brooklyn,25
Brooklyn,90
Brooklyn,115
Brooklyn,105
Brooklyn,65
Brooklyn,113
Brooklyn,125
Brooklyn,140
Brooklyn,85
Brooklyn,70
Brooklyn,45
Brooklyn,115
Brooklyn,93
Brooklyn,85
Brooklyn,55
Brooklyn,57
Brooklyn,70
Brooklyn,96
Brooklyn,50
Brooklyn,175
Brooklyn,80
Brooklyn,60
Brooklyn,75
Brooklyn,89
Brooklyn,35
Brooklyn,70
Brooklyn,59
Brooklyn,125
Brooklyn,155
Brooklyn,61
Brooklyn,40
Brooklyn,30
Brooklyn,40
Brooklyn,137
Brooklyn,58
Brooklyn,55
Brooklyn,35
Brooklyn,189
Brooklyn,42
Brooklyn,175
Brooklyn,110
Brooklyn,65
Brooklyn,350
Brooklyn,199
Brooklyn,189
Brooklyn,79
Brooklyn,80
Brooklyn,100
Brooklyn,45
Brooklyn,60
Brooklyn,65
Brooklyn,179
Brooklyn,50
Brooklyn,50
Brooklyn,189
Brooklyn,67
Brooklyn,80
Brooklyn,170
Brooklyn,43
Brooklyn,189
Brooklyn,35
Brooklyn,61
Brooklyn,205
Brooklyn,37
Brooklyn,110
Brooklyn,90
Brooklyn,130
Brooklyn,140
Brooklyn,168
Brooklyn,128
Brooklyn,64
Brooklyn,35
Brooklyn,60
Brooklyn,200
Brooklyn,199
Brooklyn,175
Brooklyn,55
Brooklyn,153
Brooklyn,39
Brooklyn,89
Brooklyn,37
Brooklyn,75
Brooklyn,225
Brooklyn,115
Brooklyn,58
Brooklyn,190
Brooklyn,119
Brooklyn,139
Brooklyn,129
Brooklyn,61
Brooklyn,60
Brooklyn,135
Brooklyn,185
Brooklyn,120
Brooklyn,206
Brooklyn,65
Brooklyn,399
Brooklyn,30
Brooklyn,125
Brooklyn,500
Brooklyn,35
Brooklyn,55
Brooklyn,80
Brooklyn,60
Brooklyn,40
Brooklyn,55
Brooklyn,62
Brooklyn,165
Brooklyn,80
Brooklyn,65
Brooklyn,50
Brooklyn,250
Brooklyn,149
Brooklyn,58
Brooklyn,199
Brooklyn,95
Brooklyn,72
Brooklyn,375
Brooklyn,75
Brooklyn,71
Brooklyn,41
Brooklyn,218
Brooklyn,210
Brooklyn,175
Brooklyn,99
Brooklyn,79
Brooklyn,110
Brooklyn,150
Brooklyn,59
Brooklyn,149
Brooklyn,129
Brooklyn,42
Brooklyn,120
Brooklyn,63
Brooklyn,220
Brooklyn,68
Brooklyn,55
Brooklyn,50
Brooklyn,60
Brooklyn,64
Brooklyn,65
Brooklyn,115
Brooklyn,38
Brooklyn,60
Brooklyn,50
Brooklyn,35
Brooklyn,70
Brooklyn,175
Brooklyn,70
Brooklyn,143
Brooklyn,55
Brooklyn,30
Brooklyn,165
Brooklyn,43
Brooklyn,70
Brooklyn,105
Brooklyn,54
Brooklyn,199
Brooklyn,145
Brooklyn,97
Brooklyn,55
Brooklyn,185
Brooklyn,255
Brooklyn,500
Brooklyn,75
Brooklyn,150
Brooklyn,64
Brooklyn,70
Brooklyn,295
Brooklyn,80
Brooklyn,69
Brooklyn,149
Brooklyn,99
Brooklyn,65
Brooklyn,149
Brooklyn,120
Brooklyn,261
Brooklyn,99
Brooklyn,49
Brooklyn,65
Brooklyn,150
Brooklyn,60
Brooklyn,69
Brooklyn,150
Brooklyn,37
Brooklyn,99
Brooklyn,51
Brooklyn,120
Brooklyn,94
Brooklyn,49
Brooklyn,99
Brooklyn,41
Brooklyn,113
Brooklyn,45
Brooklyn,200
Brooklyn,105
Brooklyn,45
Brooklyn,55
Brooklyn,37
Brooklyn,90
Brooklyn,49
Brooklyn,95
Brooklyn,155
Brooklyn,47
Brooklyn,120
Brooklyn,199
Brooklyn,155
Brooklyn,125
Brooklyn,81
Brooklyn,129
Brooklyn,130
Brooklyn,325
Brooklyn,80
Brooklyn,35
Brooklyn,75
Brooklyn,125
Brooklyn,62
Brooklyn,1002
Brooklyn,100
Brooklyn,80
Brooklyn,60
Brooklyn,75
Brooklyn,65
Brooklyn,130
Brooklyn,333
Brooklyn,149
Brooklyn,150
Brooklyn,60
Brooklyn,190
Brooklyn,100
Brooklyn,150
Brooklyn,170
Brooklyn,55
Brooklyn,80
Brooklyn,319
Brooklyn,175
Brooklyn,67
Brooklyn,90
Brooklyn,165
Brooklyn,115
Brooklyn,65
Brooklyn,70
Brooklyn,45
Brooklyn,55
Brooklyn,65
Brooklyn,160
Brooklyn,120
Brooklyn,45
Brooklyn,50
Brooklyn,51
Brooklyn,43
Brooklyn,70
Brooklyn,55
Brooklyn,50
Brooklyn,60
Brooklyn,275
Brooklyn,65
Brooklyn,135
Brooklyn,40
Brooklyn,120
Brooklyn,80
Brooklyn,58
Brooklyn,65
Brooklyn,70
Brooklyn,64
Brooklyn,100
Brooklyn,65
Brooklyn,350
Brooklyn,48
Brooklyn,85
Brooklyn,70
Brooklyn,175
Brooklyn,245
Brooklyn,45
Brooklyn,75
Brooklyn,125
Brooklyn,45
Brooklyn,154
Brooklyn,230
Brooklyn,144
Brooklyn,44
Brooklyn,75
Brooklyn,45
Brooklyn,220
Brooklyn,125
Brooklyn,150
Brooklyn,45
Brooklyn,120
Brooklyn,36
Brooklyn,48
Brooklyn,50
Brooklyn,39
Brooklyn,150
Brooklyn,100
Brooklyn,80
Brooklyn,125
Brooklyn,45
Brooklyn,60
Brooklyn,40
Brooklyn,80
Brooklyn,85
Brooklyn,135
Brooklyn,600
Brooklyn,105
Brooklyn,65
Brooklyn,50
Brooklyn,360
Brooklyn,160
Brooklyn,105
Brooklyn,130
Brooklyn,79
Brooklyn,90
Brooklyn,283
Brooklyn,70
Brooklyn,199
Brooklyn,45
Brooklyn,145
Brooklyn,69
Brooklyn,89
Brooklyn,75
Brooklyn,98
Brooklyn,50
Brooklyn,77
Brooklyn,60
Brooklyn,117
Brooklyn,89
Brooklyn,44
Brooklyn,75
Brooklyn,124
Brooklyn,60
Brooklyn,100
Brooklyn,50
Brooklyn,75
Brooklyn,75
Brooklyn,75
Brooklyn,65
Brooklyn,95
Brooklyn,40
Brooklyn,425
Brooklyn,75
Brooklyn,150
Brooklyn,49
Brooklyn,97
Brooklyn,155
Brooklyn,55
Brooklyn,45
Brooklyn,105
Brooklyn,45
Brooklyn,120
Brooklyn,125
Brooklyn,40
Brooklyn,50
Brooklyn,37
Brooklyn,65
Brooklyn,95
Brooklyn,54
Brooklyn,30
Brooklyn,25
Brooklyn,33
Brooklyn,87
Brooklyn,60
Brooklyn,99
Brooklyn,225
Brooklyn,129
Brooklyn,120
Brooklyn,100
Brooklyn,250
Brooklyn,122
Brooklyn,120
Brooklyn,60
Brooklyn,110
Brooklyn,100
Brooklyn,75
Brooklyn,205
Brooklyn,33
Brooklyn,98
Brooklyn,45
Brooklyn,65
Brooklyn,80
Brooklyn,150
Brooklyn,110
Brooklyn,149
Brooklyn,35
Brooklyn,65
Brooklyn,68
Brooklyn,36
Brooklyn,34
Brooklyn,135
Brooklyn,155
Brooklyn,40
Brooklyn,250
Brooklyn,140
Brooklyn,38
Brooklyn,350
Brooklyn,185
Brooklyn,60
Brooklyn,120
Brooklyn,34
Brooklyn,45
Brooklyn,250
Brooklyn,150
Brooklyn,100
Brooklyn,40
Brooklyn,55
Brooklyn,40
Brooklyn,55
Brooklyn,177
Brooklyn,162
Brooklyn,80
Brooklyn,35
Brooklyn,30
Brooklyn,85
Brooklyn,450
Brooklyn,90
Brooklyn,76
Brooklyn,125
Brooklyn,150
Brooklyn,92
Brooklyn,39
Brooklyn,64
Brooklyn,65
Brooklyn,162
Brooklyn,75
Brooklyn,75
Brooklyn,66
Brooklyn,100
Brooklyn,190
Brooklyn,50
Brooklyn,125
Brooklyn,90
Brooklyn,250
Brooklyn,145
Brooklyn,50
Brooklyn,219
Brooklyn,110
Brooklyn,100
Brooklyn,79
Brooklyn,207
Brooklyn,50
Brooklyn,119
Brooklyn,175
Brooklyn,49
Brooklyn,45
Brooklyn,70
Brooklyn,180
Brooklyn,145
Brooklyn,60
Brooklyn,98
Brooklyn,85
Brooklyn,120
Brooklyn,149
Brooklyn,90
Brooklyn,165
Brooklyn,70
Brooklyn,109
Brooklyn,96
Brooklyn,390
Brooklyn,78
Brooklyn,50
Brooklyn,200
Brooklyn,50
Brooklyn,200
Brooklyn,185
Brooklyn,75
Brooklyn,200
Brooklyn,40
Brooklyn,350
Brooklyn,125
Brooklyn,110
Brooklyn,38
Brooklyn,100
Brooklyn,75
Brooklyn,190
Brooklyn,39
Brooklyn,145
Brooklyn,85
Brooklyn,43
Brooklyn,40
Brooklyn,85
Brooklyn,50
Brooklyn,70
Brooklyn,33
Brooklyn,34
Brooklyn,171
Brooklyn,36
Brooklyn,65
Brooklyn,69
Brooklyn,64
Brooklyn,250
Brooklyn,40
Brooklyn,90
Brooklyn,70
Brooklyn,195
Brooklyn,75
Brooklyn,55
Brooklyn,75
Brooklyn,50
Brooklyn,28
Brooklyn,70
Brooklyn,69
Brooklyn,250
Brooklyn,30
Brooklyn,65
Brooklyn,75
Brooklyn,50
Brooklyn,160
Brooklyn,65
Brooklyn,195
Brooklyn,50
Brooklyn,95
Brooklyn,225
Brooklyn,75
Brooklyn,94
Brooklyn,100
Brooklyn,349
Brooklyn,41
Brooklyn,85
Brooklyn,150
Brooklyn,45
Brooklyn,83
Brooklyn,79
Brooklyn,70
Brooklyn,60
Brooklyn,31
Brooklyn,120
Brooklyn,176
Brooklyn,200
Brooklyn,70
Brooklyn,60
Brooklyn,150
Brooklyn,200
Brooklyn,55
Brooklyn,45
Brooklyn,75
Brooklyn,45
Brooklyn,160
Brooklyn,60
Brooklyn,125
Brooklyn,55
Brooklyn,40
Brooklyn,50
Brooklyn,135
Brooklyn,60
Brooklyn,140
Brooklyn,300
Brooklyn,75
Brooklyn,250
Brooklyn,112
Brooklyn,690
Brooklyn,60
Brooklyn,70
Brooklyn,50
Brooklyn,140
Brooklyn,619
Brooklyn,35
Brooklyn,54
Brooklyn,175
Brooklyn,135
Brooklyn,2100
Brooklyn,170
Brooklyn,125
Brooklyn,79
Brooklyn,40
Brooklyn,55
Brooklyn,130
Brooklyn,250
Brooklyn,100
Brooklyn,133
Brooklyn,100
Brooklyn,200
Brooklyn,75
Brooklyn,55
Brooklyn,200
Brooklyn,85
Brooklyn,35
Brooklyn,57
Brooklyn,125
Brooklyn,999
Brooklyn,115
Brooklyn,50
Brooklyn,115
Brooklyn,60
Brooklyn,148
Brooklyn,50
Brooklyn,79
Brooklyn,50
Brooklyn,135
Brooklyn,95
Brooklyn,295
Brooklyn,65
Brooklyn,100
Brooklyn,95
Brooklyn,140
Brooklyn,50
Brooklyn,80
Brooklyn,69
Brooklyn,125
Brooklyn,45
Brooklyn,63
Brooklyn,62
Brooklyn,99
Brooklyn,61
Brooklyn,90
Brooklyn,180
Brooklyn,380
Brooklyn,66
Brooklyn,89
Brooklyn,200
Brooklyn,175
Brooklyn,150
Brooklyn,150
Brooklyn,60
Brooklyn,106
Brooklyn,165
Brooklyn,190
Brooklyn,150
Brooklyn,62
Brooklyn,34
Brooklyn,105
Brooklyn,50
Brooklyn,200
Brooklyn,50
Brooklyn,38
Brooklyn,85
Brooklyn,29
Brooklyn,120
Brooklyn,70
Brooklyn,115
Brooklyn,225
Brooklyn,46
Brooklyn,50
Brooklyn,150
Brooklyn,45
Brooklyn,115
Brooklyn,250
Brooklyn,300
Brooklyn,45
Brooklyn,495
Brooklyn,80
Brooklyn,89
Brooklyn,55
Brooklyn,200
Brooklyn,85
Brooklyn,176
Brooklyn,99
Brooklyn,49
Brooklyn,140
Brooklyn,200
Brooklyn,59
Brooklyn,45
Brooklyn,45
Brooklyn,100
Brooklyn,35
Brooklyn,65
Brooklyn,95
Brooklyn,490
Brooklyn,98
Brooklyn,199
Brooklyn,109
Brooklyn,145
Brooklyn,165
Brooklyn,65
Brooklyn,165
Brooklyn,200
Brooklyn,54
Brooklyn,54
Brooklyn,54
Brooklyn,75
Brooklyn,60
Brooklyn,179
Brooklyn,135
Brooklyn,85
Brooklyn,70
Brooklyn,65
Brooklyn,139
Brooklyn,35
Brooklyn,100
Brooklyn,135
Brooklyn,165
Brooklyn,40
Brooklyn,100
Brooklyn,115
Brooklyn,175
Brooklyn,50
Brooklyn,85
Brooklyn,159
Brooklyn,135
Brooklyn,65
Brooklyn,99
Brooklyn,245
Brooklyn,55
Brooklyn,81
Brooklyn,348
Brooklyn,168
Brooklyn,65
Brooklyn,100
Brooklyn,119
Brooklyn,105
Brooklyn,200
Brooklyn,62
Brooklyn,65
Brooklyn,60
Brooklyn,95
Brooklyn,150
Brooklyn,99
Brooklyn,150
Brooklyn,170
Brooklyn,38
Brooklyn,60
Brooklyn,85
Brooklyn,110
Brooklyn,85
Brooklyn,65
Brooklyn,55
Brooklyn,175
Brooklyn,85
Brooklyn,179
Brooklyn,75
Brooklyn,76
Brooklyn,65
Brooklyn,45
Brooklyn,65
Brooklyn,145
Brooklyn,75
Brooklyn,70
Brooklyn,225
Brooklyn,121
Brooklyn,50
Brooklyn,109
Brooklyn,49
Brooklyn,100
Brooklyn,170
Brooklyn,80
Brooklyn,140
Brooklyn,60
Brooklyn,65
Brooklyn,200
Brooklyn,80
Brooklyn,105
Brooklyn,49
Brooklyn,180
Brooklyn,44
Brooklyn,89
Brooklyn,172
Brooklyn,223
Brooklyn,71
Brooklyn,97
Brooklyn,64
Brooklyn,59
Brooklyn,100
Brooklyn,60
Brooklyn,90
Brooklyn,175
Brooklyn,120
Brooklyn,80
Brooklyn,45
Brooklyn,89
Brooklyn,110
Brooklyn,40
Brooklyn,98
Brooklyn,35
Brooklyn,100
Brooklyn,51
Brooklyn,37
Brooklyn,91
Brooklyn,169
Brooklyn,180
Brooklyn,55
Brooklyn,67
Brooklyn,200
Brooklyn,81
Brooklyn,90
Brooklyn,75
Brooklyn,65
Brooklyn,126
Brooklyn,40
Brooklyn,129
Brooklyn,92
Brooklyn,78
Brooklyn,44
Brooklyn,75
Brooklyn,300
Brooklyn,135
Brooklyn,43
Brooklyn,100
Brooklyn,300
Brooklyn,144
Brooklyn,60
Brooklyn,45
Brooklyn,150
Brooklyn,79
Brooklyn,117
Brooklyn,91
Brooklyn,325
Brooklyn,115
Brooklyn,75
Brooklyn,110
Brooklyn,50
Brooklyn,115
Brooklyn,80
Brooklyn,110
Brooklyn,49
Brooklyn,45
Brooklyn,57
Brooklyn,409
Brooklyn,49
Brooklyn,265
Brooklyn,215
Brooklyn,54
Brooklyn,79
Brooklyn,80
Brooklyn,85
Brooklyn,99
Brooklyn,84
Brooklyn,105
Brooklyn,150
Brooklyn,110
Brooklyn,50
Brooklyn,175
Brooklyn,50
Brooklyn,51
Brooklyn,55
Brooklyn,85
Brooklyn,60
Brooklyn,295
Brooklyn,35
Brooklyn,50
Brooklyn,44
Brooklyn,120
Brooklyn,50
Brooklyn,87
Brooklyn,62
Brooklyn,50
Brooklyn,29
Brooklyn,150
Brooklyn,80
Brooklyn,35
Brooklyn,150
Brooklyn,150
Brooklyn,159
Brooklyn,140
Brooklyn,159
Brooklyn,49
Brooklyn,55
Brooklyn,50
Brooklyn,50
Brooklyn,40
Brooklyn,189
Brooklyn,300
Brooklyn,150
Brooklyn,60
Brooklyn,60
Brooklyn,85
Brooklyn,80
Brooklyn,61
Brooklyn,45
Brooklyn,70
Brooklyn,165
Brooklyn,112
Brooklyn,39
Brooklyn,75
Brooklyn,130
Brooklyn,40
Brooklyn,205
Brooklyn,45
Brooklyn,49
Brooklyn,450
Brooklyn,45
Brooklyn,199
Brooklyn,55
Brooklyn,33
Brooklyn,149
Brooklyn,80
Brooklyn,120
Brooklyn,73
Brooklyn,44
Brooklyn,57
Brooklyn,100
Brooklyn,75
Brooklyn,45
Brooklyn,65
Brooklyn,132
Brooklyn,45
Brooklyn,436
Brooklyn,140
Brooklyn,170
Brooklyn,200
Brooklyn,60
Brooklyn,45
Brooklyn,60
Brooklyn,55
Brooklyn,235
Brooklyn,125
Brooklyn,48
Brooklyn,104
Brooklyn,325
Brooklyn,40
Brooklyn,80
Brooklyn,260
Brooklyn,66
Brooklyn,80
Brooklyn,80
Brooklyn,935
Brooklyn,100
Brooklyn,64
Brooklyn,290
Brooklyn,70
Brooklyn,95
Brooklyn,150
Brooklyn,169
Brooklyn,25
Brooklyn,60
Brooklyn,55
Brooklyn,150
Brooklyn,45
Brooklyn,199
Brooklyn,60
Brooklyn,170
Brooklyn,55
Brooklyn,60
Brooklyn,100
Brooklyn,150
Brooklyn,285
Brooklyn,155
Brooklyn,60
Brooklyn,184
Brooklyn,50
Brooklyn,60
Brooklyn,50
Brooklyn,119
Brooklyn,190
Brooklyn,100
Brooklyn,75
Brooklyn,60
Brooklyn,50
Brooklyn,200
Brooklyn,95
Brooklyn,80
Brooklyn,50
Brooklyn,105
Brooklyn,1300
Brooklyn,70
Brooklyn,50
Brooklyn,67
Brooklyn,90
Brooklyn,80
Brooklyn,41
Brooklyn,50
Brooklyn,91
Brooklyn,60
Brooklyn,50
Brooklyn,65
Brooklyn,53
Brooklyn,65
Brooklyn,280
Brooklyn,60
Brooklyn,800
Brooklyn,70
Brooklyn,60
Brooklyn,50
Brooklyn,120
Brooklyn,150
Brooklyn,75
Brooklyn,160
Brooklyn,45
Brooklyn,65
Brooklyn,52
Brooklyn,177
Brooklyn,175
Brooklyn,150
Brooklyn,75
Brooklyn,41
Brooklyn,135
Brooklyn,195
Brooklyn,30
Brooklyn,50
Brooklyn,40
Brooklyn,75
Brooklyn,65
Brooklyn,250
Brooklyn,55
Brooklyn,225
Brooklyn,99
Brooklyn,90
Brooklyn,20
Brooklyn,380
Brooklyn,105
Brooklyn,35
Brooklyn,200
Brooklyn,105
Brooklyn,50
Brooklyn,75
Brooklyn,128
Brooklyn,76
Brooklyn,45
Brooklyn,80
Brooklyn,75
Brooklyn,89
Brooklyn,80
Brooklyn,180
Brooklyn,125
Brooklyn,80
Brooklyn,47
Brooklyn,139
Brooklyn,57
Brooklyn,150
Brooklyn,43
Brooklyn,125
Brooklyn,50
Brooklyn,60
Brooklyn,160
Brooklyn,100
Brooklyn,50
Brooklyn,70
Brooklyn,99
Brooklyn,70
Brooklyn,225
Brooklyn,31
Brooklyn,40
Brooklyn,37
Brooklyn,239
Brooklyn,85
Brooklyn,62
Brooklyn,99
Brooklyn,50
Brooklyn,120
Brooklyn,180
Brooklyn,80
Brooklyn,90
Brooklyn,110
Brooklyn,100
Brooklyn,80
Brooklyn,70
Brooklyn,70
Brooklyn,195
Brooklyn,225
Brooklyn,175
Brooklyn,225
Brooklyn,135
Brooklyn,135
Brooklyn,195
Brooklyn,80
Brooklyn,60
Brooklyn,99
Brooklyn,79
Brooklyn,125
Brooklyn,89
Brooklyn,70
Brooklyn,110
Brooklyn,145
Brooklyn,50
Brooklyn,200
Brooklyn,100
Brooklyn,120
Brooklyn,73
Brooklyn,100
Brooklyn,99
Brooklyn,300
Brooklyn,42
Brooklyn,170
Brooklyn,109
Brooklyn,265
Brooklyn,44
Brooklyn,1000
Brooklyn,150
Brooklyn,95
Brooklyn,150
Brooklyn,65
Brooklyn,150
Brooklyn,30
Brooklyn,250
Brooklyn,180
Brooklyn,52
Brooklyn,190
Brooklyn,150
Brooklyn,150
Brooklyn,70
Brooklyn,70
Brooklyn,26
Brooklyn,150
Brooklyn,50
Brooklyn,85
Brooklyn,475
Brooklyn,179
Brooklyn,110
Brooklyn,35
Brooklyn,195
Brooklyn,325
Brooklyn,100
Brooklyn,80
Brooklyn,80
Brooklyn,275
Brooklyn,123
Brooklyn,196
Brooklyn,500
Brooklyn,165
Brooklyn,230
Brooklyn,90
Brooklyn,200
Brooklyn,160
Brooklyn,66
Brooklyn,60
Brooklyn,124
Brooklyn,79
Brooklyn,65
Brooklyn,170
Brooklyn,72
Brooklyn,75
Brooklyn,35
Brooklyn,45
Brooklyn,115
Brooklyn,150
Brooklyn,50
Brooklyn,100
Brooklyn,45
Brooklyn,39
Brooklyn,219
Brooklyn,220
Brooklyn,85
Brooklyn,77
Brooklyn,88
Brooklyn,90
Brooklyn,41
Brooklyn,65
Brooklyn,95
Brooklyn,140
Brooklyn,67
Brooklyn,60
Brooklyn,45
Brooklyn,350
Brooklyn,65
Brooklyn,575
Brooklyn,400
Brooklyn,90
Brooklyn,200
Brooklyn,155
Brooklyn,70
Brooklyn,100
Brooklyn,85
Brooklyn,65
Brooklyn,45
Brooklyn,80
Brooklyn,100
Brooklyn,160
Brooklyn,45
Brooklyn,195
Brooklyn,100
Brooklyn,1000
Brooklyn,120
Brooklyn,50
Brooklyn,75
Brooklyn,225
Brooklyn,125
Brooklyn,175
Brooklyn,65
Brooklyn,45
Brooklyn,120
Brooklyn,40
Brooklyn,178
Brooklyn,89
Brooklyn,50
Brooklyn,80
Brooklyn,250
Brooklyn,100
Brooklyn,65
Brooklyn,62
Brooklyn,125
Brooklyn,175
Brooklyn,75
Brooklyn,30
Brooklyn,50
Brooklyn,28
Brooklyn,69
Brooklyn,50
Brooklyn,49
Brooklyn,60
Brooklyn,50
Brooklyn,110
Brooklyn,100
Brooklyn,42
Brooklyn,129
Brooklyn,350
Brooklyn,165
Brooklyn,60
Brooklyn,140
Brooklyn,140
Brooklyn,37
Brooklyn,69
Brooklyn,50
Brooklyn,55
Brooklyn,199
Brooklyn,90
Brooklyn,65
Brooklyn,65
Brooklyn,51
Brooklyn,125
Brooklyn,90
Brooklyn,40
Brooklyn,120
Brooklyn,60
Brooklyn,105
Brooklyn,90
Brooklyn,128
Brooklyn,125
Brooklyn,40
Brooklyn,700
Brooklyn,69
Brooklyn,225
Brooklyn,50
Brooklyn,45
Brooklyn,43
Brooklyn,225
Brooklyn,109
Brooklyn,81
Brooklyn,53
Brooklyn,499
Brooklyn,201
Brooklyn,80
Brooklyn,80
Brooklyn,59
Brooklyn,150
Brooklyn,175
Brooklyn,120
Brooklyn,100
Brooklyn,189
Brooklyn,85
Brooklyn,40
Brooklyn,63
Brooklyn,150
Brooklyn,70
Brooklyn,67
Brooklyn,35
Brooklyn,100
Brooklyn,158
Brooklyn,30
Brooklyn,52
Brooklyn,225
Brooklyn,60
Brooklyn,45
Brooklyn,175
Brooklyn,150
Brooklyn,76
Brooklyn,200
Brooklyn,170
Brooklyn,50
Brooklyn,150
Brooklyn,99
Brooklyn,117
Brooklyn,99
Brooklyn,75
Brooklyn,195
Brooklyn,115
Brooklyn,269
Brooklyn,40
Brooklyn,200
Brooklyn,300
Brooklyn,95
Brooklyn,99
Brooklyn,75
Brooklyn,300
Brooklyn,65
Brooklyn,85
Brooklyn,65
Brooklyn,117
Brooklyn,250
Brooklyn,70
Brooklyn,80
Brooklyn,85
Brooklyn,400
Brooklyn,75
Brooklyn,80
Brooklyn,136
Brooklyn,101
Brooklyn,43
Brooklyn,319
Brooklyn,56
Brooklyn,200
Brooklyn,50
Brooklyn,150
Brooklyn,60
Brooklyn,150
Brooklyn,44
Brooklyn,79
Brooklyn,150
Brooklyn,75
Brooklyn,50
Brooklyn,56
Brooklyn,220
Brooklyn,42
Brooklyn,50
Brooklyn,110
Brooklyn,35
Brooklyn,115
Brooklyn,75
Brooklyn,99
Brooklyn,49
Brooklyn,113
Brooklyn,650
Brooklyn,67
Brooklyn,60
Brooklyn,155
Brooklyn,39
Brooklyn,115
Brooklyn,55
Brooklyn,133
Brooklyn,79
Brooklyn,52
Brooklyn,75
Brooklyn,125
Brooklyn,105
Brooklyn,140
Brooklyn,70
Brooklyn,36
Brooklyn,46
Brooklyn,150
Brooklyn,73
Brooklyn,60
Brooklyn,110
Brooklyn,60
Brooklyn,270
Brooklyn,35
Brooklyn,77
Brooklyn,59
Brooklyn,45
Brooklyn,89
Brooklyn,75
Brooklyn,100
Brooklyn,250
Brooklyn,50
Brooklyn,160
Brooklyn,97
Brooklyn,75
Brooklyn,65
Brooklyn,95
Brooklyn,68
Brooklyn,150
Brooklyn,65
Brooklyn,55
Brooklyn,100
Brooklyn,89
Brooklyn,100
Brooklyn,68
Brooklyn,56
Brooklyn,80
Brooklyn,51
Brooklyn,180
Brooklyn,50
Brooklyn,80
Brooklyn,79
Brooklyn,94
Brooklyn,65
Brooklyn,50
Brooklyn,120
Brooklyn,500
Brooklyn,600
Brooklyn,300
Brooklyn,149
Brooklyn,80
Brooklyn,70
Brooklyn,80
Brooklyn,75
Brooklyn,79
Brooklyn,55
Brooklyn,115
Brooklyn,120
Brooklyn,77
Brooklyn,100
Brooklyn,65
Brooklyn,75
Brooklyn,40
Brooklyn,50
Brooklyn,375
Brooklyn,229
Brooklyn,175
Brooklyn,40
Brooklyn,329
Brooklyn,175
Brooklyn,200
Brooklyn,75
Brooklyn,120
Brooklyn,100
Brooklyn,85
Brooklyn,70
Brooklyn,114
Brooklyn,225
Brooklyn,80
Brooklyn,250
Brooklyn,40
Brooklyn,140
Brooklyn,75
Brooklyn,55
Brooklyn,145
Brooklyn,95
Brooklyn,69
Brooklyn,175
Brooklyn,55
Brooklyn,110
Brooklyn,150
Brooklyn,60
Brooklyn,55
Brooklyn,65
Brooklyn,163
Brooklyn,60
Brooklyn,46
Brooklyn,150
Brooklyn,47
Brooklyn,120
Brooklyn,73
Brooklyn,128
Brooklyn,121
Brooklyn,250
Brooklyn,75
Brooklyn,95
Brooklyn,65
Brooklyn,150
Brooklyn,120
Brooklyn,100
Brooklyn,143
Brooklyn,40
Brooklyn,185
Brooklyn,85
Brooklyn,99
Brooklyn,125
Brooklyn,35
Brooklyn,90
Brooklyn,40
Brooklyn,250
Brooklyn,50
Brooklyn,75
Brooklyn,65
Brooklyn,115
Brooklyn,50
Brooklyn,130
Brooklyn,150
Brooklyn,75
Brooklyn,38
Brooklyn,200
Brooklyn,90
Brooklyn,150
Brooklyn,92
Brooklyn,135
Brooklyn,45
Brooklyn,175
Brooklyn,99
Brooklyn,45
Brooklyn,60
Brooklyn,80
Brooklyn,35
Brooklyn,55
Brooklyn,95
Brooklyn,41
Brooklyn,40
Brooklyn,41
Brooklyn,150
Brooklyn,45
Brooklyn,190
Brooklyn,62
Brooklyn,175
Brooklyn,225
Brooklyn,65
Brooklyn,70
Brooklyn,70
Brooklyn,51
Brooklyn,50
Brooklyn,90
Brooklyn,105
Brooklyn,130
Brooklyn,100
Brooklyn,85
Brooklyn,75
Brooklyn,75
Brooklyn,50
Brooklyn,99
Brooklyn,85
Brooklyn,92
Brooklyn,195
Brooklyn,69
Brooklyn,250
Brooklyn,40
Brooklyn,150
Brooklyn,175
Brooklyn,50
Brooklyn,70
Brooklyn,129
Brooklyn,135
Brooklyn,125
Brooklyn,85
Brooklyn,119
Brooklyn,125
Brooklyn,200
Brooklyn,65
Brooklyn,65
Brooklyn,65
Brooklyn,160
Brooklyn,450
Brooklyn,203
Brooklyn,50
Brooklyn,100
Brooklyn,142
Brooklyn,190
Brooklyn,61
Brooklyn,105
Brooklyn,50
Brooklyn,60
Brooklyn,65
Brooklyn,50
Brooklyn,100
Brooklyn,50
Brooklyn,300
Brooklyn,75
Brooklyn,95
Brooklyn,85
Brooklyn,80
Brooklyn,400
Brooklyn,325
Brooklyn,50
Brooklyn,55
Brooklyn,180
Brooklyn,80
Brooklyn,120
Brooklyn,525
Brooklyn,90
Brooklyn,130
Brooklyn,155
Brooklyn,130
Brooklyn,75
Brooklyn,75
Brooklyn,80
Brooklyn,43
Brooklyn,60
Brooklyn,175
Brooklyn,250
Brooklyn,76
Brooklyn,60
Brooklyn,80
Brooklyn,70
Brooklyn,56
Brooklyn,170
Brooklyn,75
Brooklyn,65
Brooklyn,150
Brooklyn,62
Brooklyn,115
Brooklyn,34
Brooklyn,70
Brooklyn,89
Brooklyn,115
Brooklyn,58
Brooklyn,38
Brooklyn,250
Brooklyn,35
Brooklyn,65
Brooklyn,150
Brooklyn,270
Brooklyn,150
Brooklyn,175
Brooklyn,40
Brooklyn,125
Brooklyn,75
Brooklyn,85
Brooklyn,185
Brooklyn,50
Brooklyn,65
Brooklyn,195
Brooklyn,120
Brooklyn,189
Brooklyn,60
Brooklyn,85
Brooklyn,145
Brooklyn,152
Brooklyn,99
Brooklyn,40
Brooklyn,157
Brooklyn,1000
Brooklyn,72
Brooklyn,90
Brooklyn,350
Brooklyn,71
Brooklyn,49
Brooklyn,140
Brooklyn,70
Brooklyn,125
Brooklyn,150
Brooklyn,65
Brooklyn,65
Brooklyn,44
Brooklyn,100
Brooklyn,130
Brooklyn,120
Brooklyn,85
Brooklyn,60
Brooklyn,35
Brooklyn,179
Brooklyn,135
Brooklyn,104
Brooklyn,60
Brooklyn,170
Brooklyn,90
Brooklyn,55
Brooklyn,200
Brooklyn,70
Brooklyn,180
Brooklyn,200
Brooklyn,110
Brooklyn,105
Brooklyn,200
Brooklyn,104
Brooklyn,75
Brooklyn,109
Brooklyn,90
Brooklyn,55
Brooklyn,60
Brooklyn,125
Brooklyn,35
Brooklyn,120
Brooklyn,100
Brooklyn,259
Brooklyn,89
Brooklyn,75
Brooklyn,135
Brooklyn,200
Brooklyn,150
Brooklyn,42
Brooklyn,75
Brooklyn,150
Brooklyn,100
Brooklyn,50
Brooklyn,70
Brooklyn,39
Brooklyn,60
Brooklyn,149
Brooklyn,110
Brooklyn,150
Brooklyn,30
Brooklyn,190
Brooklyn,36
Brooklyn,79
Brooklyn,199
Brooklyn,64
Brooklyn,75
Brooklyn,100
Brooklyn,65
Brooklyn,120
Brooklyn,300
Brooklyn,75
Brooklyn,113
Brooklyn,44
Brooklyn,90
Brooklyn,150
Brooklyn,66
Brooklyn,65
Brooklyn,70
Brooklyn,300
Brooklyn,45
Brooklyn,65
Brooklyn,130
Brooklyn,111
Brooklyn,65
Brooklyn,200
Brooklyn,225
Brooklyn,175
Brooklyn,115
Brooklyn,90
Brooklyn,45
Brooklyn,80
Brooklyn,50
Brooklyn,65
Brooklyn,89
Brooklyn,200
Brooklyn,185
Brooklyn,120
Brooklyn,80
Brooklyn,55
Brooklyn,82
Brooklyn,150
Brooklyn,121
Brooklyn,45
Brooklyn,200
Brooklyn,120
Brooklyn,49
Brooklyn,110
Brooklyn,199
Brooklyn,175
Brooklyn,295
Brooklyn,118
Brooklyn,85
Brooklyn,53
Brooklyn,60
Brooklyn,50
Brooklyn,150
Brooklyn,90
Brooklyn,55
Brooklyn,90
Brooklyn,140
Brooklyn,85
Brooklyn,225
Brooklyn,75
Brooklyn,50
Brooklyn,95
Brooklyn,48
Brooklyn,50
Brooklyn,100
Brooklyn,245
Brooklyn,45
Brooklyn,60
Brooklyn,47
Brooklyn,202
Brooklyn,45
Brooklyn,102
Brooklyn,55
Brooklyn,525
Brooklyn,45
Brooklyn,59
Brooklyn,69
Brooklyn,300
Brooklyn,50
Brooklyn,150
Brooklyn,57
Brooklyn,50
Brooklyn,100
Brooklyn,65
Brooklyn,50
Brooklyn,40
Brooklyn,250
Brooklyn,33
Brooklyn,46
Brooklyn,76
Brooklyn,129
Brooklyn,100
Brooklyn,58
Brooklyn,50
Brooklyn,44
Brooklyn,95
Brooklyn,249
Brooklyn,700
Brooklyn,45
Brooklyn,140
Brooklyn,99
Brooklyn,75
Brooklyn,60
Brooklyn,119
Brooklyn,400
Brooklyn,95
Brooklyn,45
Brooklyn,150
Brooklyn,105
Brooklyn,150
Brooklyn,105
Brooklyn,109
Brooklyn,750
Brooklyn,146
Brooklyn,120
Brooklyn,125
Brooklyn,100
Brooklyn,75
Brooklyn,155
Brooklyn,144
Brooklyn,25
Brooklyn,65
Brooklyn,99
Brooklyn,250
Brooklyn,55
Brooklyn,36
Brooklyn,69
Brooklyn,249
Brooklyn,57
Brooklyn,370
Brooklyn,55
Brooklyn,40
Brooklyn,65
Brooklyn,46
Brooklyn,55
Brooklyn,130
Brooklyn,73
Brooklyn,41
Brooklyn,175
Brooklyn,140
Brooklyn,10000
Brooklyn,300
Brooklyn,38
Brooklyn,220
Brooklyn,250
Brooklyn,115
Brooklyn,62
Brooklyn,60
Brooklyn,138
Brooklyn,120
Brooklyn,41
Brooklyn,35
Brooklyn,215
Brooklyn,79
Brooklyn,130
Brooklyn,55
Brooklyn,75
Brooklyn,42
Brooklyn,125
Brooklyn,60
Brooklyn,35
Brooklyn,150
Brooklyn,60
Brooklyn,120
Brooklyn,55
Brooklyn,75
Brooklyn,85
Brooklyn,185
Brooklyn,100
Brooklyn,40
Brooklyn,150
Brooklyn,113
Brooklyn,45
Brooklyn,225
Brooklyn,325
Brooklyn,359
Brooklyn,67
Brooklyn,25
Brooklyn,100
Brooklyn,60
Brooklyn,55
Brooklyn,175
Brooklyn,200
Brooklyn,200
Brooklyn,57
Brooklyn,145
Brooklyn,80
Brooklyn,70
Brooklyn,90
Brooklyn,115
Brooklyn,200
Brooklyn,83
Brooklyn,160
Brooklyn,40
Brooklyn,50
Brooklyn,85
Brooklyn,100
Brooklyn,57
Brooklyn,104
Brooklyn,53
Brooklyn,115
Brooklyn,139
Brooklyn,150
Brooklyn,280
Brooklyn,45
Brooklyn,70
Brooklyn,150
Brooklyn,130
Brooklyn,100
Brooklyn,55
Brooklyn,50
Brooklyn,103
Brooklyn,50
Brooklyn,54
Brooklyn,50
Brooklyn,59
Brooklyn,150
Brooklyn,80
Brooklyn,85
Brooklyn,185
Brooklyn,85
Brooklyn,75
Brooklyn,89
Brooklyn,57
Brooklyn,150
Brooklyn,50
Brooklyn,29
Brooklyn,100
Brooklyn,45
Brooklyn,49
Brooklyn,45
Brooklyn,66
Brooklyn,33
Brooklyn,70
Brooklyn,106
Brooklyn,175
Brooklyn,360
Brooklyn,119
Brooklyn,189
Brooklyn,68
Brooklyn,45
Brooklyn,38
Brooklyn,100
Brooklyn,80
Brooklyn,40
Brooklyn,50
Brooklyn,54
Brooklyn,300
Brooklyn,41
Brooklyn,199
Brooklyn,240
Brooklyn,91
Brooklyn,55
Brooklyn,75
Brooklyn,44
Brooklyn,100
Brooklyn,140
Brooklyn,199
Brooklyn,82
Brooklyn,85
Brooklyn,49
Brooklyn,280
Brooklyn,80
Brooklyn,51
Brooklyn,119
Brooklyn,30
Brooklyn,100
Brooklyn,30
Brooklyn,60
Brooklyn,65
Brooklyn,140
Brooklyn,85
Brooklyn,90
Brooklyn,75
Brooklyn,60
Brooklyn,80
Brooklyn,137
Brooklyn,120
Brooklyn,48
Brooklyn,179
Brooklyn,58
Brooklyn,50
Brooklyn,110
Brooklyn,120
Brooklyn,50
Brooklyn,48
Brooklyn,45
Brooklyn,50
Brooklyn,75
Brooklyn,65
Brooklyn,80
Brooklyn,43
Brooklyn,39
Brooklyn,70
Brooklyn,130
Brooklyn,85
Brooklyn,95
Brooklyn,90
Brooklyn,45
Brooklyn,38
Brooklyn,130
Brooklyn,75
Brooklyn,67
Brooklyn,249
Brooklyn,111
Brooklyn,65
Brooklyn,45
Brooklyn,299
Brooklyn,150
Brooklyn,100
Brooklyn,53
Brooklyn,40
Brooklyn,250
Brooklyn,85
Brooklyn,45
Brooklyn,160
Brooklyn,120
Brooklyn,151
Brooklyn,30
Brooklyn,67
Brooklyn,153
Brooklyn,75
Brooklyn,98
Brooklyn,131
Brooklyn,130
Brooklyn,200
Brooklyn,180
Brooklyn,140
Brooklyn,50
Brooklyn,89
Brooklyn,65
Brooklyn,55
Brooklyn,150
Brooklyn,150
Brooklyn,325
Brooklyn,91
Brooklyn,41
Brooklyn,57
Brooklyn,65
Brooklyn,149
Brooklyn,90
Brooklyn,165
Brooklyn,224
Brooklyn,49
Brooklyn,650
Brooklyn,50
Brooklyn,55
Brooklyn,90
Brooklyn,100
Brooklyn,55
Brooklyn,45
Brooklyn,159
Brooklyn,92
Brooklyn,180
Brooklyn,80
Brooklyn,120
Brooklyn,130
Brooklyn,84
Brooklyn,50
Brooklyn,325
Brooklyn,160
Brooklyn,47
Brooklyn,200
Brooklyn,75
Brooklyn,39
Brooklyn,120
Brooklyn,53
Brooklyn,50
Brooklyn,249
Brooklyn,53
Brooklyn,60
Brooklyn,60
Brooklyn,95
Brooklyn,180
Brooklyn,50
Brooklyn,85
Brooklyn,125
Brooklyn,65
Brooklyn,60
Brooklyn,42
Brooklyn,55
Brooklyn,115
Brooklyn,95
Brooklyn,113
Brooklyn,50
Brooklyn,125
Brooklyn,75
Brooklyn,56
Brooklyn,125
Brooklyn,75
Brooklyn,200
Brooklyn,40
Brooklyn,75
Brooklyn,45
Brooklyn,120
Brooklyn,51
Brooklyn,83
Brooklyn,55
Brooklyn,85
Brooklyn,95
Brooklyn,170
Brooklyn,111
Brooklyn,125
Brooklyn,34
Brooklyn,79
Brooklyn,80
Brooklyn,89
Brooklyn,85
Brooklyn,38
Brooklyn,29
Brooklyn,45
Brooklyn,147
Brooklyn,154
Brooklyn,150
Brooklyn,65
Brooklyn,99
Brooklyn,45
Brooklyn,45
Brooklyn,450
Brooklyn,67
Brooklyn,149
Brooklyn,80
Brooklyn,150
Brooklyn,42
Brooklyn,40
Brooklyn,70
Brooklyn,200
Brooklyn,75
Brooklyn,180
Brooklyn,75
Brooklyn,85
Brooklyn,92
Brooklyn,100
Brooklyn,99
Brooklyn,110
Brooklyn,50
Brooklyn,110
Brooklyn,85
Brooklyn,65
Brooklyn,80
Brooklyn,75
Brooklyn,125
Brooklyn,115
Brooklyn,90
Brooklyn,140
Brooklyn,30
Brooklyn,55
Brooklyn,65
Brooklyn,65
Brooklyn,55
Brooklyn,73
Brooklyn,75
Brooklyn,100
Brooklyn,120
Brooklyn,155
Brooklyn,100
Brooklyn,30
Brooklyn,50
Brooklyn,200
Brooklyn,85
Brooklyn,139
Brooklyn,135
Brooklyn,150
Brooklyn,185
Brooklyn,400
Brooklyn,59
Brooklyn,200
Brooklyn,100
Brooklyn,45
Brooklyn,125
Brooklyn,95
Brooklyn,149
Brooklyn,99
Brooklyn,125
Brooklyn,107
Brooklyn,125
Brooklyn,65
Brooklyn,45
Brooklyn,75
Brooklyn,35
Brooklyn,200
Brooklyn,95
Brooklyn,250
Brooklyn,70
Brooklyn,81
Brooklyn,55
Brooklyn,110
Brooklyn,220
Brooklyn,110
Brooklyn,90
Brooklyn,99
Brooklyn,48
Brooklyn,45
Brooklyn,85
Brooklyn,100
Brooklyn,65
Brooklyn,250
Brooklyn,170
Brooklyn,58
Brooklyn,45
Brooklyn,299
Brooklyn,150
Brooklyn,50
Brooklyn,172
Brooklyn,175
Brooklyn,150
Brooklyn,100
Brooklyn,295
Brooklyn,40
Brooklyn,43
Brooklyn,50
Brooklyn,85
Brooklyn,73
Brooklyn,49
Brooklyn,130
Brooklyn,132
Brooklyn,35
Brooklyn,47
Brooklyn,60
Brooklyn,100
Brooklyn,80
Brooklyn,78
Brooklyn,145
Brooklyn,99
Brooklyn,120
Brooklyn,99
Brooklyn,55
Brooklyn,55
Brooklyn,80
Brooklyn,40
Brooklyn,163
Brooklyn,141
Brooklyn,59
Brooklyn,50
Brooklyn,189
Brooklyn,48
Brooklyn,49
Brooklyn,55
Brooklyn,80
Brooklyn,80
Brooklyn,78
Brooklyn,120
Brooklyn,75
Brooklyn,60
Brooklyn,75
Brooklyn,99
Brooklyn,160
Brooklyn,50
Brooklyn,100
Brooklyn,33
Brooklyn,100
Brooklyn,35
Brooklyn,55
Brooklyn,60
Brooklyn,89
Brooklyn,57
Brooklyn,52
Brooklyn,70
Brooklyn,170
Brooklyn,62
Brooklyn,160
Brooklyn,100
Brooklyn,110
Brooklyn,120
Brooklyn,150
Brooklyn,150
Brooklyn,95
Brooklyn,37
Brooklyn,75
Brooklyn,67
Brooklyn,59
Brooklyn,227
Brooklyn,80
Brooklyn,225
Brooklyn,109
Brooklyn,79
Brooklyn,60
Brooklyn,250
Brooklyn,135
Brooklyn,50
Brooklyn,120
Brooklyn,160
Brooklyn,72
Brooklyn,72
Brooklyn,48
Brooklyn,95
Brooklyn,65
Brooklyn,113
Brooklyn,175
Brooklyn,575
Brooklyn,135
Brooklyn,152
Brooklyn,800
Brooklyn,80
Brooklyn,140
Brooklyn,100
Brooklyn,94
Brooklyn,45
Brooklyn,65
Brooklyn,155
Brooklyn,50
Brooklyn,50
Brooklyn,136
Brooklyn,80
Brooklyn,200
Brooklyn,148
Brooklyn,90
Brooklyn,239
Brooklyn,100
Brooklyn,50
Brooklyn,55
Brooklyn,180
Brooklyn,100
Brooklyn,88
Brooklyn,56
Brooklyn,98
Brooklyn,93
Brooklyn,250
Brooklyn,225
Brooklyn,400
Brooklyn,130
Brooklyn,249
Brooklyn,85
Brooklyn,60
Brooklyn,80
Brooklyn,250
Brooklyn,75
Brooklyn,215
Brooklyn,102
Brooklyn,25
Brooklyn,280
Brooklyn,70
Brooklyn,80
Brooklyn,145
Brooklyn,86
Brooklyn,90
Brooklyn,70
Brooklyn,64
Brooklyn,60
Brooklyn,100
Brooklyn,218
Brooklyn,200
Brooklyn,90
Brooklyn,105
Brooklyn,150
Brooklyn,154
Brooklyn,50
Brooklyn,70
Brooklyn,40
Brooklyn,100
Brooklyn,50
Brooklyn,88
Brooklyn,70
Brooklyn,78
Brooklyn,50
Brooklyn,60
Brooklyn,150
Brooklyn,60
Brooklyn,105
Brooklyn,125
Brooklyn,75
Brooklyn,259
Brooklyn,60
Brooklyn,180
Brooklyn,130
Brooklyn,50
Brooklyn,45
Brooklyn,37
Brooklyn,40
Brooklyn,45
Brooklyn,40
Brooklyn,85
Brooklyn,150
Brooklyn,90
Brooklyn,55
Brooklyn,45
Brooklyn,88
Brooklyn,40
Brooklyn,54
Brooklyn,99
Brooklyn,249
Brooklyn,195
Brooklyn,59
Brooklyn,105
Brooklyn,54
Brooklyn,99
Brooklyn,57
Brooklyn,95
Brooklyn,150
Brooklyn,85
Brooklyn,41
Brooklyn,85
Brooklyn,120
Brooklyn,54
Brooklyn,60
Brooklyn,51
Brooklyn,250
Brooklyn,125
Brooklyn,60
Brooklyn,200
Brooklyn,75
Brooklyn,100
Brooklyn,55
Brooklyn,60
Brooklyn,188
Brooklyn,140
Brooklyn,150
Brooklyn,65
Brooklyn,150
Brooklyn,100
Brooklyn,90
Brooklyn,68
Brooklyn,100
Brooklyn,65
Brooklyn,40
Brooklyn,80
Brooklyn,50
Brooklyn,135
Brooklyn,35
Brooklyn,85
Brooklyn,60
Brooklyn,45
Brooklyn,50
Brooklyn,151
Brooklyn,139
Brooklyn,55
Brooklyn,65
Brooklyn,130
Brooklyn,70
Brooklyn,130
Brooklyn,98
Brooklyn,120
Brooklyn,75
Brooklyn,60
Brooklyn,125
Brooklyn,60
Brooklyn,100
Brooklyn,90
Brooklyn,70
Brooklyn,113
Brooklyn,130
Brooklyn,50
Brooklyn,125
Brooklyn,45
Brooklyn,150
Brooklyn,170
Brooklyn,85
Brooklyn,41
Brooklyn,80
Brooklyn,75
Brooklyn,175
Brooklyn,50
Brooklyn,50
Brooklyn,50
Brooklyn,95
Brooklyn,350
Brooklyn,40
Brooklyn,39
Brooklyn,185
Brooklyn,100
Brooklyn,130
Brooklyn,125
Brooklyn,85
Brooklyn,250
Brooklyn,99
Brooklyn,38
Brooklyn,90
Brooklyn,83
Brooklyn,80
Brooklyn,400
Brooklyn,80
Brooklyn,75
Brooklyn,349
Brooklyn,66
Brooklyn,144
Brooklyn,51
Brooklyn,135
Brooklyn,65
Brooklyn,160
Brooklyn,65
Brooklyn,125
Brooklyn,105
Brooklyn,150
Brooklyn,95
Brooklyn,75
Brooklyn,88
Brooklyn,390
Brooklyn,60
Brooklyn,45
Brooklyn,75
Brooklyn,38
Brooklyn,70
Brooklyn,180
Brooklyn,200
Brooklyn,300
Brooklyn,425
Brooklyn,77
Brooklyn,110
Brooklyn,150
Brooklyn,71
Brooklyn,65
Brooklyn,408
Brooklyn,95
Brooklyn,125
Brooklyn,86
Brooklyn,32
Brooklyn,45
Brooklyn,95
Brooklyn,150
Brooklyn,75
Brooklyn,150
Brooklyn,500
Brooklyn,80
Brooklyn,79
Brooklyn,100
Brooklyn,135
Brooklyn,80
Brooklyn,95
Brooklyn,160
Brooklyn,45
Brooklyn,101
Brooklyn,90
Brooklyn,65
Brooklyn,39
Brooklyn,39
Brooklyn,100
Brooklyn,150
Brooklyn,110
Brooklyn,175
Brooklyn,90
Brooklyn,90
Brooklyn,250
Brooklyn,95
Brooklyn,87
Brooklyn,150
Brooklyn,40
Brooklyn,29
Brooklyn,90
Brooklyn,350
Brooklyn,90
Brooklyn,138
Brooklyn,95
Brooklyn,90
Brooklyn,130
Brooklyn,70
Brooklyn,115
Brooklyn,100
Brooklyn,40
Brooklyn,140
Brooklyn,70
Brooklyn,250
Brooklyn,65
Brooklyn,40
Brooklyn,50
Brooklyn,50
Brooklyn,170
Brooklyn,125
Brooklyn,125
Brooklyn,70
Brooklyn,149
Brooklyn,90
Brooklyn,80
Brooklyn,45
Brooklyn,65
Brooklyn,45
Brooklyn,99
Brooklyn,55
Brooklyn,449
Brooklyn,74
Brooklyn,70
Brooklyn,147
Brooklyn,50
Brooklyn,80
Brooklyn,100
Brooklyn,70
Brooklyn,150
Brooklyn,198
Brooklyn,39
Brooklyn,145
Brooklyn,90
Brooklyn,125
Brooklyn,75
Brooklyn,2000
Brooklyn,90
Brooklyn,61
Brooklyn,160
Brooklyn,69
Brooklyn,199
Brooklyn,95
Brooklyn,120
Brooklyn,190
Brooklyn,160
Brooklyn,65
Brooklyn,50
Brooklyn,100
Brooklyn,185
Brooklyn,135
Brooklyn,345
Brooklyn,275
Brooklyn,85
Brooklyn,130
Brooklyn,100
Brooklyn,90
Brooklyn,140
Brooklyn,110
Brooklyn,40
Brooklyn,200
Brooklyn,155
Brooklyn,75
Brooklyn,139
Brooklyn,39
Brooklyn,79
Brooklyn,95
Brooklyn,93
Brooklyn,71
Brooklyn,88
Brooklyn,55
Brooklyn,75
Brooklyn,40
Brooklyn,48
Brooklyn,126
Brooklyn,229
Brooklyn,40
Brooklyn,200
Brooklyn,100
Brooklyn,250
Brooklyn,89
Brooklyn,200
Brooklyn,160
Brooklyn,119
Brooklyn,300
Brooklyn,98
Brooklyn,199
Brooklyn,125
Brooklyn,60
Brooklyn,160
Brooklyn,115
Brooklyn,79
Brooklyn,120
Brooklyn,54
Brooklyn,90
Brooklyn,260
Brooklyn,120
Brooklyn,55
Brooklyn,130
Brooklyn,109
Brooklyn,99
Brooklyn,55
Brooklyn,180
Brooklyn,135
Brooklyn,45
Brooklyn,350
Brooklyn,176
Brooklyn,89
Brooklyn,100
Brooklyn,150
Brooklyn,63
Brooklyn,63
Brooklyn,90
Brooklyn,164
Brooklyn,250
Brooklyn,111
Brooklyn,120
Brooklyn,95
Brooklyn,100
Brooklyn,49
Brooklyn,116
Brooklyn,65
Brooklyn,70
Brooklyn,59
Brooklyn,89
Brooklyn,59
Brooklyn,55
Brooklyn,45
Brooklyn,69
Brooklyn,365
Brooklyn,136
Brooklyn,175
Brooklyn,90
Brooklyn,150
Brooklyn,450
Brooklyn,200
Brooklyn,99
Brooklyn,39
Brooklyn,80
Brooklyn,105
Brooklyn,150
Brooklyn,70
Brooklyn,146
Brooklyn,125
Brooklyn,125
Brooklyn,182
Brooklyn,55
Brooklyn,255
Brooklyn,125
Brooklyn,60
Brooklyn,80
Brooklyn,54
Brooklyn,170
Brooklyn,65
Brooklyn,44
Brooklyn,139
Brooklyn,300
Brooklyn,85
Brooklyn,83
Brooklyn,50
Brooklyn,49
Brooklyn,79
Brooklyn,130
Brooklyn,153
Brooklyn,350
Brooklyn,500
Brooklyn,90
Brooklyn,160
Brooklyn,95
Brooklyn,200
Brooklyn,99
Brooklyn,28
Brooklyn,250
Brooklyn,50
Brooklyn,49
Brooklyn,200
Brooklyn,62
Brooklyn,80
Brooklyn,87
Brooklyn,99
Brooklyn,109
Brooklyn,209
Brooklyn,75
Brooklyn,35
Brooklyn,80
Brooklyn,70
Brooklyn,150
Brooklyn,142
Brooklyn,35
Brooklyn,150
Brooklyn,47
Brooklyn,100
Brooklyn,85
Brooklyn,33
Brooklyn,50
Brooklyn,72
Brooklyn,48
Brooklyn,100
Brooklyn,180
Brooklyn,300
Brooklyn,53
Brooklyn,160
Brooklyn,48
Brooklyn,89
Brooklyn,42
Brooklyn,57
Brooklyn,43
Brooklyn,105
Brooklyn,38
Brooklyn,159
Brooklyn,700
Brooklyn,50
Brooklyn,70
Brooklyn,225
Brooklyn,110
Brooklyn,63
Brooklyn,65
Brooklyn,25
Brooklyn,89
Brooklyn,158
Brooklyn,169
Brooklyn,50
Brooklyn,42
Brooklyn,130
Brooklyn,58
Brooklyn,150
Brooklyn,250
Brooklyn,150
Brooklyn,49
Brooklyn,40
Brooklyn,900
Brooklyn,200
Brooklyn,50
Brooklyn,110
Brooklyn,60
Brooklyn,35
Brooklyn,45
Brooklyn,40
Brooklyn,42
Brooklyn,110
Brooklyn,185
Brooklyn,65
Brooklyn,950
Brooklyn,275
Brooklyn,200
Brooklyn,60
Brooklyn,40
Brooklyn,100
Brooklyn,95
Brooklyn,180
Brooklyn,139
Brooklyn,19
Brooklyn,169
Brooklyn,115
Brooklyn,45
Brooklyn,39
Brooklyn,91
Brooklyn,46
Brooklyn,65
Brooklyn,45
Brooklyn,50
Brooklyn,155
Brooklyn,149
Brooklyn,60
Brooklyn,130
Brooklyn,44
Brooklyn,195
Brooklyn,37
Brooklyn,150
Brooklyn,33
Brooklyn,41
Brooklyn,120
Brooklyn,35
Brooklyn,150
Brooklyn,35
Brooklyn,300
Brooklyn,225
Brooklyn,70
Brooklyn,220
Brooklyn,80
Brooklyn,50
Brooklyn,120
Brooklyn,149
Brooklyn,22
Brooklyn,49
Brooklyn,70
Brooklyn,340
Brooklyn,75
Brooklyn,49
Brooklyn,40
Brooklyn,47
Brooklyn,84
Brooklyn,50
Brooklyn,60
Brooklyn,170
Brooklyn,170
Brooklyn,75
Brooklyn,75
Brooklyn,60
Brooklyn,75
Brooklyn,145
Brooklyn,200
Brooklyn,86
Brooklyn,59
Brooklyn,55
Brooklyn,100
Brooklyn,75
Brooklyn,100
Brooklyn,50
Brooklyn,98
Brooklyn,70
Brooklyn,35
Brooklyn,200
Brooklyn,85
Brooklyn,34
Brooklyn,150
Brooklyn,73
Brooklyn,69
Brooklyn,66
Brooklyn,225
Brooklyn,73
Brooklyn,125
Brooklyn,290
Brooklyn,145
Brooklyn,75
Brooklyn,130
Brooklyn,59
Brooklyn,180
Brooklyn,250
Brooklyn,40
Brooklyn,265
Brooklyn,130
Brooklyn,75
Brooklyn,65
Brooklyn,65
Brooklyn,300
Brooklyn,55
Brooklyn,70
Brooklyn,49
Brooklyn,50
Brooklyn,158
Brooklyn,50
Brooklyn,120
Brooklyn,150
Brooklyn,209
Brooklyn,30
Brooklyn,250
Brooklyn,50
Brooklyn,160
Brooklyn,60
Brooklyn,29
Brooklyn,135
Brooklyn,140
Brooklyn,200
Brooklyn,76
Brooklyn,200
Brooklyn,25
Brooklyn,90
Brooklyn,45
Brooklyn,85
Brooklyn,21
Brooklyn,129
Brooklyn,135
Brooklyn,145
Brooklyn,199
Brooklyn,150
Brooklyn,25
Brooklyn,130
Brooklyn,85
Brooklyn,110
Brooklyn,60
Brooklyn,72
Brooklyn,55
Brooklyn,99
Brooklyn,175
Brooklyn,75
Brooklyn,60
Brooklyn,36
Brooklyn,54
Brooklyn,35
Brooklyn,53
Brooklyn,175
Brooklyn,48
Brooklyn,39
Brooklyn,29
Brooklyn,70
Brooklyn,95
Brooklyn,77
Brooklyn,75
Brooklyn,210
Brooklyn,175
Brooklyn,82
Brooklyn,114
Brooklyn,93
Brooklyn,150
Brooklyn,58
Brooklyn,185
Brooklyn,50
Brooklyn,131
Brooklyn,80
Brooklyn,50
Brooklyn,130
Brooklyn,150
Brooklyn,150
Brooklyn,30
Brooklyn,64
Brooklyn,135
Brooklyn,55
Brooklyn,165
Brooklyn,120
Brooklyn,60
Brooklyn,169
Brooklyn,85
Brooklyn,68
Brooklyn,108
Brooklyn,110
Brooklyn,149
Brooklyn,90
Brooklyn,250
Brooklyn,230
Brooklyn,90
Brooklyn,200
Brooklyn,49
Brooklyn,100
Brooklyn,47
Brooklyn,360
Brooklyn,50
Brooklyn,40
Brooklyn,85
Brooklyn,700
Brooklyn,60
Brooklyn,50
Brooklyn,85
Brooklyn,80
Brooklyn,35
Brooklyn,135
Brooklyn,40
Brooklyn,150
Brooklyn,35
Brooklyn,38
Brooklyn,70
Brooklyn,53
Brooklyn,135
Brooklyn,525
Brooklyn,200
Brooklyn,200
Brooklyn,145
Brooklyn,80
Brooklyn,123
Brooklyn,100
Brooklyn,37
Brooklyn,39
Brooklyn,29
Brooklyn,80
Brooklyn,55
Brooklyn,49
Brooklyn,135
Brooklyn,300
Brooklyn,70
Brooklyn,80
Brooklyn,50
Brooklyn,110
Brooklyn,125
Brooklyn,40
Brooklyn,115
Brooklyn,30
Brooklyn,150
Brooklyn,85
Brooklyn,135
Brooklyn,140
Brooklyn,130
Brooklyn,35
Brooklyn,55
Brooklyn,43
Brooklyn,36
Brooklyn,150
Brooklyn,97
Brooklyn,28
Brooklyn,179
Brooklyn,350
Brooklyn,63
Brooklyn,60
Brooklyn,140
Brooklyn,49
Brooklyn,58
Brooklyn,110
Brooklyn,55
Brooklyn,57
Brooklyn,25
Brooklyn,97
Brooklyn,80
Brooklyn,180
Brooklyn,89
Brooklyn,97
Brooklyn,97
Brooklyn,50
Brooklyn,150
Brooklyn,70
Brooklyn,44
Brooklyn,84
Brooklyn,30
Brooklyn,76
Brooklyn,124
Brooklyn,45
Brooklyn,200
Brooklyn,100
Brooklyn,117
Brooklyn,220
Brooklyn,100
Brooklyn,450
Brooklyn,31
Brooklyn,38
Brooklyn,170
Brooklyn,68
Brooklyn,37
Brooklyn,92
Brooklyn,125
Brooklyn,71
Brooklyn,40
Brooklyn,45
Brooklyn,60
Brooklyn,60
Brooklyn,50
Brooklyn,55
Brooklyn,180
Brooklyn,50
Brooklyn,49
Brooklyn,325
Brooklyn,100
Brooklyn,50
Brooklyn,105
Brooklyn,175
Brooklyn,60
Brooklyn,150
Brooklyn,59
Brooklyn,45
Brooklyn,170
Brooklyn,65
Brooklyn,100
Brooklyn,75
Brooklyn,125
Brooklyn,100
Brooklyn,40
Brooklyn,120
Brooklyn,45
Brooklyn,95
Brooklyn,130
Brooklyn,80
Brooklyn,80
Brooklyn,45
Brooklyn,38
Brooklyn,50
Brooklyn,285
Brooklyn,120
Brooklyn,119
Brooklyn,85
Brooklyn,67
Brooklyn,139
Brooklyn,250
Brooklyn,50
Brooklyn,199
Brooklyn,64
Brooklyn,225
Brooklyn,60
Brooklyn,264
Brooklyn,55
Brooklyn,28
Brooklyn,120
Brooklyn,90
Brooklyn,50
Brooklyn,50
Brooklyn,225
Brooklyn,280
Brooklyn,55
Brooklyn,140
Brooklyn,74
Brooklyn,114
Brooklyn,80
Brooklyn,31
Brooklyn,80
Brooklyn,190
Brooklyn,399
Brooklyn,85
Brooklyn,63
Brooklyn,50
Brooklyn,58
Brooklyn,70
Brooklyn,72
Brooklyn,52
Brooklyn,117
Brooklyn,89
Brooklyn,30
Brooklyn,200
Brooklyn,38
Brooklyn,41
Brooklyn,75
Brooklyn,90
Brooklyn,93
Brooklyn,350
Brooklyn,179
Brooklyn,116
Brooklyn,60
Brooklyn,137
Brooklyn,45
Brooklyn,165
Brooklyn,60
Brooklyn,33
Brooklyn,41
Brooklyn,89
Brooklyn,150
Brooklyn,150
Brooklyn,143
Brooklyn,36
Brooklyn,120
Brooklyn,59
Brooklyn,100
Brooklyn,100
Brooklyn,375
Brooklyn,165
Brooklyn,150
Brooklyn,70
Brooklyn,225
Brooklyn,22
Brooklyn,60
Brooklyn,80
Brooklyn,128
Brooklyn,50
Brooklyn,59
Brooklyn,85
Brooklyn,54
Brooklyn,100
Brooklyn,45
Brooklyn,218
Brooklyn,100
Brooklyn,69
Brooklyn,140
Brooklyn,75
Brooklyn,90
Brooklyn,260
Brooklyn,98
Brooklyn,60
Brooklyn,100
Brooklyn,110
Brooklyn,195
Brooklyn,55
Brooklyn,55
Brooklyn,115
Brooklyn,137
Brooklyn,40
Brooklyn,200
Brooklyn,175
Brooklyn,60
Brooklyn,56
Brooklyn,45
Brooklyn,48
Brooklyn,135
Brooklyn,200
Brooklyn,80
Brooklyn,83
Brooklyn,171
Brooklyn,60
Brooklyn,85
Brooklyn,249
Brooklyn,35
Brooklyn,159
Brooklyn,122
Brooklyn,200
Brooklyn,70
Brooklyn,136
Brooklyn,210
Brooklyn,95
Brooklyn,45
Brooklyn,69
Brooklyn,90
Brooklyn,80
Brooklyn,31
Brooklyn,130
Brooklyn,75
Brooklyn,73
Brooklyn,56
Brooklyn,175
Brooklyn,125
Brooklyn,75
Brooklyn,69
Brooklyn,60
Brooklyn,80
Brooklyn,60
Brooklyn,185
Brooklyn,55
Brooklyn,36
Brooklyn,80
Brooklyn,149
Brooklyn,41
Brooklyn,95
Brooklyn,350
Brooklyn,35
Brooklyn,50
Brooklyn,100
Brooklyn,150
Brooklyn,55
Brooklyn,380
Brooklyn,125
Brooklyn,120
Brooklyn,90
Brooklyn,41
Brooklyn,30
Brooklyn,175
Brooklyn,65
Brooklyn,80
Brooklyn,160
Brooklyn,199
Brooklyn,49
Brooklyn,94
Brooklyn,56
Brooklyn,47
Brooklyn,95
Brooklyn,60
Brooklyn,125
Brooklyn,11
Brooklyn,29
Brooklyn,75
Brooklyn,123
Brooklyn,99
Brooklyn,75
Brooklyn,50
Brooklyn,50
Brooklyn,40
Brooklyn,169
Brooklyn,78
Brooklyn,119
Brooklyn,115
Brooklyn,93
Brooklyn,160
Brooklyn,65
Brooklyn,95
Brooklyn,220
Brooklyn,70
Brooklyn,225
Brooklyn,54
Brooklyn,175
Brooklyn,69
Brooklyn,175
Brooklyn,150
Brooklyn,49
Brooklyn,125
Brooklyn,32
Brooklyn,175
Brooklyn,100
Brooklyn,109
Brooklyn,95
Brooklyn,60
Brooklyn,75
Brooklyn,175
Brooklyn,46
Brooklyn,95
Brooklyn,42
Brooklyn,50
Brooklyn,82
Brooklyn,206
Brooklyn,69
Brooklyn,150
Brooklyn,75
Brooklyn,130
Brooklyn,150
Brooklyn,550
Brooklyn,250
Brooklyn,150
Brooklyn,68
Brooklyn,150
Brooklyn,80
Brooklyn,98
Brooklyn,165
Brooklyn,125
Brooklyn,275
Brooklyn,70
Brooklyn,77
Brooklyn,250
Brooklyn,116
Brooklyn,55
Brooklyn,89
Brooklyn,125
Brooklyn,197
Brooklyn,37
Brooklyn,123
Brooklyn,74
Brooklyn,45
Brooklyn,135
Brooklyn,30
Brooklyn,52
Brooklyn,144
Brooklyn,75
Brooklyn,170
Brooklyn,35
Brooklyn,50
Brooklyn,34
Brooklyn,44
Brooklyn,210
Brooklyn,84
Brooklyn,39
Brooklyn,33
Brooklyn,75
Brooklyn,100
Brooklyn,200
Brooklyn,28
Brooklyn,190
Brooklyn,1000
Brooklyn,55
Brooklyn,85
Brooklyn,55
Brooklyn,50
Brooklyn,95
Brooklyn,139
Brooklyn,100
Brooklyn,30
Brooklyn,55
Brooklyn,80
Brooklyn,50
Brooklyn,20
Brooklyn,120
Brooklyn,66
Brooklyn,110
Brooklyn,200
Brooklyn,22
Brooklyn,28
Brooklyn,27
Brooklyn,30
Brooklyn,300
Brooklyn,40
Brooklyn,280
Brooklyn,35
Brooklyn,140
Brooklyn,75
Brooklyn,65
Brooklyn,32
Brooklyn,26
Brooklyn,100
Brooklyn,85
Brooklyn,40
Brooklyn,800
Brooklyn,55
Brooklyn,68
Brooklyn,60
Brooklyn,53
Brooklyn,55
Brooklyn,47
Brooklyn,148
Brooklyn,120
Brooklyn,91
Brooklyn,170
Brooklyn,70
Brooklyn,239
Brooklyn,150
Brooklyn,220
Brooklyn,75
Brooklyn,65
Brooklyn,40
Brooklyn,175
Brooklyn,77
Brooklyn,59
Brooklyn,240
Brooklyn,49
Brooklyn,80
Brooklyn,99
Brooklyn,45
Brooklyn,82
Brooklyn,58
Brooklyn,50
Brooklyn,60
Brooklyn,139
Brooklyn,98
Brooklyn,99
Brooklyn,150
Brooklyn,150
Brooklyn,35
Brooklyn,50
Brooklyn,185
Brooklyn,107
Brooklyn,57
Brooklyn,195
Brooklyn,300
Brooklyn,150
Brooklyn,155
Brooklyn,45
Brooklyn,59
Brooklyn,91
Brooklyn,199
Brooklyn,51
Brooklyn,30
Brooklyn,87
Brooklyn,900
Brooklyn,126
Brooklyn,200
Brooklyn,225
Brooklyn,20
Brooklyn,165
Brooklyn,206
Brooklyn,55
Brooklyn,150
Brooklyn,65
Brooklyn,60
Brooklyn,55
Brooklyn,55
Brooklyn,46
Brooklyn,115
Brooklyn,70
Brooklyn,100
Brooklyn,135
Brooklyn,99
Brooklyn,300
Brooklyn,130
Brooklyn,55
Brooklyn,85
Brooklyn,110
Brooklyn,115
Brooklyn,100
Brooklyn,129
Brooklyn,60
Brooklyn,208
Brooklyn,93
Brooklyn,60
Brooklyn,270
Brooklyn,175
Brooklyn,185
Brooklyn,50
Brooklyn,65
Brooklyn,59
Brooklyn,53
Brooklyn,80
Brooklyn,100
Brooklyn,60
Brooklyn,160
Brooklyn,30
Brooklyn,90
Brooklyn,95
Brooklyn,43
Brooklyn,45
Brooklyn,199
Brooklyn,146
Brooklyn,103
Brooklyn,28
Brooklyn,30
Brooklyn,85
Brooklyn,160
Brooklyn,37
Brooklyn,45
Brooklyn,52
Brooklyn,100
Brooklyn,62
Brooklyn,100
Brooklyn,70
Brooklyn,45
Brooklyn,75
Brooklyn,49
Brooklyn,179
Brooklyn,165
Brooklyn,169
Brooklyn,135
Brooklyn,85
Brooklyn,53
Brooklyn,160
Brooklyn,100
Brooklyn,240
Brooklyn,149
Brooklyn,75
Brooklyn,80
Brooklyn,65
Brooklyn,72
Brooklyn,250
Brooklyn,175
Brooklyn,80
Brooklyn,144
Brooklyn,45
Brooklyn,56
Brooklyn,95
Brooklyn,95
Brooklyn,70
Brooklyn,100
Brooklyn,60
Brooklyn,170
Brooklyn,250
Brooklyn,45
Brooklyn,78
Brooklyn,100
Brooklyn,200
Brooklyn,40
Brooklyn,110
Brooklyn,100
Brooklyn,195
Brooklyn,125
Brooklyn,149
Brooklyn,75
Brooklyn,29
Brooklyn,70
Brooklyn,120
Brooklyn,200
Brooklyn,65
Brooklyn,45
Brooklyn,150
Brooklyn,99
Brooklyn,35
Brooklyn,99
Brooklyn,90
Brooklyn,53
Brooklyn,54
Brooklyn,98
Brooklyn,289
Brooklyn,45
Brooklyn,275
Brooklyn,50
Brooklyn,36
Brooklyn,110
Brooklyn,75
Brooklyn,68
Brooklyn,20
Brooklyn,88
Brooklyn,80
Brooklyn,100
Brooklyn,40
Brooklyn,75
Brooklyn,56
Brooklyn,160
Brooklyn,35
Brooklyn,64
Brooklyn,70
Brooklyn,69
Brooklyn,60
Brooklyn,245
Brooklyn,175
Brooklyn,90
Brooklyn,45
Brooklyn,41
Brooklyn,75
Brooklyn,105
Brooklyn,55
Brooklyn,100
Brooklyn,65
Brooklyn,50
Brooklyn,75
Brooklyn,150
Brooklyn,140
Brooklyn,50
Brooklyn,45
Brooklyn,60
Brooklyn,160
Brooklyn,59
Brooklyn,30
Brooklyn,110
Brooklyn,70
Brooklyn,68
Brooklyn,350
Brooklyn,150
Brooklyn,81
Brooklyn,385
Brooklyn,130
Brooklyn,153
Brooklyn,350
Brooklyn,120
Brooklyn,94
Brooklyn,100
Brooklyn,139
Brooklyn,42
Brooklyn,55
Brooklyn,55
Brooklyn,125
Brooklyn,36
Brooklyn,45
Brooklyn,100
Brooklyn,150
Brooklyn,160
Brooklyn,54
Brooklyn,115
Brooklyn,100
Brooklyn,109
Brooklyn,600
Brooklyn,126
Brooklyn,45
Brooklyn,47
Brooklyn,200
Brooklyn,55
Brooklyn,109
Brooklyn,149
Brooklyn,250
Brooklyn,300
Brooklyn,90
Brooklyn,69
Brooklyn,175
Brooklyn,90
Brooklyn,120
Brooklyn,117
Brooklyn,160
Brooklyn,152
Brooklyn,45
Brooklyn,59
Brooklyn,57
Brooklyn,200
Brooklyn,71
Brooklyn,61
Brooklyn,55
Brooklyn,74
Brooklyn,88
Brooklyn,95
Brooklyn,240
Brooklyn,165
Brooklyn,140
Brooklyn,100
Brooklyn,39
Brooklyn,105
Brooklyn,450
Brooklyn,99
Brooklyn,70
Brooklyn,60
Brooklyn,60
Brooklyn,60
Brooklyn,82
Brooklyn,125
Brooklyn,44
Brooklyn,47
Brooklyn,80
Brooklyn,90
Brooklyn,45
Brooklyn,69
Brooklyn,125
Brooklyn,32
Brooklyn,88
Brooklyn,125
Brooklyn,60
Brooklyn,56
Brooklyn,85
Brooklyn,100
Brooklyn,108
Brooklyn,122
Brooklyn,150
Brooklyn,160
Brooklyn,140
Brooklyn,210
Brooklyn,180
Brooklyn,190
Brooklyn,60
Brooklyn,163
Brooklyn,65
Brooklyn,84
Brooklyn,42
Brooklyn,90
Brooklyn,98
Brooklyn,75
Brooklyn,85
Brooklyn,285
Brooklyn,250
Brooklyn,50
Brooklyn,145
Brooklyn,100
Brooklyn,199
Brooklyn,65
Brooklyn,65
Brooklyn,50
Brooklyn,90
Brooklyn,180
Brooklyn,50
Brooklyn,225
Brooklyn,90
Brooklyn,79
Brooklyn,275
Brooklyn,45
Brooklyn,145
Brooklyn,161
Brooklyn,45
Brooklyn,50
Brooklyn,95
Brooklyn,180
Brooklyn,70
Brooklyn,60
Brooklyn,50
Brooklyn,115
Brooklyn,83
Brooklyn,45
Brooklyn,100
Brooklyn,158
Brooklyn,37
Brooklyn,89
Brooklyn,210
Brooklyn,150
Brooklyn,45
Brooklyn,100
Brooklyn,50
Brooklyn,50
Brooklyn,90
Brooklyn,71
Brooklyn,70
Brooklyn,100
Brooklyn,59
Brooklyn,250
Brooklyn,150
Brooklyn,170
Brooklyn,44
Brooklyn,150
Brooklyn,75
Brooklyn,100
Brooklyn,175
Brooklyn,94
Brooklyn,69
Brooklyn,40
Brooklyn,110
Brooklyn,95
Brooklyn,65
Brooklyn,107
Brooklyn,116
Brooklyn,47
Brooklyn,75
Brooklyn,160
Brooklyn,275
Brooklyn,22
Brooklyn,60
Brooklyn,100
Brooklyn,55
Brooklyn,190
Brooklyn,88
Brooklyn,100
Brooklyn,150
Brooklyn,50
Brooklyn,142
Brooklyn,80
Brooklyn,65
Brooklyn,300
Brooklyn,159
Brooklyn,60
Brooklyn,50
Brooklyn,99
Brooklyn,120
Brooklyn,60
Brooklyn,110
Brooklyn,100
Brooklyn,40
Brooklyn,115
Brooklyn,75
Brooklyn,30
Brooklyn,84
Brooklyn,50
Brooklyn,39
Brooklyn,160
Brooklyn,175
Brooklyn,29
Brooklyn,40
Brooklyn,139
Brooklyn,290
Brooklyn,150
Brooklyn,65
Brooklyn,148
Brooklyn,160
Brooklyn,130
Brooklyn,120
Brooklyn,138
Brooklyn,100
Brooklyn,150
Brooklyn,85
Brooklyn,50
Brooklyn,160
Brooklyn,40
Brooklyn,80
Brooklyn,45
Brooklyn,150
Brooklyn,10
Brooklyn,55
Brooklyn,200
Brooklyn,120
Brooklyn,57
Brooklyn,60
Brooklyn,85
Brooklyn,250
Brooklyn,300
Brooklyn,92
Brooklyn,120
Brooklyn,15
Brooklyn,53
Brooklyn,89
Brooklyn,80
Brooklyn,151
Brooklyn,197
Brooklyn,88
Brooklyn,60
Brooklyn,45
Brooklyn,82
Brooklyn,40
Brooklyn,60
Brooklyn,159
Brooklyn,100
Brooklyn,80
Brooklyn,72
Brooklyn,250
Brooklyn,50
Brooklyn,150
Brooklyn,300
Brooklyn,45
Brooklyn,142
Brooklyn,80
Brooklyn,69
Brooklyn,110
Brooklyn,175
Brooklyn,88
Brooklyn,49
Brooklyn,45
Brooklyn,80
Brooklyn,60
Brooklyn,175
Brooklyn,30
Brooklyn,57
Brooklyn,120
Brooklyn,129
Brooklyn,60
Brooklyn,76
Brooklyn,700
Brooklyn,200
Brooklyn,200
Brooklyn,160
Brooklyn,51
Brooklyn,65
Brooklyn,195
Brooklyn,65
Brooklyn,65
Brooklyn,60
Brooklyn,175
Brooklyn,72
Brooklyn,125
Brooklyn,40
Brooklyn,150
Brooklyn,169
Brooklyn,199
Brooklyn,125
Brooklyn,160
Brooklyn,100
Brooklyn,550
Brooklyn,40
Brooklyn,95
Brooklyn,189
Brooklyn,71
Brooklyn,40
Brooklyn,55
Brooklyn,100
Brooklyn,160
Brooklyn,60
Brooklyn,300
Brooklyn,60
Brooklyn,60
Brooklyn,140
Brooklyn,235
Brooklyn,40
Brooklyn,90
Brooklyn,250
Brooklyn,60
Brooklyn,224
Brooklyn,115
Brooklyn,49
Brooklyn,98
Brooklyn,75
Brooklyn,27
Brooklyn,130
Brooklyn,85
Brooklyn,115
Brooklyn,53
Brooklyn,60
Brooklyn,60
Brooklyn,85
Brooklyn,64
Brooklyn,86
Brooklyn,170
Brooklyn,265
Brooklyn,109
Brooklyn,69
Brooklyn,75
Brooklyn,146
Brooklyn,185
Brooklyn,50
Brooklyn,47
Brooklyn,145
Brooklyn,110
Brooklyn,165
Brooklyn,70
Brooklyn,46
Brooklyn,70
Brooklyn,85
Brooklyn,50
Brooklyn,65
Brooklyn,200
Brooklyn,69
Brooklyn,69
Brooklyn,160
Brooklyn,29
Brooklyn,55
Brooklyn,75
Brooklyn,60
Brooklyn,249
Brooklyn,69
Brooklyn,75
Brooklyn,196
Brooklyn,200
Brooklyn,125
Brooklyn,80
Brooklyn,42
Brooklyn,125
Brooklyn,150
Brooklyn,150
Brooklyn,69
Brooklyn,235
Brooklyn,42
Brooklyn,180
Brooklyn,160
Brooklyn,71
Brooklyn,79
Brooklyn,60
Brooklyn,250
Brooklyn,50
Brooklyn,35
Brooklyn,90
Brooklyn,129
Brooklyn,125
Brooklyn,160
Brooklyn,110
Brooklyn,39
Brooklyn,99
Brooklyn,199
Brooklyn,150
Brooklyn,60
Brooklyn,250
Brooklyn,54
Brooklyn,100
Brooklyn,36
Brooklyn,199
Brooklyn,72
Brooklyn,35
Brooklyn,42
Brooklyn,225
Brooklyn,145
Brooklyn,95
Brooklyn,49
Brooklyn,200
Brooklyn,150
Brooklyn,30
Brooklyn,187
Brooklyn,85
Brooklyn,54
Brooklyn,175
Brooklyn,173
Brooklyn,150
Brooklyn,200
Brooklyn,120
Brooklyn,54
Brooklyn,50
Brooklyn,45
Brooklyn,59
Brooklyn,70
Brooklyn,200
Brooklyn,299
Brooklyn,80
Brooklyn,60
Brooklyn,46
Brooklyn,60
Brooklyn,175
Brooklyn,450
Brooklyn,100
Brooklyn,90
Brooklyn,188
Brooklyn,175
Brooklyn,210
Brooklyn,80
Brooklyn,55
Brooklyn,207
Brooklyn,75
Brooklyn,115
Brooklyn,199
Brooklyn,93
Brooklyn,75
Brooklyn,90
Brooklyn,50
Brooklyn,100
Brooklyn,94
Brooklyn,190
Brooklyn,186
Brooklyn,90
Brooklyn,50
Brooklyn,64
Brooklyn,100
Brooklyn,49
Brooklyn,100
Brooklyn,47
Brooklyn,150
Brooklyn,165
Brooklyn,49
Brooklyn,60
Brooklyn,125
Brooklyn,100
Brooklyn,50
Brooklyn,60
Brooklyn,40
Brooklyn,40
Brooklyn,85
Brooklyn,165
Brooklyn,200
Brooklyn,60
Brooklyn,124
Brooklyn,75
Brooklyn,106
Brooklyn,190
Brooklyn,80
Brooklyn,199
Brooklyn,50
Brooklyn,79
Brooklyn,75
Brooklyn,44
Brooklyn,260
Brooklyn,200
Brooklyn,70
Brooklyn,137
Brooklyn,40
Brooklyn,300
Brooklyn,180
Brooklyn,180
Brooklyn,149
Brooklyn,58
Brooklyn,125
Brooklyn,235
Brooklyn,40
Brooklyn,100
Brooklyn,171
Brooklyn,60
Brooklyn,88
Brooklyn,140
Brooklyn,65
Brooklyn,70
Brooklyn,75
Brooklyn,75
Brooklyn,30
Brooklyn,120
Brooklyn,135
Brooklyn,70
Brooklyn,60
Brooklyn,109
Brooklyn,45
Brooklyn,70
Brooklyn,150
Brooklyn,190
Brooklyn,70
Brooklyn,349
Brooklyn,79
Brooklyn,70
Brooklyn,47
Brooklyn,45
Brooklyn,195
Brooklyn,109
Brooklyn,65
Brooklyn,65
Brooklyn,105
Brooklyn,45
Brooklyn,315
Brooklyn,79
Brooklyn,215
Brooklyn,59
Brooklyn,90
Brooklyn,33
Brooklyn,45
Brooklyn,199
Brooklyn,150
Brooklyn,55
Brooklyn,150
Brooklyn,48
Brooklyn,80
Brooklyn,60
Brooklyn,179
Brooklyn,156
Brooklyn,153
Brooklyn,145
Brooklyn,75
Brooklyn,199
Brooklyn,150
Brooklyn,60
Brooklyn,140
Brooklyn,95
Brooklyn,90
Brooklyn,169
Brooklyn,30
Brooklyn,140
Brooklyn,130
Brooklyn,99
Brooklyn,110
Brooklyn,100
Brooklyn,125
Brooklyn,325
Brooklyn,50
Brooklyn,45
Brooklyn,94
Brooklyn,60
Brooklyn,175
Brooklyn,26
Brooklyn,185
Brooklyn,450
Brooklyn,40
Brooklyn,400
Brooklyn,58
Brooklyn,325
Brooklyn,130
Brooklyn,44
Brooklyn,85
Brooklyn,52
Brooklyn,275
Brooklyn,125
Brooklyn,475
Brooklyn,50
Brooklyn,200
Brooklyn,70
Brooklyn,150
Brooklyn,63
Brooklyn,100
Brooklyn,116
Brooklyn,45
Brooklyn,98
Brooklyn,80
Brooklyn,430
Brooklyn,60
Brooklyn,89
Brooklyn,145
Brooklyn,97
Brooklyn,65
Brooklyn,175
Brooklyn,325
Brooklyn,126
Brooklyn,150
Brooklyn,85
Brooklyn,45
Brooklyn,120
Brooklyn,200
Brooklyn,160
Brooklyn,42
Brooklyn,175
Brooklyn,147
Brooklyn,120
Brooklyn,88
Brooklyn,120
Brooklyn,114
Brooklyn,165
Brooklyn,75
Brooklyn,150
Brooklyn,90
Brooklyn,41
Brooklyn,100
Brooklyn,155
Brooklyn,52
Brooklyn,80
Brooklyn,150
Brooklyn,50
Brooklyn,158
Brooklyn,60
Brooklyn,30
Brooklyn,184
Brooklyn,175
Brooklyn,300
Brooklyn,99
Brooklyn,137
Brooklyn,75
Brooklyn,59
Brooklyn,229
Brooklyn,825
Brooklyn,39
Brooklyn,80
Brooklyn,125
Brooklyn,185
Brooklyn,90
Brooklyn,0
Brooklyn,65
Brooklyn,225
Brooklyn,100
Brooklyn,150
Brooklyn,150
Brooklyn,80
Brooklyn,80
Brooklyn,98
Brooklyn,250
Brooklyn,55
Brooklyn,350
Brooklyn,250
Brooklyn,77
Brooklyn,180
Brooklyn,150
Brooklyn,165
Brooklyn,125
Brooklyn,51
Brooklyn,53
Brooklyn,146
Brooklyn,55
Brooklyn,50
Brooklyn,65
Brooklyn,41
Brooklyn,55
Brooklyn,63
Brooklyn,91
Brooklyn,55
Brooklyn,85
Brooklyn,150
Brooklyn,64
Brooklyn,31
Brooklyn,125
Brooklyn,90
Brooklyn,390
Brooklyn,43
Brooklyn,50
Brooklyn,115
Brooklyn,73
Brooklyn,85
Brooklyn,89
Brooklyn,55
Brooklyn,119
Brooklyn,85
Brooklyn,46
Brooklyn,95
Brooklyn,79
Brooklyn,350
Brooklyn,120
Brooklyn,111
Brooklyn,85
Brooklyn,55
Brooklyn,55
Brooklyn,109
Brooklyn,40
Brooklyn,75
Brooklyn,350
Brooklyn,90
Brooklyn,29
Brooklyn,250
Brooklyn,33
Brooklyn,119
Brooklyn,77
Brooklyn,105
Brooklyn,100
Brooklyn,65
Brooklyn,245
Brooklyn,50
Brooklyn,40
Brooklyn,80
Brooklyn,299
Brooklyn,67
Brooklyn,80
Brooklyn,800
Brooklyn,52
Brooklyn,119
Brooklyn,25
Brooklyn,149
Brooklyn,137
Brooklyn,70
Brooklyn,60
Brooklyn,50
Brooklyn,45
Brooklyn,45
Brooklyn,65
Brooklyn,96
Brooklyn,120
Brooklyn,43
Brooklyn,70
Brooklyn,265
Brooklyn,44
Brooklyn,35
Brooklyn,123
Brooklyn,50
Brooklyn,225
Brooklyn,51
Brooklyn,45
Brooklyn,125
Brooklyn,70
Brooklyn,150
Brooklyn,105
Brooklyn,185
Brooklyn,45
Brooklyn,90
Brooklyn,200
Brooklyn,200
Brooklyn,1067
Brooklyn,105
Brooklyn,36
Brooklyn,100
Brooklyn,68
Brooklyn,50
Brooklyn,39
Brooklyn,80
Brooklyn,134
Brooklyn,50
Brooklyn,60
Brooklyn,150
Brooklyn,65
Brooklyn,95
Brooklyn,350
Brooklyn,125
Brooklyn,42
Brooklyn,128
Brooklyn,109
Brooklyn,40
Brooklyn,45
Brooklyn,85
Brooklyn,225
Brooklyn,65
Brooklyn,55
Brooklyn,59
Brooklyn,225
Brooklyn,200
Brooklyn,180
Brooklyn,115
Brooklyn,185
Brooklyn,50
Brooklyn,70
Brooklyn,75
Brooklyn,250
Brooklyn,78
Brooklyn,49
Brooklyn,220
Brooklyn,40
Brooklyn,45
Brooklyn,49
Brooklyn,52
Brooklyn,119
Brooklyn,121
Brooklyn,60
Brooklyn,80
Brooklyn,85
Brooklyn,48
Brooklyn,45
Brooklyn,200
Brooklyn,300
Brooklyn,400
Brooklyn,80
Brooklyn,125
Brooklyn,101
Brooklyn,43
Brooklyn,424
Brooklyn,170
Brooklyn,60
Brooklyn,125
Brooklyn,40
Brooklyn,46
Brooklyn,100
Brooklyn,50
Brooklyn,120
Brooklyn,29
Brooklyn,70
Brooklyn,105
Brooklyn,110
Brooklyn,80
Brooklyn,31
Brooklyn,70
Brooklyn,37
Brooklyn,150
Brooklyn,180
Brooklyn,90
Brooklyn,36
Brooklyn,80
Brooklyn,33
Brooklyn,70
Brooklyn,67
Brooklyn,130
Brooklyn,70
Brooklyn,300
Brooklyn,45
Brooklyn,69
Brooklyn,99
Brooklyn,100
Brooklyn,100
Brooklyn,95
Brooklyn,200
Brooklyn,75
Brooklyn,89
Brooklyn,65
Brooklyn,79
Brooklyn,188
Brooklyn,105
Brooklyn,185
Brooklyn,42
Brooklyn,66
Brooklyn,109
Brooklyn,90
Brooklyn,89
Brooklyn,600
Brooklyn,50
Brooklyn,45
Brooklyn,62
Brooklyn,250
Brooklyn,195
Brooklyn,128
Brooklyn,44
Brooklyn,120
Brooklyn,52
Brooklyn,147
Brooklyn,37
Brooklyn,70
Brooklyn,150
Brooklyn,225
Brooklyn,115
Brooklyn,35
Brooklyn,100
Brooklyn,55
Brooklyn,219
Brooklyn,45
Brooklyn,150
Brooklyn,150
Brooklyn,50
Brooklyn,200
Brooklyn,119
Brooklyn,147
Brooklyn,200
Brooklyn,89
Brooklyn,60
Brooklyn,45
Brooklyn,60
Brooklyn,215
Brooklyn,51
Brooklyn,170
Brooklyn,50
Brooklyn,79
Brooklyn,39
Brooklyn,65
Brooklyn,80
Brooklyn,120
Brooklyn,125
Brooklyn,72
Brooklyn,80
Brooklyn,37
Brooklyn,77
Brooklyn,180
Brooklyn,60
Brooklyn,240
Brooklyn,154
Brooklyn,113
Brooklyn,100
Brooklyn,350
Brooklyn,136
Brooklyn,80
Brooklyn,160
Brooklyn,130
Brooklyn,110
Brooklyn,87
Brooklyn,450
Brooklyn,84
Brooklyn,148
Brooklyn,200
Brooklyn,149
Brooklyn,650
Brooklyn,55
Brooklyn,55
Brooklyn,50
Brooklyn,150
Brooklyn,125
Brooklyn,125
Brooklyn,90
Brooklyn,70
Brooklyn,60
Brooklyn,199
Brooklyn,130
Brooklyn,60
Brooklyn,350
Brooklyn,125
Brooklyn,93
Brooklyn,60
Brooklyn,225
Brooklyn,124
Brooklyn,149
Brooklyn,63
Brooklyn,85
Brooklyn,425
Brooklyn,50
Brooklyn,200
Brooklyn,125
Brooklyn,32
Brooklyn,60
Brooklyn,35
Brooklyn,60
Brooklyn,65
Brooklyn,60
Brooklyn,100
Brooklyn,100
Brooklyn,225
Brooklyn,90
Brooklyn,77
Brooklyn,46
Brooklyn,55
Brooklyn,250
Brooklyn,55
Brooklyn,89
Brooklyn,37
Brooklyn,37
Brooklyn,42
Brooklyn,226
Brooklyn,300
Brooklyn,85
Brooklyn,80
Brooklyn,150
Brooklyn,225
Brooklyn,100
Brooklyn,399
Brooklyn,90
Brooklyn,40
Brooklyn,60
Brooklyn,212
Brooklyn,130
Brooklyn,160
Brooklyn,185
Brooklyn,50
Brooklyn,250
Brooklyn,97
Brooklyn,550
Brooklyn,85
Brooklyn,85
Brooklyn,65
Brooklyn,90
Brooklyn,160
Brooklyn,65
Brooklyn,80
Brooklyn,90
Brooklyn,150
Brooklyn,125
Brooklyn,65
Brooklyn,80
Brooklyn,125
Brooklyn,139
Brooklyn,45
Brooklyn,40
Brooklyn,60
Brooklyn,35
Brooklyn,162
Brooklyn,75
Brooklyn,130
Brooklyn,75
Brooklyn,150
Brooklyn,37
Brooklyn,250
Brooklyn,130
Brooklyn,100
Brooklyn,300
Brooklyn,160
Brooklyn,105
Brooklyn,87
Brooklyn,55
Brooklyn,81
Brooklyn,60
Brooklyn,37
Brooklyn,70
Brooklyn,69
Brooklyn,33
Brooklyn,49
Brooklyn,225
Brooklyn,120
Brooklyn,157
Brooklyn,150
Brooklyn,110
Brooklyn,95
Brooklyn,450
Brooklyn,55
Brooklyn,124
Brooklyn,165
Brooklyn,102
Brooklyn,133
Brooklyn,49
Brooklyn,69
Brooklyn,250
Brooklyn,35
Brooklyn,60
Brooklyn,80
Brooklyn,160
Brooklyn,70
Brooklyn,68
Brooklyn,90
Brooklyn,60
Brooklyn,70
Brooklyn,375
Brooklyn,45
Brooklyn,55
Brooklyn,60
Brooklyn,36
Brooklyn,39
Brooklyn,155
Brooklyn,40
Brooklyn,140
Brooklyn,37
Brooklyn,50
Brooklyn,65
Brooklyn,45
Brooklyn,70
Brooklyn,95
Brooklyn,126
Brooklyn,126
Brooklyn,88
Brooklyn,139
Brooklyn,40
Brooklyn,125
Brooklyn,210
Brooklyn,35
Brooklyn,60
Brooklyn,225
Brooklyn,112
Brooklyn,60
Brooklyn,62
Brooklyn,150
Brooklyn,180
Brooklyn,25
Brooklyn,256
Brooklyn,70
Brooklyn,105
Brooklyn,40
Brooklyn,80
Brooklyn,389
Brooklyn,40
Brooklyn,65
Brooklyn,75
Brooklyn,120
Brooklyn,52
Brooklyn,44
Brooklyn,150
Brooklyn,89
Brooklyn,200
Brooklyn,115
Brooklyn,100
Brooklyn,39
Brooklyn,275
Brooklyn,70
Brooklyn,50
Brooklyn,79
Brooklyn,80
Brooklyn,167
Brooklyn,174
Brooklyn,65
Brooklyn,50
Brooklyn,139
Brooklyn,200
Brooklyn,43
Brooklyn,80
Brooklyn,54
Brooklyn,49
Brooklyn,95
Brooklyn,63
Brooklyn,32
Brooklyn,32
Brooklyn,70
Brooklyn,100
Brooklyn,36
Brooklyn,85
Brooklyn,225
Brooklyn,77
Brooklyn,400
Brooklyn,340
Brooklyn,135
Brooklyn,90
Brooklyn,91
Brooklyn,99
Brooklyn,200
Brooklyn,67
Brooklyn,70
Brooklyn,250
Brooklyn,49
Brooklyn,200
Brooklyn,100
Brooklyn,125
Brooklyn,45
Brooklyn,58
Brooklyn,95
Brooklyn,50
Brooklyn,34
Brooklyn,45
Brooklyn,32
Brooklyn,264
Brooklyn,100
Brooklyn,45
Brooklyn,85
Brooklyn,100
Brooklyn,64
Brooklyn,55
Brooklyn,100
Brooklyn,200
Brooklyn,53
Brooklyn,44
Brooklyn,215
Brooklyn,150
Brooklyn,100
Brooklyn,115
Brooklyn,59
Brooklyn,275
Brooklyn,110
Brooklyn,90
Brooklyn,250
Brooklyn,100
Brooklyn,43
Brooklyn,51
Brooklyn,42
Brooklyn,60
Brooklyn,181
Brooklyn,169
Brooklyn,225
Brooklyn,29
Brooklyn,55
Brooklyn,350
Brooklyn,53
Brooklyn,84
Brooklyn,145
Brooklyn,88
Brooklyn,48
Brooklyn,55
Brooklyn,51
Brooklyn,54
Brooklyn,52
Brooklyn,62
Brooklyn,63
Brooklyn,120
Brooklyn,52
Brooklyn,175
Brooklyn,42
Brooklyn,90
Brooklyn,50
Brooklyn,52
Brooklyn,100
Brooklyn,31
Brooklyn,45
Brooklyn,50
Brooklyn,60
Brooklyn,40
Brooklyn,60
Brooklyn,55
Brooklyn,40
Brooklyn,99
Brooklyn,100
Brooklyn,50
Brooklyn,50
Brooklyn,275
Brooklyn,200
Brooklyn,115
Brooklyn,60
Brooklyn,54
Brooklyn,55
Brooklyn,44
Brooklyn,70
Brooklyn,135
Brooklyn,170
Brooklyn,50
Brooklyn,65
Brooklyn,175
Brooklyn,250
Brooklyn,90
Brooklyn,85
Brooklyn,170
Brooklyn,50
Brooklyn,60
Brooklyn,152
Brooklyn,70
Brooklyn,99
Brooklyn,100
Brooklyn,60
Brooklyn,200
Brooklyn,70
Brooklyn,299
Brooklyn,70
Brooklyn,40
Brooklyn,45
Brooklyn,290
Brooklyn,150
Brooklyn,77
Brooklyn,85
Brooklyn,55
Brooklyn,100
Brooklyn,114
Brooklyn,200
Brooklyn,125
Brooklyn,40
Brooklyn,105
Brooklyn,60
Brooklyn,130
Brooklyn,146
Brooklyn,57
Brooklyn,160
Brooklyn,47
Brooklyn,50
Brooklyn,65
Brooklyn,110
Brooklyn,45
Brooklyn,140
Brooklyn,170
Brooklyn,100
Brooklyn,42
Brooklyn,180
Brooklyn,167
Brooklyn,125
Brooklyn,70
Brooklyn,550
Brooklyn,68
Brooklyn,108
Brooklyn,75
Brooklyn,250
Brooklyn,35
Brooklyn,70
Brooklyn,195
Brooklyn,98
Brooklyn,57
Brooklyn,200
Brooklyn,400
Brooklyn,789
Brooklyn,60
Brooklyn,127
Brooklyn,110
Brooklyn,44
Brooklyn,105
Brooklyn,100
Brooklyn,65
Brooklyn,90
Brooklyn,100
Brooklyn,100
Brooklyn,350
Brooklyn,90
Brooklyn,100
Brooklyn,150
Brooklyn,60
Brooklyn,175
Brooklyn,84
Brooklyn,100
Brooklyn,260
Brooklyn,99
Brooklyn,65
Brooklyn,80
Brooklyn,48
Brooklyn,40
Brooklyn,103
Brooklyn,45
Brooklyn,89
Brooklyn,75
Brooklyn,45
Brooklyn,160
Brooklyn,90
Brooklyn,45
Brooklyn,90
Brooklyn,40
Brooklyn,45
Brooklyn,55
Brooklyn,80
Brooklyn,124
Brooklyn,198
Brooklyn,225
Brooklyn,60
Brooklyn,57
Brooklyn,95
Brooklyn,600
Brooklyn,200
Brooklyn,116
Brooklyn,50
Brooklyn,99
Brooklyn,210
Brooklyn,55
Brooklyn,108
Brooklyn,42
Brooklyn,150
Brooklyn,170
Brooklyn,75
Brooklyn,200
Brooklyn,60
Brooklyn,59
Brooklyn,49
Brooklyn,99
Brooklyn,120
Brooklyn,175
Brooklyn,60
Brooklyn,42
Brooklyn,90
Brooklyn,100
Brooklyn,107
Brooklyn,175
Brooklyn,27
Brooklyn,101
Brooklyn,87
Brooklyn,88
Brooklyn,85
Brooklyn,83
Brooklyn,125
Brooklyn,95
Brooklyn,250
Brooklyn,110
Brooklyn,92
Brooklyn,95
Brooklyn,275
Brooklyn,60
Brooklyn,120
Brooklyn,35
Brooklyn,79
Brooklyn,65
Brooklyn,65
Brooklyn,85
Brooklyn,250
Brooklyn,75
Brooklyn,65
Brooklyn,100
Brooklyn,90
Brooklyn,46
Brooklyn,160
Brooklyn,88
Brooklyn,175
Brooklyn,80
Brooklyn,160
Brooklyn,200
Brooklyn,97
Brooklyn,50
Brooklyn,149
Brooklyn,200
Brooklyn,60
Brooklyn,200
Brooklyn,78
Brooklyn,275
Brooklyn,140
Brooklyn,214
Brooklyn,75
Brooklyn,95
Brooklyn,145
Brooklyn,50
Brooklyn,136
Brooklyn,585
Brooklyn,180
Brooklyn,40
Brooklyn,40
Brooklyn,56
Brooklyn,298
Brooklyn,145
Brooklyn,100
Brooklyn,50
Brooklyn,38
Brooklyn,110
Brooklyn,32
Brooklyn,149
Brooklyn,130
Brooklyn,62
Brooklyn,57
Brooklyn,35
Brooklyn,114
Brooklyn,40
Brooklyn,60
Brooklyn,80
Brooklyn,33
Brooklyn,50
Brooklyn,65
Brooklyn,55
Brooklyn,50
Brooklyn,50
Brooklyn,130
Brooklyn,200
Brooklyn,66
Brooklyn,60
Brooklyn,399
Brooklyn,120
Brooklyn,100
Brooklyn,47
Brooklyn,85
Brooklyn,60
Brooklyn,45
Brooklyn,87
Brooklyn,152
Brooklyn,135
Brooklyn,69
Brooklyn,55
Brooklyn,45
Brooklyn,80
Brooklyn,150
Brooklyn,200
Brooklyn,65
Brooklyn,149
Brooklyn,245
Brooklyn,70
Brooklyn,75
Brooklyn,65
Brooklyn,71
Brooklyn,89
Brooklyn,50
Brooklyn,100
Brooklyn,100
Brooklyn,75
Brooklyn,80
Brooklyn,158
Brooklyn,50
Brooklyn,100
Brooklyn,90
Brooklyn,120
Brooklyn,150
Brooklyn,150
Brooklyn,100
Brooklyn,80
Brooklyn,50
Brooklyn,40
Brooklyn,200
Brooklyn,1095
Brooklyn,56
Brooklyn,154
Brooklyn,63
Brooklyn,125
Brooklyn,99
Brooklyn,65
Brooklyn,199
Brooklyn,65
Brooklyn,249
Brooklyn,95
Brooklyn,34
Brooklyn,190
Brooklyn,38
Brooklyn,45
Brooklyn,50
Brooklyn,50
Brooklyn,53
Brooklyn,150
Brooklyn,129
Brooklyn,250
Brooklyn,60
Brooklyn,150
Brooklyn,89
Brooklyn,60
Brooklyn,150
Brooklyn,165
Brooklyn,275
Brooklyn,69
Brooklyn,58
Brooklyn,100
Brooklyn,121
Brooklyn,95
Brooklyn,389
Brooklyn,90
Brooklyn,150
Brooklyn,35
Brooklyn,45
Brooklyn,199
Brooklyn,75
Brooklyn,180
Brooklyn,91
Brooklyn,55
Brooklyn,150
Brooklyn,89
Brooklyn,110
Brooklyn,60
Brooklyn,50
Brooklyn,68
Brooklyn,65
Brooklyn,55
Brooklyn,90
Brooklyn,120
Brooklyn,80
Brooklyn,50
Brooklyn,150
Brooklyn,40
Brooklyn,50
Brooklyn,115
Brooklyn,130
Brooklyn,43
Brooklyn,225
Brooklyn,60
Brooklyn,150
Brooklyn,169
Brooklyn,83
Brooklyn,89
Brooklyn,150
Brooklyn,68
Brooklyn,144
Brooklyn,150
Brooklyn,150
Brooklyn,200
Brooklyn,150
Brooklyn,122
Brooklyn,90
Brooklyn,450
Brooklyn,170
Brooklyn,60
Brooklyn,90
Brooklyn,196
Brooklyn,55
Brooklyn,189
Brooklyn,95
Brooklyn,60
Brooklyn,45
Brooklyn,120
Brooklyn,125
Brooklyn,50
Brooklyn,75
Brooklyn,60
Brooklyn,300
Brooklyn,75
Brooklyn,53
Brooklyn,100
Brooklyn,83
Brooklyn,60
Brooklyn,30
Brooklyn,150
Brooklyn,92
Brooklyn,99
Brooklyn,124
Brooklyn,175
Brooklyn,75
Brooklyn,47
Brooklyn,157
Brooklyn,80
Brooklyn,69
Brooklyn,250
Brooklyn,217
Brooklyn,195
Brooklyn,55
Brooklyn,100
Brooklyn,59
Brooklyn,250
Brooklyn,150
Brooklyn,800
Brooklyn,95
Brooklyn,60
Brooklyn,40
Brooklyn,149
Brooklyn,40
Brooklyn,50
Brooklyn,100
Brooklyn,250
Brooklyn,85
Brooklyn,225
Brooklyn,78
Brooklyn,49
Brooklyn,115
Brooklyn,59
Brooklyn,32
Brooklyn,45
Brooklyn,70
Brooklyn,99
Brooklyn,55
Brooklyn,55
Brooklyn,110
Brooklyn,100
Brooklyn,85
Brooklyn,55
Brooklyn,150
Brooklyn,110
Brooklyn,66
Brooklyn,66
Brooklyn,200
Brooklyn,35
Brooklyn,165
Brooklyn,60
Brooklyn,400
Brooklyn,90
Brooklyn,75
Brooklyn,55
Brooklyn,72
Brooklyn,120
Brooklyn,99
Brooklyn,40
Brooklyn,75
Brooklyn,90
Brooklyn,269
Brooklyn,106
Brooklyn,150
Brooklyn,63
Brooklyn,120
Brooklyn,80
Brooklyn,60
Brooklyn,45
Brooklyn,110
Brooklyn,50
Brooklyn,54
Brooklyn,170
Brooklyn,50
Brooklyn,85
Brooklyn,80
Brooklyn,50
Brooklyn,79
Brooklyn,211
Brooklyn,159
Brooklyn,55
Brooklyn,119
Brooklyn,120
Brooklyn,70
Brooklyn,80
Brooklyn,125
Brooklyn,144
Brooklyn,170
Brooklyn,125
Brooklyn,85
Brooklyn,130
Brooklyn,140
Brooklyn,75
Brooklyn,300
Brooklyn,38
Brooklyn,175
Brooklyn,50
Brooklyn,75
Brooklyn,1000
Brooklyn,70
Brooklyn,85
Brooklyn,40
Brooklyn,50
Brooklyn,75
Brooklyn,38
Brooklyn,94
Brooklyn,54
Brooklyn,80
Brooklyn,120
Brooklyn,215
Brooklyn,72
Brooklyn,80
Brooklyn,50
Brooklyn,255
Brooklyn,120
Brooklyn,61
Brooklyn,55
Brooklyn,298
Brooklyn,199
Brooklyn,80
Brooklyn,66
Brooklyn,165
Brooklyn,150
Brooklyn,90
Brooklyn,210
Brooklyn,110
Brooklyn,70
Brooklyn,59
Brooklyn,70
Brooklyn,70
Brooklyn,50
Brooklyn,192
Brooklyn,60
Brooklyn,175
Brooklyn,295
Brooklyn,66
Brooklyn,40
Brooklyn,34
Brooklyn,140
Brooklyn,50
Brooklyn,65
Brooklyn,80
Brooklyn,150
Brooklyn,89
Brooklyn,400
Brooklyn,175
Brooklyn,55
Brooklyn,105
Brooklyn,34
Brooklyn,0
Brooklyn,70
Brooklyn,70
Brooklyn,60
Brooklyn,300
Brooklyn,150
Brooklyn,72
Brooklyn,80
Brooklyn,74
Brooklyn,110
Brooklyn,150
Brooklyn,50
Brooklyn,47
Brooklyn,97
Brooklyn,35
Brooklyn,45
Brooklyn,60
Brooklyn,139
Brooklyn,100
Brooklyn,160
Brooklyn,90
Brooklyn,350
Brooklyn,70
Brooklyn,275
Brooklyn,105
Brooklyn,70
Brooklyn,64
Brooklyn,75
Brooklyn,49
Brooklyn,125
Brooklyn,118
Brooklyn,49
Brooklyn,245
Brooklyn,60
Brooklyn,160
Brooklyn,150
Brooklyn,174
Brooklyn,85
Brooklyn,120
Brooklyn,47
Brooklyn,140
Brooklyn,65
Brooklyn,47
Brooklyn,100
Brooklyn,185
Brooklyn,44
Brooklyn,180
Brooklyn,50
Brooklyn,180
Brooklyn,170
Brooklyn,60
Brooklyn,0
Brooklyn,184
Brooklyn,65
Brooklyn,74
Brooklyn,48
Brooklyn,130
Brooklyn,149
Brooklyn,67
Brooklyn,90
Brooklyn,37
Brooklyn,0
Brooklyn,100
Brooklyn,35
Brooklyn,67
Brooklyn,200
Brooklyn,182
Brooklyn,0
Brooklyn,0
Brooklyn,0
Brooklyn,105
Brooklyn,100
Brooklyn,130
Brooklyn,75
Brooklyn,80
Brooklyn,125
Brooklyn,65
Brooklyn,150
Brooklyn,60
Brooklyn,180
Brooklyn,120
Brooklyn,179
Brooklyn,90
Brooklyn,50
Brooklyn,36
Brooklyn,5000
Brooklyn,80
Brooklyn,90
Brooklyn,50
Brooklyn,250
Brooklyn,140
Brooklyn,50
Brooklyn,59
Brooklyn,85
Brooklyn,60
Brooklyn,37
Brooklyn,90
Brooklyn,111
Brooklyn,150
Brooklyn,135
Brooklyn,241
Brooklyn,69
Brooklyn,150
Brooklyn,94
Brooklyn,95
Brooklyn,53
Brooklyn,58
Brooklyn,80
Brooklyn,33
Brooklyn,150
Brooklyn,129
Brooklyn,40
Brooklyn,40
Brooklyn,57
Brooklyn,210
Brooklyn,48
Brooklyn,50
Brooklyn,165
Brooklyn,125
Brooklyn,130
Brooklyn,114
Brooklyn,130
Brooklyn,230
Brooklyn,75
Brooklyn,65
Brooklyn,159
Brooklyn,115
Brooklyn,165
Brooklyn,129
Brooklyn,55
Brooklyn,97
Brooklyn,100
Brooklyn,100
Brooklyn,50
Brooklyn,75
Brooklyn,55
Brooklyn,175
Brooklyn,75
Brooklyn,75
Brooklyn,35
Brooklyn,53
Brooklyn,30
Brooklyn,496
Brooklyn,1700
Brooklyn,30
Brooklyn,50
Brooklyn,195
Brooklyn,49
Brooklyn,95
Brooklyn,120
Brooklyn,135
Brooklyn,49
Brooklyn,100
Brooklyn,48
Brooklyn,48
Brooklyn,60
Brooklyn,50
Brooklyn,85
Brooklyn,70
Brooklyn,125
Brooklyn,88
Brooklyn,50
Brooklyn,76
Brooklyn,47
Brooklyn,200
Brooklyn,50
Brooklyn,250
Brooklyn,85
Brooklyn,100
Brooklyn,160
Brooklyn,88
Brooklyn,95
Brooklyn,62
Brooklyn,100
Brooklyn,250
Brooklyn,116
Brooklyn,175
Brooklyn,44
Brooklyn,80
Brooklyn,58
Brooklyn,65
Brooklyn,49
Brooklyn,48
Brooklyn,42
Brooklyn,85
Brooklyn,60
Brooklyn,58
Brooklyn,90
Brooklyn,76
Brooklyn,74
Brooklyn,95
Brooklyn,210
Brooklyn,250
Brooklyn,90
Brooklyn,135
Brooklyn,145
Brooklyn,100
Brooklyn,120
Brooklyn,115
Brooklyn,80
Brooklyn,110
Brooklyn,275
Brooklyn,120
Brooklyn,100
Brooklyn,59
Brooklyn,50
Brooklyn,50
Brooklyn,275
Brooklyn,145
Brooklyn,60
Brooklyn,70
Brooklyn,65
Brooklyn,75
Brooklyn,90
Brooklyn,99
Brooklyn,93
Brooklyn,55
Brooklyn,150
Brooklyn,35
Brooklyn,75
Brooklyn,350
Brooklyn,125
Brooklyn,75
Brooklyn,184
Brooklyn,125
Brooklyn,75
Brooklyn,137
Brooklyn,115
Brooklyn,180
Brooklyn,70
Brooklyn,125
Brooklyn,60
Brooklyn,130
Brooklyn,114
Brooklyn,225
Brooklyn,250
Brooklyn,99
Brooklyn,59
Brooklyn,250
Brooklyn,150
Brooklyn,60
Brooklyn,38
Brooklyn,130
Brooklyn,159
Brooklyn,225
Brooklyn,70
Brooklyn,70
Brooklyn,75
Brooklyn,200
Brooklyn,102
Brooklyn,80
Brooklyn,155
Brooklyn,310
Brooklyn,95
Brooklyn,35
Brooklyn,150
Brooklyn,98
Brooklyn,90
Brooklyn,100
Brooklyn,250
Brooklyn,250
Brooklyn,225
Brooklyn,45
Brooklyn,165
Brooklyn,85
Brooklyn,75
Brooklyn,79
Brooklyn,370
Brooklyn,150
Brooklyn,60
Brooklyn,80
Brooklyn,137
Brooklyn,150
Brooklyn,50
Brooklyn,150
Brooklyn,69
Brooklyn,200
Brooklyn,70
Brooklyn,30
Brooklyn,105
Brooklyn,131
Brooklyn,169
Brooklyn,58
Brooklyn,200
Brooklyn,120
Brooklyn,75
Brooklyn,99
Brooklyn,120
Brooklyn,45
Brooklyn,35
Brooklyn,134
Brooklyn,85
Brooklyn,80
Brooklyn,45
Brooklyn,110
Brooklyn,139
Brooklyn,120
Brooklyn,100
Brooklyn,250
Brooklyn,40
Brooklyn,25
Brooklyn,52
Brooklyn,75
Brooklyn,99
Brooklyn,55
Brooklyn,54
Brooklyn,90
Brooklyn,50
Brooklyn,53
Brooklyn,59
Brooklyn,99
Brooklyn,160
Brooklyn,45
Brooklyn,149
Brooklyn,60
Brooklyn,65
Brooklyn,79
Brooklyn,79
Brooklyn,54
Brooklyn,79
Brooklyn,145
Brooklyn,300
Brooklyn,50
Brooklyn,170
Brooklyn,124
Brooklyn,60
Brooklyn,60
Brooklyn,160
Brooklyn,80
Brooklyn,100
Brooklyn,225
Brooklyn,119
Brooklyn,30
Brooklyn,120
Brooklyn,119
Brooklyn,80
Brooklyn,300
Brooklyn,250
Brooklyn,180
Brooklyn,75
Brooklyn,135
Brooklyn,50
Brooklyn,70
Brooklyn,100
Brooklyn,76
Brooklyn,240
Brooklyn,80
Brooklyn,35
Brooklyn,50
Brooklyn,90
Brooklyn,65
Brooklyn,58
Brooklyn,116
Brooklyn,120
Brooklyn,100
Brooklyn,100
Brooklyn,75
Brooklyn,120
Brooklyn,349
Brooklyn,70
Brooklyn,65
Brooklyn,30
Brooklyn,120
Brooklyn,97
Brooklyn,165
Brooklyn,106
Brooklyn,99
Brooklyn,155
Brooklyn,185
Brooklyn,160
Brooklyn,350
Brooklyn,94
Brooklyn,139
Brooklyn,400
Brooklyn,100
Brooklyn,100
Brooklyn,150
Brooklyn,100
Brooklyn,135
Brooklyn,125
Brooklyn,100
Brooklyn,45
Brooklyn,175
Brooklyn,60
Brooklyn,158
Brooklyn,60
Brooklyn,45
Brooklyn,50
Brooklyn,350
Brooklyn,125
Brooklyn,50
Brooklyn,50
Brooklyn,100
Brooklyn,115
Brooklyn,79
Brooklyn,89
Brooklyn,55
Brooklyn,125
Brooklyn,150
Brooklyn,150
Brooklyn,115
Brooklyn,45
Brooklyn,50
Brooklyn,75
Brooklyn,150
Brooklyn,180
Brooklyn,85
Brooklyn,105
Brooklyn,70
Brooklyn,65
Brooklyn,60
Brooklyn,35
Brooklyn,148
Brooklyn,200
Brooklyn,319
Brooklyn,200
Brooklyn,80
Brooklyn,120
Brooklyn,95
Brooklyn,60
Brooklyn,60
Brooklyn,59
Brooklyn,75
Brooklyn,75
Brooklyn,130
Brooklyn,69
Brooklyn,48
Brooklyn,225
Brooklyn,40
Brooklyn,130
Brooklyn,37
Brooklyn,62
Brooklyn,120
Brooklyn,55
Brooklyn,250
Brooklyn,45
Brooklyn,120
Brooklyn,55
Brooklyn,100
Brooklyn,70
Brooklyn,189
Brooklyn,45
Brooklyn,65
Brooklyn,59
Brooklyn,160
Brooklyn,190
Brooklyn,165
Brooklyn,225
Brooklyn,380
Brooklyn,200
Brooklyn,133
Brooklyn,44
Brooklyn,115
Brooklyn,180
Brooklyn,125
Brooklyn,475
Brooklyn,750
Brooklyn,75
Brooklyn,78
Brooklyn,250
Brooklyn,100
Brooklyn,68
Brooklyn,198
Brooklyn,290
Brooklyn,75
Brooklyn,90
Brooklyn,325
Brooklyn,35
Brooklyn,78
Brooklyn,37
Brooklyn,45
Brooklyn,5000
Brooklyn,115
Brooklyn,179
Brooklyn,65
Brooklyn,75
Brooklyn,60
Brooklyn,250
Brooklyn,38
Brooklyn,220
Brooklyn,150
Brooklyn,58
Brooklyn,130
Brooklyn,235
Brooklyn,35
Brooklyn,40
Brooklyn,73
Brooklyn,195
Brooklyn,70
Brooklyn,150
Brooklyn,95
Brooklyn,95
Brooklyn,84
Brooklyn,55
Brooklyn,52
Brooklyn,45
Brooklyn,100
Brooklyn,130
Brooklyn,120
Brooklyn,85
Brooklyn,100
Brooklyn,85
Brooklyn,150
Brooklyn,40
Brooklyn,75
Brooklyn,38
Brooklyn,130
Brooklyn,350
Brooklyn,49
Brooklyn,0
Brooklyn,55
Brooklyn,298
Brooklyn,29
Brooklyn,50
Brooklyn,60
Brooklyn,43
Brooklyn,265
Brooklyn,60
Brooklyn,400
Brooklyn,235
Brooklyn,52
Brooklyn,160
Brooklyn,300
Brooklyn,0
Brooklyn,80
Brooklyn,80
Brooklyn,60
Brooklyn,400
Brooklyn,120
Brooklyn,80
Brooklyn,92
Brooklyn,95
Brooklyn,185
Brooklyn,200
Brooklyn,40
Brooklyn,130
Brooklyn,50
Brooklyn,85
Brooklyn,100
Brooklyn,200
Brooklyn,119
Brooklyn,90
Brooklyn,150
Brooklyn,140
Brooklyn,75
Brooklyn,345
Brooklyn,125
Brooklyn,200
Brooklyn,90
Brooklyn,99
Brooklyn,148
Brooklyn,585
Brooklyn,36
Brooklyn,60
Brooklyn,200
Brooklyn,90
Brooklyn,71
Brooklyn,180
Brooklyn,120
Brooklyn,65
Brooklyn,69
Brooklyn,70
Brooklyn,150
Brooklyn,120
Brooklyn,100
Brooklyn,190
Brooklyn,200
Brooklyn,70
Brooklyn,70
Brooklyn,70
Brooklyn,129
Brooklyn,800
Brooklyn,130
Brooklyn,160
Brooklyn,85
Brooklyn,80
Brooklyn,80
Brooklyn,175
Brooklyn,180
Brooklyn,100
Brooklyn,129
Brooklyn,44
Brooklyn,75
Brooklyn,88
Brooklyn,125
Brooklyn,44
Brooklyn,128
Brooklyn,150
Brooklyn,165
Brooklyn,90
Brooklyn,70
Brooklyn,154
Brooklyn,299
Brooklyn,120
Brooklyn,100
Brooklyn,80
Brooklyn,40
Brooklyn,150
Brooklyn,60
Brooklyn,100
Brooklyn,50
Brooklyn,110
Brooklyn,97
Brooklyn,50
Brooklyn,65
Brooklyn,100
Brooklyn,60
Brooklyn,89
Brooklyn,150
Brooklyn,110
Brooklyn,44
Brooklyn,80
Brooklyn,115
Brooklyn,60
Brooklyn,70
Brooklyn,109
Brooklyn,65
Brooklyn,40
Brooklyn,85
Brooklyn,150
Brooklyn,200
Brooklyn,69
Brooklyn,142
Brooklyn,150
Brooklyn,125
Brooklyn,175
Brooklyn,66
Brooklyn,66
Brooklyn,85
Brooklyn,89
Brooklyn,105
Brooklyn,120
Brooklyn,35
Brooklyn,35
Brooklyn,25
Brooklyn,120
Brooklyn,60
Brooklyn,109
Brooklyn,75
Brooklyn,145
Brooklyn,100
Brooklyn,42
Brooklyn,50
Brooklyn,60
Brooklyn,62
Brooklyn,184
Brooklyn,75
Brooklyn,58
Brooklyn,150
Brooklyn,60
Brooklyn,65
Brooklyn,80
Brooklyn,25
Brooklyn,150
Brooklyn,65
Brooklyn,90
Brooklyn,30
Brooklyn,35
Brooklyn,80
Brooklyn,90
Brooklyn,196
Brooklyn,62
Brooklyn,36
Brooklyn,129
Brooklyn,32
Brooklyn,100
Brooklyn,60
Brooklyn,60
Brooklyn,140
Brooklyn,75
Brooklyn,165
Brooklyn,100
Brooklyn,100
Brooklyn,42
Brooklyn,39
Brooklyn,100
Brooklyn,95
Brooklyn,110
Brooklyn,70
Brooklyn,55
Brooklyn,120
Brooklyn,45
Brooklyn,95
Brooklyn,80
Brooklyn,100
Brooklyn,150
Brooklyn,55
Brooklyn,120
Brooklyn,150
Brooklyn,150
Brooklyn,60
Brooklyn,250
Brooklyn,125
Brooklyn,32
Brooklyn,50
Brooklyn,48
Brooklyn,49
Brooklyn,90
Brooklyn,89
Brooklyn,200
Brooklyn,94
Brooklyn,95
Brooklyn,159
Brooklyn,150
Brooklyn,159
Brooklyn,59
Brooklyn,200
Brooklyn,70
Brooklyn,60
Brooklyn,50
Brooklyn,235
Brooklyn,100
Brooklyn,51
Brooklyn,95
Brooklyn,35
Brooklyn,70
Brooklyn,65
Brooklyn,250
Brooklyn,31
Brooklyn,32
Brooklyn,65
Brooklyn,75
Brooklyn,84
Brooklyn,150
Brooklyn,47
Brooklyn,50
Brooklyn,107
Brooklyn,150
Brooklyn,65
Brooklyn,40
Brooklyn,52
Brooklyn,358
Brooklyn,219
Brooklyn,100
Brooklyn,45
Brooklyn,48
Brooklyn,125
Brooklyn,102
Brooklyn,69
Brooklyn,70
Brooklyn,100
Brooklyn,120
Brooklyn,75
Brooklyn,48
Brooklyn,120
Brooklyn,62
Brooklyn,45
Brooklyn,66
Brooklyn,44
Brooklyn,65
Brooklyn,70
Brooklyn,128
Brooklyn,50
Brooklyn,75
Brooklyn,60
Brooklyn,100
Brooklyn,70
Brooklyn,265
Brooklyn,219
Brooklyn,55
Brooklyn,100
Brooklyn,125
Brooklyn,72
Brooklyn,64
Brooklyn,149
Brooklyn,150
Brooklyn,85
Brooklyn,60
Brooklyn,90
Brooklyn,70
Brooklyn,220
Brooklyn,120
Brooklyn,40
Brooklyn,70
Brooklyn,300
Brooklyn,38
Brooklyn,40
Brooklyn,43
Brooklyn,60
Brooklyn,32
Brooklyn,100
Brooklyn,99
Brooklyn,125
Brooklyn,50
Brooklyn,80
Brooklyn,99
Brooklyn,500
Brooklyn,41
Brooklyn,85
Brooklyn,115
Brooklyn,31
Brooklyn,120
Brooklyn,28
Brooklyn,150
Brooklyn,30
Brooklyn,30
Brooklyn,150
Brooklyn,50
Brooklyn,50
Brooklyn,160
Brooklyn,110
Brooklyn,95
Brooklyn,160
Brooklyn,118
Brooklyn,70
Brooklyn,125
Brooklyn,55
Brooklyn,130
Brooklyn,48
Brooklyn,150
Brooklyn,175
Brooklyn,67
Brooklyn,80
Brooklyn,31
Brooklyn,98
Brooklyn,40
Brooklyn,100
Brooklyn,125
Brooklyn,90
Brooklyn,100
Brooklyn,80
Brooklyn,100
Brooklyn,95
Brooklyn,95
Brooklyn,46
Brooklyn,200
Brooklyn,148
Brooklyn,120
Brooklyn,90
Brooklyn,55
Brooklyn,175
Brooklyn,75
Brooklyn,80
Brooklyn,300
Brooklyn,78
Brooklyn,213
Brooklyn,175
Brooklyn,87
Brooklyn,36
Brooklyn,125
Brooklyn,100
Brooklyn,37
Brooklyn,120
Brooklyn,250
Brooklyn,70
Brooklyn,188
Brooklyn,75
Brooklyn,60
Brooklyn,95
Brooklyn,150
Brooklyn,69
Brooklyn,200
Brooklyn,58
Brooklyn,90
Brooklyn,95
Brooklyn,180
Brooklyn,54
Brooklyn,125
Brooklyn,45
Brooklyn,100
Brooklyn,100
Brooklyn,100
Brooklyn,249
Brooklyn,60
Brooklyn,459
Brooklyn,70
Brooklyn,60
Brooklyn,130
Brooklyn,59
Brooklyn,60
Brooklyn,75
Brooklyn,160
Brooklyn,60
Brooklyn,100
Brooklyn,100
Brooklyn,105
Brooklyn,105
Brooklyn,75
Brooklyn,75
Brooklyn,42
Brooklyn,55
Brooklyn,120
Brooklyn,80
Brooklyn,220
Brooklyn,101
Brooklyn,73
Brooklyn,275
Brooklyn,110
Brooklyn,130
Brooklyn,25
Brooklyn,60
Brooklyn,150
Brooklyn,67
Brooklyn,130
Brooklyn,92
Brooklyn,51
Brooklyn,45
Brooklyn,20
Brooklyn,43
Brooklyn,55
Brooklyn,175
Brooklyn,45
Brooklyn,70
Brooklyn,150
Brooklyn,65
Brooklyn,140
Brooklyn,40
Brooklyn,105
Brooklyn,195
Brooklyn,225
Brooklyn,94
Brooklyn,30
Brooklyn,60
Brooklyn,45
Brooklyn,200
Brooklyn,49
Brooklyn,26
Brooklyn,100
Brooklyn,700
Brooklyn,100
Brooklyn,35
Brooklyn,92
Brooklyn,35
Brooklyn,200
Brooklyn,195
Brooklyn,135
Brooklyn,59
Brooklyn,150
Brooklyn,65
Brooklyn,175
Brooklyn,380
Brooklyn,78
Brooklyn,30
Brooklyn,80
Brooklyn,99
Brooklyn,125
Brooklyn,96
Brooklyn,65
Brooklyn,65
Brooklyn,110
Brooklyn,245
Brooklyn,70
Brooklyn,80
Brooklyn,70
Brooklyn,170
Brooklyn,65
Brooklyn,60
Brooklyn,125
Brooklyn,250
Brooklyn,85
Brooklyn,140
Brooklyn,116
Brooklyn,60
Brooklyn,130
Brooklyn,350
Brooklyn,95
Brooklyn,60
Brooklyn,130
Brooklyn,40
Brooklyn,40
Brooklyn,60
Brooklyn,90
Brooklyn,50
Brooklyn,60
Brooklyn,110
Brooklyn,69
Brooklyn,80
Brooklyn,80
Brooklyn,60
Brooklyn,75
Brooklyn,165
Brooklyn,40
Brooklyn,93
Brooklyn,47
Brooklyn,200
Brooklyn,70
Brooklyn,175
Brooklyn,275
Brooklyn,280
Brooklyn,48
Brooklyn,60
Brooklyn,139
Brooklyn,129
Brooklyn,119
Brooklyn,55
Brooklyn,79
Brooklyn,50
Brooklyn,400
Brooklyn,160
Brooklyn,70
Brooklyn,45
Brooklyn,50
Brooklyn,300
Brooklyn,45
Brooklyn,280
Brooklyn,50
Brooklyn,125
Brooklyn,95
Brooklyn,150
Brooklyn,100
Brooklyn,385
Brooklyn,105
Brooklyn,59
Brooklyn,80
Brooklyn,115
Brooklyn,53
Brooklyn,80
Brooklyn,43
Brooklyn,200
Brooklyn,65
Brooklyn,95
Brooklyn,95
Brooklyn,85
Brooklyn,61
Brooklyn,65
Brooklyn,95
Brooklyn,400
Brooklyn,115
Brooklyn,80
Brooklyn,42
Brooklyn,99
Brooklyn,51
Brooklyn,300
Brooklyn,259
Brooklyn,150
Brooklyn,250
Brooklyn,75
Brooklyn,50
Brooklyn,70
Brooklyn,80
Brooklyn,41
Brooklyn,55
Brooklyn,60
Brooklyn,135
Brooklyn,350
Brooklyn,10
Brooklyn,160
Brooklyn,280
Brooklyn,65
Brooklyn,150
Brooklyn,159
Brooklyn,195
Brooklyn,100
Brooklyn,115
Brooklyn,50
Brooklyn,55
Brooklyn,160
Brooklyn,80
Brooklyn,43
Brooklyn,100
Brooklyn,55
Brooklyn,55
Brooklyn,42
Brooklyn,80
Brooklyn,120
Brooklyn,50
Brooklyn,250
Brooklyn,70
Brooklyn,80
Brooklyn,79
Brooklyn,139
Brooklyn,66
Brooklyn,100
Brooklyn,50
Brooklyn,185
Brooklyn,119
Brooklyn,155
Brooklyn,38
Brooklyn,80
Brooklyn,36
Brooklyn,119
Brooklyn,119
Brooklyn,119
Brooklyn,119
Brooklyn,119
Brooklyn,160
Brooklyn,39
Brooklyn,50
Brooklyn,37
Brooklyn,150
Brooklyn,85
Brooklyn,99
Brooklyn,100
Brooklyn,165
Brooklyn,52
Brooklyn,100
Brooklyn,130
Brooklyn,120
Brooklyn,90
Brooklyn,110
Brooklyn,50
Brooklyn,65
Brooklyn,75
Brooklyn,129
Brooklyn,129
Brooklyn,41
Brooklyn,65
Brooklyn,129
Brooklyn,129
Brooklyn,70
Brooklyn,300
Brooklyn,50
Brooklyn,75
Brooklyn,60
Brooklyn,50
Brooklyn,199
Brooklyn,70
Brooklyn,115
Brooklyn,250
Brooklyn,142
Brooklyn,67
Brooklyn,160
Brooklyn,149
Brooklyn,75
Brooklyn,85
Brooklyn,149
Brooklyn,90
Brooklyn,95
Brooklyn,60
Brooklyn,45
Brooklyn,550
Brooklyn,50
Brooklyn,79
Brooklyn,45
Brooklyn,103
Brooklyn,139
Brooklyn,60
Brooklyn,31
Brooklyn,650
Brooklyn,30
Brooklyn,71
Brooklyn,60
Brooklyn,90
Brooklyn,80
Brooklyn,60
Brooklyn,109
Brooklyn,75
Brooklyn,139
Brooklyn,139
Brooklyn,350
Brooklyn,86
Brooklyn,100
Brooklyn,120
Brooklyn,139
Brooklyn,135
Brooklyn,79
Brooklyn,200
Brooklyn,225
Brooklyn,50
Brooklyn,40
Brooklyn,90
Brooklyn,50
Brooklyn,50
Brooklyn,50
Brooklyn,50
Brooklyn,180
Brooklyn,350
Brooklyn,99
Brooklyn,40
Brooklyn,60
Brooklyn,70
Brooklyn,66
Brooklyn,99
Brooklyn,200
Brooklyn,100
Brooklyn,55
Brooklyn,120
Brooklyn,12
Brooklyn,85
Brooklyn,50
Brooklyn,125
Brooklyn,90
Brooklyn,110
Brooklyn,80
Brooklyn,120
Brooklyn,196
Brooklyn,115
Brooklyn,41
Brooklyn,125
Brooklyn,169
Brooklyn,43
Brooklyn,38
Brooklyn,150
Brooklyn,49
Brooklyn,199
Brooklyn,85
Brooklyn,210
Brooklyn,180
Brooklyn,75
Brooklyn,75
Brooklyn,75
Brooklyn,159
Brooklyn,60
Brooklyn,50
Brooklyn,100
Brooklyn,35
Brooklyn,85
Brooklyn,75
Brooklyn,300
Brooklyn,65
Brooklyn,100
Brooklyn,49
Brooklyn,85
Brooklyn,49
Brooklyn,150
Brooklyn,35
Brooklyn,51
Brooklyn,45
Brooklyn,60
Brooklyn,33
Brooklyn,100
Brooklyn,150
Brooklyn,131
Brooklyn,300
Brooklyn,102
Brooklyn,209
Brooklyn,200
Brooklyn,58
Brooklyn,60
Brooklyn,110
Brooklyn,35
Brooklyn,75
Brooklyn,325
Brooklyn,120
Brooklyn,53
Brooklyn,65
Brooklyn,105
Brooklyn,50
Brooklyn,70
Brooklyn,75
Brooklyn,29
Brooklyn,37
Brooklyn,90
Brooklyn,150
Brooklyn,60
Brooklyn,80
Brooklyn,81
Brooklyn,47
Brooklyn,50
Brooklyn,130
Brooklyn,50
Brooklyn,35
Brooklyn,275
Brooklyn,130
Brooklyn,148
Brooklyn,230
Brooklyn,200
Brooklyn,100
Brooklyn,90
Brooklyn,47
Brooklyn,75
Brooklyn,80
Brooklyn,110
Brooklyn,250
Brooklyn,57
Brooklyn,50
Brooklyn,399
Brooklyn,150
Brooklyn,40
Brooklyn,65
Brooklyn,51
Brooklyn,150
Brooklyn,65
Brooklyn,295
Brooklyn,80
Brooklyn,75
Brooklyn,30
Brooklyn,57
Brooklyn,160
Brooklyn,250
Brooklyn,40
Brooklyn,129
Brooklyn,42
Brooklyn,115
Brooklyn,50
Brooklyn,70
Brooklyn,50
Brooklyn,45
Brooklyn,42
Brooklyn,65
Brooklyn,65
Brooklyn,150
Brooklyn,55
Brooklyn,185
Brooklyn,45
Brooklyn,160
Brooklyn,74
Brooklyn,22
Brooklyn,175
Brooklyn,225
Brooklyn,150
Brooklyn,100
Brooklyn,88
Brooklyn,400
Brooklyn,85
Brooklyn,65
Brooklyn,150
Brooklyn,70
Brooklyn,27
Brooklyn,80
Brooklyn,75
Brooklyn,35
Brooklyn,41
Brooklyn,50
Brooklyn,40
Brooklyn,150
Brooklyn,100
Brooklyn,350
Brooklyn,45
Brooklyn,50
Brooklyn,50
Brooklyn,80
Brooklyn,55
Brooklyn,647
Brooklyn,109
Brooklyn,160
Brooklyn,58
Brooklyn,56
Brooklyn,120
Brooklyn,127
Brooklyn,290
Brooklyn,150
Brooklyn,56
Brooklyn,50
Brooklyn,195
Brooklyn,125
Brooklyn,160
Brooklyn,250
Brooklyn,100
Brooklyn,180
Brooklyn,90
Brooklyn,90
Brooklyn,70
Brooklyn,115
Brooklyn,125
Brooklyn,33
Brooklyn,130
Brooklyn,105
Brooklyn,40
Brooklyn,28
Brooklyn,45
Brooklyn,68
Brooklyn,150
Brooklyn,60
Brooklyn,55
Brooklyn,43
Brooklyn,89
Brooklyn,50
Brooklyn,85
Brooklyn,42
Brooklyn,85
Brooklyn,45
Brooklyn,56
Brooklyn,40
Brooklyn,120
Brooklyn,69
Brooklyn,25
Brooklyn,120
Brooklyn,35
Brooklyn,99
Brooklyn,75
Brooklyn,175
Brooklyn,120
Brooklyn,250
Brooklyn,105
Brooklyn,110
Brooklyn,300
Brooklyn,150
Brooklyn,180
Brooklyn,99
Brooklyn,80
Brooklyn,175
Brooklyn,320
Brooklyn,125
Brooklyn,189
Brooklyn,120
Brooklyn,38
Brooklyn,50
Brooklyn,55
Brooklyn,140
Brooklyn,149
Brooklyn,100
Brooklyn,40
Brooklyn,39
Brooklyn,30
Brooklyn,3000
Brooklyn,65
Brooklyn,109
Brooklyn,70
Brooklyn,98
Brooklyn,145
Brooklyn,89
Brooklyn,85
Brooklyn,85
Brooklyn,100
Brooklyn,74
Brooklyn,39
Brooklyn,100
Brooklyn,66
Brooklyn,50
Brooklyn,32
Brooklyn,50
Brooklyn,95
Brooklyn,220
Brooklyn,53
Brooklyn,70
Brooklyn,300
Brooklyn,89
Brooklyn,59
Brooklyn,100
Brooklyn,275
Brooklyn,55
Brooklyn,65
Brooklyn,90
Brooklyn,35
Brooklyn,40
Brooklyn,150
Brooklyn,69
Brooklyn,100
Brooklyn,80
Brooklyn,92
Brooklyn,100
Brooklyn,22
Brooklyn,65
Brooklyn,50
Brooklyn,70
Brooklyn,30
Brooklyn,170
Brooklyn,75
Brooklyn,65
Brooklyn,85
Brooklyn,100
Brooklyn,40
Brooklyn,190
Brooklyn,33
Brooklyn,15
Brooklyn,72
Brooklyn,145
Brooklyn,200
Brooklyn,35
Brooklyn,48
Brooklyn,50
Brooklyn,80
Brooklyn,50
Brooklyn,100
Brooklyn,54
Brooklyn,63
Brooklyn,150
Brooklyn,145
Brooklyn,160
Brooklyn,60
Brooklyn,40
Brooklyn,90
Brooklyn,110
Brooklyn,150
Brooklyn,45
Brooklyn,64
Brooklyn,100
Brooklyn,110
Brooklyn,30
Brooklyn,100
Brooklyn,71
Brooklyn,70
Brooklyn,169
Brooklyn,55
Brooklyn,65
Brooklyn,95
Brooklyn,140
Brooklyn,149
Brooklyn,60
Brooklyn,85
Brooklyn,150
Brooklyn,190
Brooklyn,100
Brooklyn,200
Brooklyn,117
Brooklyn,125
Brooklyn,70
Brooklyn,75
Brooklyn,60
Brooklyn,65
Brooklyn,195
Brooklyn,225
Brooklyn,57
Brooklyn,29
Brooklyn,149
Brooklyn,45
Brooklyn,45
Brooklyn,50
Brooklyn,38
Brooklyn,59
Brooklyn,250
Brooklyn,115
Brooklyn,59
Brooklyn,90
Brooklyn,60
Brooklyn,150
Brooklyn,125
Brooklyn,100
Brooklyn,40
Brooklyn,170
Brooklyn,55
Brooklyn,49
Brooklyn,129
Brooklyn,95
Brooklyn,100
Brooklyn,100
Brooklyn,112
Brooklyn,102
Brooklyn,40
Brooklyn,65
Brooklyn,45
Brooklyn,50
Brooklyn,60
Brooklyn,110
Brooklyn,70
Brooklyn,75
Brooklyn,64
Brooklyn,120
Brooklyn,67
Brooklyn,175
Brooklyn,325
Brooklyn,121
Brooklyn,32
Brooklyn,49
Brooklyn,75
Brooklyn,125
Brooklyn,55
Brooklyn,110
Brooklyn,250
Brooklyn,85
Brooklyn,45
Brooklyn,125
Brooklyn,104
Brooklyn,45
Brooklyn,55
Brooklyn,135
Brooklyn,200
Brooklyn,70
Brooklyn,80
Brooklyn,179
Brooklyn,80
Brooklyn,250
Brooklyn,70
Brooklyn,80
Brooklyn,350
Brooklyn,80
Brooklyn,45
Brooklyn,118
Brooklyn,32
Brooklyn,29
Brooklyn,44
Brooklyn,35
Brooklyn,126
Brooklyn,200
Brooklyn,64
Brooklyn,78
Brooklyn,65
Brooklyn,38
Brooklyn,140
Brooklyn,300
Brooklyn,117
Brooklyn,500
Brooklyn,60
Brooklyn,95
Brooklyn,160
Brooklyn,109
Brooklyn,23
Brooklyn,68
Brooklyn,140
Brooklyn,45
Brooklyn,35
Brooklyn,120
Brooklyn,125
Brooklyn,50
Brooklyn,48
Brooklyn,175
Brooklyn,120
Brooklyn,50
Brooklyn,53
Brooklyn,120
Brooklyn,59
Brooklyn,99
Brooklyn,149
Brooklyn,58
Brooklyn,70
Brooklyn,280
Brooklyn,35
Brooklyn,349
Brooklyn,40
Brooklyn,80
Brooklyn,80
Brooklyn,110
Brooklyn,50
Brooklyn,30
Brooklyn,34
Brooklyn,125
Brooklyn,65
Brooklyn,150
Brooklyn,32
Brooklyn,108
Brooklyn,75
Brooklyn,150
Brooklyn,60
Brooklyn,27
Brooklyn,50
Brooklyn,48
Brooklyn,139
Brooklyn,39
Brooklyn,80
Brooklyn,225
Brooklyn,55
Brooklyn,75
Brooklyn,85
Brooklyn,150
Brooklyn,140
Brooklyn,40
Brooklyn,170
Brooklyn,35
Brooklyn,399
Brooklyn,90
Brooklyn,80
Brooklyn,39
Brooklyn,100
Brooklyn,100
Brooklyn,55
Brooklyn,260
Brooklyn,80
Brooklyn,78
Brooklyn,32
Brooklyn,85
Brooklyn,28
Brooklyn,100
Brooklyn,79
Brooklyn,190
Brooklyn,69
Brooklyn,45
Brooklyn,70
Brooklyn,400
Brooklyn,50
Brooklyn,35
Brooklyn,60
Brooklyn,42
Brooklyn,60
Brooklyn,40
Brooklyn,75
Brooklyn,75
Brooklyn,50
Brooklyn,89
Brooklyn,80
Brooklyn,50
Brooklyn,50
Brooklyn,300
Brooklyn,80
Brooklyn,111
Brooklyn,35
Brooklyn,30
Brooklyn,90
Brooklyn,89
Brooklyn,44
Brooklyn,75
Brooklyn,200
Brooklyn,60
Brooklyn,300
Brooklyn,72
Brooklyn,39
Brooklyn,75
Brooklyn,60
Brooklyn,350
Brooklyn,550
Brooklyn,108
Brooklyn,38
Brooklyn,85
Brooklyn,800
Brooklyn,60
Brooklyn,48
Brooklyn,175
Brooklyn,175
Brooklyn,60
Brooklyn,85
Brooklyn,150
Brooklyn,75
Brooklyn,70
Brooklyn,89
Brooklyn,50
Brooklyn,55
Brooklyn,180
Brooklyn,125
Brooklyn,179
Brooklyn,105
Brooklyn,23
Brooklyn,54
Brooklyn,69
Brooklyn,179
Brooklyn,245
Brooklyn,50
Brooklyn,45
Brooklyn,38
Brooklyn,120
Brooklyn,120
Brooklyn,175
Brooklyn,100
Brooklyn,60
Brooklyn,80
Brooklyn,175
Brooklyn,185
Brooklyn,140
Brooklyn,95
Brooklyn,49
Brooklyn,58
Brooklyn,85
Brooklyn,35
Brooklyn,60
Brooklyn,55
Brooklyn,45
Brooklyn,100
Brooklyn,40
Brooklyn,60
Brooklyn,97
Brooklyn,120
Brooklyn,39
Brooklyn,30
Brooklyn,50
Brooklyn,25
Brooklyn,89
Brooklyn,50
Brooklyn,125
Brooklyn,70
Brooklyn,169
Brooklyn,300
Brooklyn,189
Brooklyn,71
Brooklyn,85
Brooklyn,38
Brooklyn,38
Brooklyn,70
Brooklyn,74
Brooklyn,69
Brooklyn,55
Brooklyn,22
Brooklyn,130
Brooklyn,75
Brooklyn,110
Brooklyn,50
Brooklyn,55
Brooklyn,55
Brooklyn,189
Brooklyn,60
Brooklyn,100
Brooklyn,76
Brooklyn,97
Brooklyn,150
Brooklyn,42
Brooklyn,75
Brooklyn,75
Brooklyn,79
Brooklyn,45
Brooklyn,78
Brooklyn,160
Brooklyn,50
Brooklyn,55
Brooklyn,90
Brooklyn,138
Brooklyn,66
Brooklyn,55
Brooklyn,110
Brooklyn,125
Brooklyn,119
Brooklyn,65
Brooklyn,75
Brooklyn,58
Brooklyn,85
Brooklyn,68
Brooklyn,130
Brooklyn,50
Brooklyn,100
Brooklyn,70
Brooklyn,345
Brooklyn,59
Brooklyn,50
Brooklyn,175
Brooklyn,95
Brooklyn,40
Brooklyn,100
Brooklyn,79
Brooklyn,129
Brooklyn,105
Brooklyn,47
Brooklyn,80
Brooklyn,35
Brooklyn,69
Brooklyn,250
Brooklyn,36
Brooklyn,45
Brooklyn,80
Brooklyn,65
Brooklyn,115
Brooklyn,47
Brooklyn,1680
Brooklyn,2626
Brooklyn,2103
Brooklyn,125
Brooklyn,30
Brooklyn,49
Brooklyn,69
Brooklyn,50
Brooklyn,150
Brooklyn,110
Brooklyn,110
Brooklyn,230
Brooklyn,50
Brooklyn,92
Brooklyn,145
Brooklyn,175
Brooklyn,80
Brooklyn,40
Brooklyn,100
Brooklyn,40
Brooklyn,68
Brooklyn,66
Brooklyn,66
Brooklyn,600
Brooklyn,237
Brooklyn,105
Brooklyn,150
Brooklyn,125
Brooklyn,45
Brooklyn,90
Brooklyn,125
Brooklyn,60
Brooklyn,50
Brooklyn,80
Brooklyn,480
Brooklyn,46
Brooklyn,55
Brooklyn,58
Brooklyn,58
Brooklyn,69
Brooklyn,275
Brooklyn,45
Brooklyn,125
Brooklyn,249
Brooklyn,140
Brooklyn,50
Brooklyn,80
Brooklyn,58
Brooklyn,38
Brooklyn,350
Brooklyn,80
Brooklyn,73
Brooklyn,75
Brooklyn,195
Brooklyn,60
Brooklyn,45
Brooklyn,35
Brooklyn,70
Brooklyn,45
Brooklyn,169
Brooklyn,35
Brooklyn,45
Brooklyn,60
Brooklyn,149
Brooklyn,60
Brooklyn,27
Brooklyn,50
Brooklyn,150
Brooklyn,140
Brooklyn,65
Brooklyn,98
Brooklyn,50
Brooklyn,100
Brooklyn,36
Brooklyn,25
Brooklyn,35
Brooklyn,150
Brooklyn,125
Brooklyn,110
Brooklyn,53
Brooklyn,75
Brooklyn,29
Brooklyn,128
Brooklyn,50
Brooklyn,90
Brooklyn,125
Brooklyn,60
Brooklyn,150
Brooklyn,35
Brooklyn,32
Brooklyn,69
Brooklyn,80
Brooklyn,140
Brooklyn,150
Brooklyn,75
Brooklyn,57
Brooklyn,75
Brooklyn,100
Brooklyn,65
Brooklyn,450
Brooklyn,200
Brooklyn,95
Brooklyn,200
Brooklyn,169
Brooklyn,65
Brooklyn,65
Brooklyn,27
Brooklyn,115
Brooklyn,74
Brooklyn,35
Brooklyn,125
Brooklyn,150
Brooklyn,60
Brooklyn,100
Brooklyn,100
Brooklyn,140
Brooklyn,200
Brooklyn,35
Brooklyn,50
Brooklyn,110
Brooklyn,104
Brooklyn,39
Brooklyn,178
Brooklyn,220
Brooklyn,45
Brooklyn,55
Brooklyn,97
Brooklyn,180
Brooklyn,50
Brooklyn,140
Brooklyn,42
Brooklyn,75
Brooklyn,130
Brooklyn,93
Brooklyn,130
Brooklyn,65
Brooklyn,119
Brooklyn,65
Brooklyn,250
Brooklyn,140
Brooklyn,94
Brooklyn,250
Brooklyn,80
Brooklyn,80
Brooklyn,55
Brooklyn,99
Brooklyn,109
Brooklyn,40
Brooklyn,58
Brooklyn,90
Brooklyn,70
Brooklyn,45
Brooklyn,149
Brooklyn,70
Brooklyn,62
Brooklyn,325
Brooklyn,90
Brooklyn,45
Brooklyn,104
Brooklyn,148
Brooklyn,75
Brooklyn,173
Brooklyn,250
Brooklyn,60
Brooklyn,84
Brooklyn,100
Brooklyn,50
Brooklyn,55
Brooklyn,120
Brooklyn,117
Brooklyn,76
Brooklyn,40
Brooklyn,175
Brooklyn,200
Brooklyn,100
Brooklyn,94
Brooklyn,55
Brooklyn,40
Brooklyn,95
Brooklyn,70
Brooklyn,47
Brooklyn,42
Brooklyn,70
Brooklyn,350
Brooklyn,75
Brooklyn,65
Brooklyn,200
Brooklyn,69
Brooklyn,26
Brooklyn,190
Brooklyn,50
Brooklyn,65
Brooklyn,80
Brooklyn,125
Brooklyn,150
Brooklyn,70
Brooklyn,43
Brooklyn,133
Brooklyn,50
Brooklyn,150
Brooklyn,50
Brooklyn,200
Brooklyn,44
Brooklyn,67
Brooklyn,50
Brooklyn,29
Brooklyn,180
Brooklyn,41
Brooklyn,120
Brooklyn,125
Brooklyn,75
Brooklyn,130
Brooklyn,55
Brooklyn,35
Brooklyn,75
Brooklyn,89
Brooklyn,150
Brooklyn,100
Brooklyn,175
Brooklyn,113
Brooklyn,50
Brooklyn,100
Brooklyn,150
Brooklyn,125
Brooklyn,260
Brooklyn,68
Brooklyn,200
Brooklyn,125
Brooklyn,68
Brooklyn,37
Brooklyn,60
Brooklyn,87
Brooklyn,160
Brooklyn,50
Brooklyn,40
Brooklyn,58
Brooklyn,125
Brooklyn,45
Brooklyn,75
Brooklyn,75
Brooklyn,60
Brooklyn,59
Brooklyn,100
Brooklyn,105
Brooklyn,58
Brooklyn,52
Brooklyn,62
Brooklyn,43
Brooklyn,32
Brooklyn,88
Brooklyn,80
Brooklyn,100
Brooklyn,50
Brooklyn,35
Brooklyn,99
Brooklyn,175
Brooklyn,1000
Brooklyn,2000
Brooklyn,2500
Brooklyn,69
Brooklyn,100
Brooklyn,115
Brooklyn,45
Brooklyn,175
Brooklyn,80
Brooklyn,99
Brooklyn,96
Brooklyn,150
Brooklyn,225
Brooklyn,35
Brooklyn,175
Brooklyn,47
Brooklyn,59
Brooklyn,30
Brooklyn,139
Brooklyn,70
Brooklyn,85
Brooklyn,95
Brooklyn,80
Brooklyn,200
Brooklyn,29
Brooklyn,60
Brooklyn,162
Brooklyn,159
Brooklyn,50
Brooklyn,70
Brooklyn,35
Brooklyn,59
Brooklyn,150
Brooklyn,96
Brooklyn,300
Brooklyn,80
Brooklyn,155
Brooklyn,150
Brooklyn,120
Brooklyn,55
Brooklyn,50
Brooklyn,250
Brooklyn,43
Brooklyn,43
Brooklyn,43
Brooklyn,52
Brooklyn,110
Brooklyn,26
Brooklyn,200
Brooklyn,40
Brooklyn,150
Brooklyn,110
Brooklyn,101
Brooklyn,55
Brooklyn,25
Brooklyn,220
Brooklyn,175
Brooklyn,84
Brooklyn,100
Brooklyn,90
Brooklyn,90
Brooklyn,325
Brooklyn,70
Brooklyn,80
Brooklyn,60
Brooklyn,130
Brooklyn,65
Brooklyn,50
Brooklyn,60
Brooklyn,42
Brooklyn,110
Brooklyn,145
Brooklyn,77
Brooklyn,99
Brooklyn,68
Brooklyn,450
Brooklyn,40
Brooklyn,75
Brooklyn,50
Brooklyn,175
Brooklyn,125
Brooklyn,140
Brooklyn,45
Brooklyn,75
Brooklyn,70
Brooklyn,55
Brooklyn,640
Brooklyn,43
Brooklyn,250
Brooklyn,285
Brooklyn,39
Brooklyn,40
Brooklyn,140
Brooklyn,60
Brooklyn,250
Brooklyn,48
Brooklyn,86
Brooklyn,112
Brooklyn,70
Brooklyn,150
Brooklyn,378
Brooklyn,65
Brooklyn,60
Brooklyn,175
Brooklyn,68
Brooklyn,85
Brooklyn,95
Brooklyn,74
Brooklyn,125
Brooklyn,45
Brooklyn,250
Brooklyn,148
Brooklyn,55
Brooklyn,140
Brooklyn,200
Brooklyn,50
Brooklyn,49
Brooklyn,175
Brooklyn,50
Brooklyn,50
Brooklyn,100
Brooklyn,65
Brooklyn,36
Brooklyn,175
Brooklyn,65
Brooklyn,42
Brooklyn,25
Brooklyn,72
Brooklyn,77
Brooklyn,70
Brooklyn,100
Brooklyn,175
Brooklyn,42
Brooklyn,65
Brooklyn,55
Brooklyn,150
Brooklyn,62
Brooklyn,75
Brooklyn,100
Brooklyn,186
Brooklyn,42
Brooklyn,250
Brooklyn,110
Brooklyn,95
Brooklyn,50
Brooklyn,65
Brooklyn,189
Brooklyn,60
Brooklyn,150
Brooklyn,125
Brooklyn,49
Brooklyn,250
Brooklyn,37
Brooklyn,32
Brooklyn,120
Brooklyn,150
Brooklyn,70
Brooklyn,40
Brooklyn,140
Brooklyn,139
Brooklyn,75
Brooklyn,400
Brooklyn,44
Brooklyn,45
Brooklyn,750
Brooklyn,49
Brooklyn,130
Brooklyn,135
Brooklyn,150
Brooklyn,100
Brooklyn,45
Brooklyn,75
Brooklyn,130
Brooklyn,105
Brooklyn,300
Brooklyn,112
Brooklyn,100
Brooklyn,750
Brooklyn,55
Brooklyn,125
Brooklyn,105
Brooklyn,99
Brooklyn,84
Brooklyn,90
Brooklyn,220
Brooklyn,550
Brooklyn,800
Brooklyn,190
Brooklyn,96
Brooklyn,125
Brooklyn,45
Brooklyn,75
Brooklyn,200
Brooklyn,100
Brooklyn,50
Brooklyn,100
Brooklyn,65
Brooklyn,125
Brooklyn,35
Brooklyn,86
Brooklyn,30
Brooklyn,190
Brooklyn,75
Brooklyn,55
Brooklyn,35
Brooklyn,48
Brooklyn,85
Brooklyn,600
Brooklyn,110
Brooklyn,280
Brooklyn,75
Brooklyn,50
Brooklyn,40
Brooklyn,45
Brooklyn,100
Brooklyn,67
Brooklyn,49
Brooklyn,65
Brooklyn,47
Brooklyn,225
Brooklyn,200
Brooklyn,45
Brooklyn,45
Brooklyn,106
Brooklyn,80
Brooklyn,90
Brooklyn,60
Brooklyn,154
Brooklyn,66
Brooklyn,150
Brooklyn,69
Brooklyn,30
Brooklyn,65
Brooklyn,31
Brooklyn,120
Brooklyn,55
Brooklyn,60
Brooklyn,249
Brooklyn,40
Brooklyn,175
Brooklyn,195
Brooklyn,40
Brooklyn,75
Brooklyn,40
Brooklyn,150
Brooklyn,95
Brooklyn,100
Brooklyn,75
Brooklyn,60
Brooklyn,48
Brooklyn,100
Brooklyn,125
Brooklyn,40
Brooklyn,100
Brooklyn,95
Brooklyn,300
Brooklyn,125
Brooklyn,45
Brooklyn,150
Brooklyn,50
Brooklyn,29
Brooklyn,105
Brooklyn,50
Brooklyn,45
Brooklyn,95
Brooklyn,47
Brooklyn,65
Brooklyn,50
Brooklyn,175
Brooklyn,195
Brooklyn,225
Brooklyn,45
Brooklyn,75
Brooklyn,60
Brooklyn,50
Brooklyn,150
Brooklyn,135
Brooklyn,140
Brooklyn,70
Brooklyn,200
Brooklyn,49
Brooklyn,175
Brooklyn,45
Brooklyn,35
Brooklyn,180
Brooklyn,155
Brooklyn,160
Brooklyn,120
Brooklyn,77
Brooklyn,150
Brooklyn,124
Brooklyn,30
Brooklyn,55
Brooklyn,225
Brooklyn,88
Brooklyn,159
Brooklyn,99
Brooklyn,115
Brooklyn,75
Brooklyn,120
Brooklyn,80
Brooklyn,55
Brooklyn,100
Brooklyn,99
Brooklyn,65
Brooklyn,158
Brooklyn,120
Brooklyn,65
Brooklyn,90
Brooklyn,95
Brooklyn,45
Brooklyn,70
Brooklyn,70
Brooklyn,120
Brooklyn,45
Brooklyn,75
Brooklyn,199
Brooklyn,40
Brooklyn,60
Brooklyn,45
Brooklyn,175
Brooklyn,70
Brooklyn,180
Brooklyn,250
Brooklyn,50
Brooklyn,118
Brooklyn,42
Brooklyn,155
Brooklyn,150
Brooklyn,96
Brooklyn,70
Brooklyn,57
Brooklyn,90
Brooklyn,100
Brooklyn,120
Brooklyn,39
Brooklyn,40
Brooklyn,130
Brooklyn,20
Brooklyn,60
Brooklyn,55
Brooklyn,49
Brooklyn,52
Brooklyn,41
Brooklyn,70
Brooklyn,95
Brooklyn,244
Brooklyn,46
Brooklyn,199
Brooklyn,235
Brooklyn,70
Brooklyn,90
Brooklyn,56
Brooklyn,172
Brooklyn,100
Brooklyn,220
Brooklyn,200
Brooklyn,45
Brooklyn,150
Brooklyn,50
Brooklyn,70
Brooklyn,450
Brooklyn,125
Brooklyn,72
Brooklyn,80
Brooklyn,44
Brooklyn,45
Brooklyn,71
Brooklyn,60
Brooklyn,65
Brooklyn,99
Brooklyn,79
Brooklyn,90
Brooklyn,60
Brooklyn,80
Brooklyn,85
Brooklyn,195
Brooklyn,55
Brooklyn,140
Brooklyn,125
Brooklyn,47
Brooklyn,58
Brooklyn,58
Brooklyn,47
Brooklyn,65
Brooklyn,300
Brooklyn,160
Brooklyn,250
Brooklyn,73
Brooklyn,100
Brooklyn,300
Brooklyn,150
Brooklyn,75
Brooklyn,180
Brooklyn,90
Brooklyn,95
Brooklyn,125
Brooklyn,173
Brooklyn,220
Brooklyn,99
Brooklyn,45
Brooklyn,62
Brooklyn,46
Brooklyn,103
Brooklyn,350
Brooklyn,45
Brooklyn,168
Brooklyn,40
Brooklyn,79
Brooklyn,65
Brooklyn,199
Brooklyn,70
Brooklyn,60
Brooklyn,59
Brooklyn,49
Brooklyn,80
Brooklyn,54
Brooklyn,45
Brooklyn,130
Brooklyn,62
Brooklyn,70
Brooklyn,95
Brooklyn,150
Brooklyn,120
Brooklyn,47
Brooklyn,120
Brooklyn,150
Brooklyn,68
Brooklyn,250
Brooklyn,130
Brooklyn,130
Brooklyn,54
Brooklyn,65
Brooklyn,85
Brooklyn,65
Brooklyn,47
Brooklyn,85
Brooklyn,130
Brooklyn,70
Brooklyn,300
Brooklyn,150
Brooklyn,99
Brooklyn,50
Brooklyn,80
Brooklyn,100
Brooklyn,190
Brooklyn,112
Brooklyn,45
Brooklyn,99
Brooklyn,100
Brooklyn,123
Brooklyn,110
Brooklyn,55
Brooklyn,47
Brooklyn,55
Brooklyn,130
Brooklyn,40
Brooklyn,150
Brooklyn,70
Brooklyn,145
Brooklyn,150
Brooklyn,95
Brooklyn,91
Brooklyn,145
Brooklyn,35
Brooklyn,69
Brooklyn,50
Brooklyn,200
Brooklyn,180
Brooklyn,45
Brooklyn,161
Brooklyn,65
Brooklyn,60
Brooklyn,100
Brooklyn,89
Brooklyn,37
Brooklyn,37
Brooklyn,40
Brooklyn,50
Brooklyn,210
Brooklyn,350
Brooklyn,155
Brooklyn,125
Brooklyn,225
Brooklyn,65
Brooklyn,125
Brooklyn,35
Brooklyn,50
Brooklyn,60
Brooklyn,59
Brooklyn,250
Brooklyn,100
Brooklyn,140
Brooklyn,99
Brooklyn,160
Brooklyn,60
Brooklyn,200
Brooklyn,65
Brooklyn,125
Brooklyn,145
Brooklyn,65
Brooklyn,200
Brooklyn,36
Brooklyn,75
Brooklyn,295
Brooklyn,80
Brooklyn,36
Brooklyn,1000
Brooklyn,60
Brooklyn,80
Brooklyn,110
Brooklyn,112
Brooklyn,70
Brooklyn,102
Brooklyn,50
Brooklyn,974
Brooklyn,50
Brooklyn,62
Brooklyn,119
Brooklyn,52
Brooklyn,162
Brooklyn,86
Brooklyn,61
Brooklyn,150
Brooklyn,114
Brooklyn,35
Brooklyn,128
Brooklyn,100
Brooklyn,100
Brooklyn,99
Brooklyn,46
Brooklyn,240
Brooklyn,250
Brooklyn,200
Brooklyn,89
Brooklyn,135
Brooklyn,130
Brooklyn,45
Brooklyn,159
Brooklyn,99
Brooklyn,85
Brooklyn,47
Brooklyn,115
Brooklyn,120
Brooklyn,58
Brooklyn,149
Brooklyn,55
Brooklyn,121
Brooklyn,62
Brooklyn,109
Brooklyn,160
Brooklyn,200
Brooklyn,65
Brooklyn,169
Brooklyn,134
Brooklyn,91
Brooklyn,400
Brooklyn,48
Brooklyn,80
Brooklyn,150
Brooklyn,350
Brooklyn,190
Brooklyn,40
Brooklyn,599
Brooklyn,125
Brooklyn,115
Brooklyn,65
Brooklyn,198
Brooklyn,78
Brooklyn,125
Brooklyn,90
Brooklyn,43
Brooklyn,80
Brooklyn,60
Brooklyn,60
Brooklyn,200
Brooklyn,45
Brooklyn,42
Brooklyn,40
Brooklyn,75
Brooklyn,120
Brooklyn,35
Brooklyn,45
Brooklyn,100
Brooklyn,225
Brooklyn,89
Brooklyn,40
Brooklyn,250
Brooklyn,135
Brooklyn,450
Brooklyn,79
Brooklyn,80
Brooklyn,50
Brooklyn,75
Brooklyn,128
Brooklyn,105
Brooklyn,61
Brooklyn,170
Brooklyn,50
Brooklyn,151
Brooklyn,200
Brooklyn,70
Brooklyn,140
Brooklyn,200
Brooklyn,49
Brooklyn,119
Brooklyn,105
Brooklyn,225
Brooklyn,157
Brooklyn,70
Brooklyn,150
Brooklyn,40
Brooklyn,37
Brooklyn,40
Brooklyn,130
Brooklyn,99
Brooklyn,70
Brooklyn,59
Brooklyn,130
Brooklyn,59
Brooklyn,62
Brooklyn,135
Brooklyn,59
Brooklyn,215
Brooklyn,75
Brooklyn,34
Brooklyn,60
Brooklyn,150
Brooklyn,100
Brooklyn,120
Brooklyn,75
Brooklyn,600
Brooklyn,165
Brooklyn,50
Brooklyn,45
Brooklyn,80
Brooklyn,99
Brooklyn,180
Brooklyn,80
Brooklyn,75
Brooklyn,70
Brooklyn,80
Brooklyn,150
Brooklyn,99
Brooklyn,225
Brooklyn,95
Brooklyn,139
Brooklyn,65
Brooklyn,179
Brooklyn,130
Brooklyn,80
Brooklyn,44
Brooklyn,100
Brooklyn,295
Brooklyn,150
Brooklyn,225
Brooklyn,75
Brooklyn,110
Brooklyn,100
Brooklyn,265
Brooklyn,150
Brooklyn,91
Brooklyn,99
Brooklyn,129
Brooklyn,200
Brooklyn,41
Brooklyn,140
Brooklyn,125
Brooklyn,54
Brooklyn,233
Brooklyn,139
Brooklyn,135
Brooklyn,140
Brooklyn,75
Brooklyn,62
Brooklyn,99
Brooklyn,95
Brooklyn,108
Brooklyn,75
Brooklyn,75
Brooklyn,150
Brooklyn,150
Brooklyn,50
Brooklyn,415
Brooklyn,112
Brooklyn,80
Brooklyn,60
Brooklyn,168
Brooklyn,400
Brooklyn,97
Brooklyn,95
Brooklyn,75
Brooklyn,85
Brooklyn,100
Brooklyn,48
Brooklyn,110
Brooklyn,90
Brooklyn,150
Brooklyn,45
Brooklyn,99
Brooklyn,185
Brooklyn,175
Brooklyn,189
Brooklyn,51
Brooklyn,160
Brooklyn,65
Brooklyn,130
Brooklyn,96
Brooklyn,70
Brooklyn,99
Brooklyn,120
Brooklyn,197
Brooklyn,68
Brooklyn,265
Brooklyn,125
Brooklyn,52
Brooklyn,350
Brooklyn,129
Brooklyn,100
Brooklyn,45
Brooklyn,70
Brooklyn,75
Brooklyn,110
Brooklyn,60
Brooklyn,650
Brooklyn,113
Brooklyn,130
Brooklyn,275
Brooklyn,100
Brooklyn,100
Brooklyn,120
Brooklyn,186
Brooklyn,120
Brooklyn,45
Brooklyn,107
Brooklyn,75
Brooklyn,80
Brooklyn,217
Brooklyn,475
Brooklyn,150
Brooklyn,150
Brooklyn,209
Brooklyn,300
Brooklyn,150
Brooklyn,79
Brooklyn,50
Brooklyn,41
Brooklyn,195
Brooklyn,150
Brooklyn,47
Brooklyn,45
Brooklyn,78
Brooklyn,169
Brooklyn,99
Brooklyn,105
Brooklyn,85
Brooklyn,40
Brooklyn,100
Brooklyn,150
Brooklyn,88
Brooklyn,55
Brooklyn,95
Brooklyn,100
Brooklyn,295
Brooklyn,45
Brooklyn,49
Brooklyn,90
Brooklyn,125
Brooklyn,65
Brooklyn,46
Brooklyn,120
Brooklyn,37
Brooklyn,85
Brooklyn,85
Brooklyn,140
Brooklyn,85
Brooklyn,300
Brooklyn,130
Brooklyn,125
Brooklyn,62
Brooklyn,70
Brooklyn,100
Brooklyn,40
Brooklyn,55
Brooklyn,60
Brooklyn,32
Brooklyn,150
Brooklyn,200
Brooklyn,95
Brooklyn,260
Brooklyn,65
Brooklyn,150
Brooklyn,100
Brooklyn,145
Brooklyn,80
Brooklyn,60
Brooklyn,92
Brooklyn,155
Brooklyn,65
Brooklyn,100
Brooklyn,80
Brooklyn,250
Brooklyn,45
Brooklyn,50
Brooklyn,150
Brooklyn,80
Brooklyn,65
Brooklyn,60
Brooklyn,150
Brooklyn,200
Brooklyn,245
Brooklyn,45
Brooklyn,93
Brooklyn,65
Brooklyn,60
Brooklyn,60
Brooklyn,95
Brooklyn,108
Brooklyn,240
Brooklyn,61
Brooklyn,200
Brooklyn,60
Brooklyn,150
Brooklyn,150
Brooklyn,160
Brooklyn,53
Brooklyn,60
Brooklyn,61
Brooklyn,300
Brooklyn,41
Brooklyn,135
Brooklyn,85
Brooklyn,48
Brooklyn,117
Brooklyn,95
Brooklyn,75
Brooklyn,140
Brooklyn,125
Brooklyn,200
Brooklyn,85
Brooklyn,30
Brooklyn,60
Brooklyn,140
Brooklyn,200
Brooklyn,175
Brooklyn,170
Brooklyn,90
Brooklyn,65
Brooklyn,150
Brooklyn,69
Brooklyn,375
Brooklyn,55
Brooklyn,60
Brooklyn,350
Brooklyn,183
Brooklyn,1000
Brooklyn,156
Brooklyn,300
Brooklyn,70
Brooklyn,120
Brooklyn,73
Brooklyn,110
Brooklyn,100
Brooklyn,75
Brooklyn,160
Brooklyn,230
Brooklyn,125
Brooklyn,100
Brooklyn,100
Brooklyn,95
Brooklyn,40
Brooklyn,95
Brooklyn,120
Brooklyn,100
Brooklyn,125
Brooklyn,190
Brooklyn,150
Brooklyn,75
Brooklyn,36
Brooklyn,125
Brooklyn,50
Brooklyn,250
Brooklyn,95
Brooklyn,95
Brooklyn,80
Brooklyn,85
Brooklyn,230
Brooklyn,65
Brooklyn,460
Brooklyn,30
Brooklyn,40
Brooklyn,90
Brooklyn,100
Brooklyn,90
Brooklyn,75
Brooklyn,130
Brooklyn,120
Brooklyn,149
Brooklyn,1333
Brooklyn,160
Brooklyn,45
Brooklyn,100
Brooklyn,60
Brooklyn,80
Brooklyn,60
Brooklyn,65
Brooklyn,500
Brooklyn,45
Brooklyn,150
Brooklyn,50
Brooklyn,200
Brooklyn,350
Brooklyn,350
Brooklyn,215
Brooklyn,200
Brooklyn,129
Brooklyn,84
Brooklyn,170
Brooklyn,47
Brooklyn,125
Brooklyn,500
Brooklyn,60
Brooklyn,150
Brooklyn,159
Brooklyn,130
Brooklyn,180
Brooklyn,75
Brooklyn,200
Brooklyn,99
Brooklyn,49
Brooklyn,50
Brooklyn,45
Brooklyn,55
Brooklyn,295
Brooklyn,66
Brooklyn,200
Brooklyn,90
Brooklyn,140
Brooklyn,85
Brooklyn,60
Brooklyn,48
Brooklyn,87
Brooklyn,87
Brooklyn,149
Brooklyn,169
Brooklyn,95
Brooklyn,305
Brooklyn,525
Brooklyn,102
Brooklyn,190
Brooklyn,50
Brooklyn,140
Brooklyn,114
Brooklyn,135
Brooklyn,125
Brooklyn,100
Brooklyn,220
Brooklyn,135
Brooklyn,89
Brooklyn,45
Brooklyn,45
Brooklyn,75
Brooklyn,100
Brooklyn,375
Brooklyn,25
Brooklyn,165
Brooklyn,49
Brooklyn,60
Brooklyn,88
Brooklyn,70
Brooklyn,40
Brooklyn,50
Brooklyn,45
Brooklyn,95
Brooklyn,50
Brooklyn,280
Brooklyn,75
Brooklyn,100
Brooklyn,60
Brooklyn,100
Brooklyn,35
Brooklyn,250
Brooklyn,75
Brooklyn,60
Brooklyn,49
Brooklyn,125
Brooklyn,50
Brooklyn,100
Brooklyn,200
Brooklyn,140
Brooklyn,175
Brooklyn,70
Brooklyn,70
Brooklyn,425
Brooklyn,50
Brooklyn,40
Brooklyn,50
Brooklyn,110
Brooklyn,45
Brooklyn,75
Brooklyn,170
Brooklyn,70
Brooklyn,10
Brooklyn,124
Brooklyn,180
Brooklyn,59
Brooklyn,150
Brooklyn,100
Brooklyn,125
Brooklyn,50
Brooklyn,75
Brooklyn,120
Brooklyn,200
Brooklyn,195
Brooklyn,89
Brooklyn,40
Brooklyn,195
Brooklyn,45
Brooklyn,45
Brooklyn,90
Brooklyn,60
Brooklyn,80
Brooklyn,300
Brooklyn,550
Brooklyn,250
Brooklyn,250
Brooklyn,75
Brooklyn,110
Brooklyn,160
Brooklyn,65
Brooklyn,65
Brooklyn,45
Brooklyn,85
Brooklyn,80
Brooklyn,60
Brooklyn,60
Brooklyn,70
Brooklyn,115
Brooklyn,60
Brooklyn,155
Brooklyn,780
Brooklyn,100
Brooklyn,109
Brooklyn,85
Brooklyn,85
Brooklyn,50
Brooklyn,347
Brooklyn,50
Brooklyn,190
Brooklyn,190
Brooklyn,90
Brooklyn,399
Brooklyn,349
Brooklyn,379
Brooklyn,399
Brooklyn,150
Brooklyn,140
Brooklyn,62
Brooklyn,112
Brooklyn,350
Brooklyn,62
Brooklyn,100
Brooklyn,103
Brooklyn,100
Brooklyn,110
Brooklyn,110
Brooklyn,39
Brooklyn,90
Brooklyn,55
Brooklyn,200
Brooklyn,120
Brooklyn,149
Brooklyn,190
Brooklyn,149
Brooklyn,50
Brooklyn,76
Brooklyn,60
Brooklyn,60
Brooklyn,150
Brooklyn,150
Brooklyn,200
Brooklyn,60
Brooklyn,183
Brooklyn,70
Brooklyn,60
Brooklyn,95
Brooklyn,70
Brooklyn,55
Brooklyn,67
Brooklyn,150
Brooklyn,41
Brooklyn,99
Brooklyn,70
Brooklyn,350
Brooklyn,55
Brooklyn,165
Brooklyn,250
Brooklyn,55
Brooklyn,59
Brooklyn,55
Brooklyn,75
Brooklyn,115
Brooklyn,50
Brooklyn,150
Brooklyn,35
Brooklyn,75
Brooklyn,139
Brooklyn,106
Brooklyn,100
Brooklyn,130
Brooklyn,200
Brooklyn,200
Brooklyn,100
Brooklyn,745
Brooklyn,230
Brooklyn,89
Brooklyn,150
Brooklyn,274
Brooklyn,85
Brooklyn,100
Brooklyn,225
Brooklyn,75
Brooklyn,95
Brooklyn,170
Brooklyn,65
Brooklyn,50
Brooklyn,150
Brooklyn,119
Brooklyn,112
Brooklyn,41
Brooklyn,168
Brooklyn,163
Brooklyn,60
Brooklyn,130
Brooklyn,38
Brooklyn,60
Brooklyn,36
Brooklyn,90
Brooklyn,70
Brooklyn,208
Brooklyn,175
Brooklyn,225
Brooklyn,300
Brooklyn,130
Brooklyn,40
Brooklyn,75
Brooklyn,100
Brooklyn,40
Brooklyn,120
Brooklyn,75
Brooklyn,300
Brooklyn,75
Brooklyn,595
Brooklyn,120
Brooklyn,185
Brooklyn,40
Brooklyn,95
Brooklyn,120
Brooklyn,200
Brooklyn,250
Brooklyn,95
Brooklyn,38
Brooklyn,165
Brooklyn,108
Brooklyn,55
Brooklyn,35
Brooklyn,35
Brooklyn,75
Brooklyn,220
Brooklyn,90
Brooklyn,75
Brooklyn,60
Brooklyn,63
Brooklyn,90
Brooklyn,171
Brooklyn,40
Brooklyn,35
Brooklyn,60
Brooklyn,90
Brooklyn,95
Brooklyn,35
Brooklyn,50
Brooklyn,140
Brooklyn,59
Brooklyn,39
Brooklyn,80
Brooklyn,94
Brooklyn,60
Brooklyn,260
Brooklyn,225
Brooklyn,67
Brooklyn,190
Brooklyn,120
Brooklyn,66
Brooklyn,45
Brooklyn,55
Brooklyn,40
Brooklyn,75
Brooklyn,75
Brooklyn,67
Brooklyn,250
Brooklyn,125
Brooklyn,165
Brooklyn,195
Brooklyn,98
Brooklyn,36
Brooklyn,37
Brooklyn,75
Brooklyn,79
Brooklyn,449
Brooklyn,195
Brooklyn,59
Brooklyn,100
Brooklyn,43
Brooklyn,55
Brooklyn,150
Brooklyn,229
Brooklyn,51
Brooklyn,275
Brooklyn,200
Brooklyn,80
Brooklyn,85
Brooklyn,46
Brooklyn,200
Brooklyn,125
Brooklyn,150
Brooklyn,120
Brooklyn,99
Brooklyn,53
Brooklyn,250
Brooklyn,209
Brooklyn,140
Brooklyn,50
Brooklyn,50
Brooklyn,84
Brooklyn,130
Brooklyn,125
Brooklyn,70
Brooklyn,60
Brooklyn,100
Brooklyn,89
Brooklyn,265
Brooklyn,210
Brooklyn,65
Brooklyn,115
Brooklyn,50
Brooklyn,110
Brooklyn,115
Brooklyn,259
Brooklyn,38
Brooklyn,150
Brooklyn,99
Brooklyn,125
Brooklyn,59
Brooklyn,300
Brooklyn,50
Brooklyn,70
Brooklyn,36
Brooklyn,51
Brooklyn,70
Brooklyn,49
Brooklyn,85
Brooklyn,99
Brooklyn,38
Brooklyn,44
Brooklyn,345
Brooklyn,38
Brooklyn,38
Brooklyn,35
Brooklyn,59
Brooklyn,225
Brooklyn,80
Brooklyn,50
Brooklyn,110
Brooklyn,40
Brooklyn,160
Brooklyn,100
Brooklyn,53
Brooklyn,90
Brooklyn,90
Brooklyn,159
Brooklyn,210
Brooklyn,65
Brooklyn,200
Brooklyn,130
Brooklyn,47
Brooklyn,118
Brooklyn,145
Brooklyn,75
Brooklyn,40
Brooklyn,110
Brooklyn,80
Brooklyn,50
Brooklyn,58
Brooklyn,150
Brooklyn,200
Brooklyn,125
Brooklyn,70
Brooklyn,45
Brooklyn,70
Brooklyn,10
Brooklyn,55
Brooklyn,83
Brooklyn,175
Brooklyn,150
Brooklyn,30
Brooklyn,110
Brooklyn,120
Brooklyn,80
Brooklyn,330
Brooklyn,150
Brooklyn,90
Brooklyn,70
Brooklyn,200
Brooklyn,60
Brooklyn,80
Brooklyn,65
Brooklyn,90
Brooklyn,180
Brooklyn,56
Brooklyn,70
Brooklyn,100
Brooklyn,125
Brooklyn,60
Brooklyn,55
Brooklyn,150
Brooklyn,110
Brooklyn,150
Brooklyn,57
Brooklyn,120
Brooklyn,135
Brooklyn,80
Brooklyn,150
Brooklyn,180
Brooklyn,50
Brooklyn,55
Brooklyn,55
Brooklyn,80
Brooklyn,70
Brooklyn,65
Brooklyn,133
Brooklyn,75
Brooklyn,85
Brooklyn,125
Brooklyn,137
Brooklyn,125
Brooklyn,66
Brooklyn,148
Brooklyn,200
Brooklyn,45
Brooklyn,44
Brooklyn,55
Brooklyn,78
Brooklyn,150
Brooklyn,75
Brooklyn,75
Brooklyn,125
Brooklyn,25
Brooklyn,165
Brooklyn,69
Brooklyn,50
Brooklyn,135
Brooklyn,65
Brooklyn,25
Brooklyn,120
Brooklyn,65
Brooklyn,172
Brooklyn,150
Brooklyn,60
Brooklyn,330
Brooklyn,76
Brooklyn,220
Brooklyn,55
Brooklyn,95
Brooklyn,118
Brooklyn,20
Brooklyn,70
Brooklyn,33
Brooklyn,30
Brooklyn,98
Brooklyn,70
Brooklyn,55
Brooklyn,40
Brooklyn,36
Brooklyn,65
Brooklyn,49
Brooklyn,52
Brooklyn,97
Brooklyn,80
Brooklyn,35
Brooklyn,36
Brooklyn,150
Brooklyn,100
Brooklyn,60
Brooklyn,123
Brooklyn,80
Brooklyn,90
Brooklyn,70
Brooklyn,188
Brooklyn,69
Brooklyn,289
Brooklyn,130
Brooklyn,75
Brooklyn,21
Brooklyn,68
Brooklyn,135
Brooklyn,50
Brooklyn,62
Brooklyn,90
Brooklyn,68
Brooklyn,120
Brooklyn,120
Brooklyn,65
Brooklyn,47
Brooklyn,65
Brooklyn,54
Brooklyn,265
Brooklyn,95
Brooklyn,125
Brooklyn,140
Brooklyn,95
Brooklyn,120
Brooklyn,39
Brooklyn,75
Brooklyn,65
Brooklyn,58
Brooklyn,100
Brooklyn,73
Brooklyn,65
Brooklyn,57
Brooklyn,60
Brooklyn,65
Brooklyn,100
Brooklyn,185
Brooklyn,65
Brooklyn,70
Brooklyn,60
Brooklyn,170
Brooklyn,65
Brooklyn,30
Brooklyn,60
Brooklyn,65
Brooklyn,90
Brooklyn,65
Brooklyn,142
Brooklyn,80
Brooklyn,70
Brooklyn,275
Brooklyn,100
Brooklyn,60
Brooklyn,145
Brooklyn,37
Brooklyn,180
Brooklyn,110
Brooklyn,70
Brooklyn,100
Brooklyn,200
Brooklyn,200
Brooklyn,40
Brooklyn,44
Brooklyn,115
Brooklyn,120
Brooklyn,460
Brooklyn,40
Brooklyn,150
Brooklyn,65
Brooklyn,63
Brooklyn,75
Brooklyn,129
Brooklyn,80
Brooklyn,159
Brooklyn,65
Brooklyn,65
Brooklyn,85
Brooklyn,70
Brooklyn,40
Brooklyn,300
Brooklyn,75
Brooklyn,68
Brooklyn,110
Brooklyn,190
Brooklyn,66
Brooklyn,125
Brooklyn,55
Brooklyn,80
Brooklyn,200
Brooklyn,89
Brooklyn,115
Brooklyn,100
Brooklyn,45
Brooklyn,390
Brooklyn,100
Brooklyn,119
Brooklyn,79
Brooklyn,150
Brooklyn,175
Brooklyn,40
Brooklyn,31
Brooklyn,109
Brooklyn,109
Brooklyn,95
Brooklyn,95
Brooklyn,125
Brooklyn,125
Brooklyn,35
Brooklyn,250
Brooklyn,135
Brooklyn,108
Brooklyn,50
Brooklyn,115
Brooklyn,82
Brooklyn,350
Brooklyn,40
Brooklyn,74
Brooklyn,70
Brooklyn,75
Brooklyn,99
Brooklyn,79
Brooklyn,82
Brooklyn,45
Brooklyn,41
Brooklyn,38
Brooklyn,95
Brooklyn,82
Brooklyn,67
Brooklyn,67
Brooklyn,85
Brooklyn,60
Brooklyn,50
Brooklyn,185
Brooklyn,45
Brooklyn,86
Brooklyn,111
Brooklyn,47
Brooklyn,90
Brooklyn,750
Brooklyn,80
Brooklyn,275
Brooklyn,95
Brooklyn,46
Brooklyn,96
Brooklyn,100
Brooklyn,80
Brooklyn,70
Brooklyn,95
Brooklyn,130
Brooklyn,110
Brooklyn,100
Brooklyn,45
Brooklyn,145
Brooklyn,60
Brooklyn,119
Brooklyn,350
Brooklyn,225
Brooklyn,95
Brooklyn,95
Brooklyn,30
Brooklyn,30
Brooklyn,149
Brooklyn,60
Brooklyn,120
Brooklyn,79
Brooklyn,80
Brooklyn,65
Brooklyn,50
Brooklyn,200
Brooklyn,145
Brooklyn,55
Brooklyn,65
Brooklyn,67
Brooklyn,67
Brooklyn,65
Brooklyn,48
Brooklyn,250
Brooklyn,100
Brooklyn,135
Brooklyn,98
Brooklyn,121
Brooklyn,999
Brooklyn,100
Brooklyn,65
Brooklyn,250
Brooklyn,179
Brooklyn,70
Brooklyn,158
Brooklyn,49
Brooklyn,128
Brooklyn,200
Brooklyn,80
Brooklyn,180
Brooklyn,95
Brooklyn,55
Brooklyn,62
Brooklyn,62
Brooklyn,55
Brooklyn,50
Brooklyn,35
Brooklyn,189
Brooklyn,230
Brooklyn,290
Brooklyn,60
Brooklyn,44
Brooklyn,70
Brooklyn,175
Brooklyn,55
Brooklyn,315
Brooklyn,47
Brooklyn,149
Brooklyn,65
Brooklyn,65
Brooklyn,59
Brooklyn,150
Brooklyn,65
Brooklyn,55
Brooklyn,70
Brooklyn,165
Brooklyn,35
Brooklyn,46
Brooklyn,130
Brooklyn,100
Brooklyn,150
Brooklyn,88
Brooklyn,65
Brooklyn,54
Brooklyn,40
Brooklyn,85
Brooklyn,132
Brooklyn,140
Brooklyn,87
Brooklyn,120
Brooklyn,50
Brooklyn,192
Brooklyn,150
Brooklyn,1200
Brooklyn,75
Brooklyn,60
Brooklyn,329
Brooklyn,39
Brooklyn,150
Brooklyn,75
Brooklyn,135
Brooklyn,110
Brooklyn,160
Brooklyn,50
Brooklyn,70
Brooklyn,80
Brooklyn,150
Brooklyn,110
Brooklyn,150
Brooklyn,150
Brooklyn,138
Brooklyn,135
Brooklyn,100
Brooklyn,500
Brooklyn,300
Brooklyn,43
Brooklyn,52
Brooklyn,85
Brooklyn,50
Brooklyn,80
Brooklyn,75
Brooklyn,70
Brooklyn,65
Brooklyn,65
Brooklyn,65
Brooklyn,55
Brooklyn,130
Brooklyn,162
Brooklyn,85
Brooklyn,46
Brooklyn,76
Brooklyn,86
Brooklyn,60
Brooklyn,89
Brooklyn,40
Brooklyn,250
Brooklyn,55
Brooklyn,86
Brooklyn,86
Brooklyn,250
Brooklyn,245
Brooklyn,65
Brooklyn,55
Brooklyn,175
Brooklyn,60
Brooklyn,87
Brooklyn,87
Brooklyn,87
Brooklyn,65
Brooklyn,204
Brooklyn,81
Brooklyn,50
Brooklyn,45
Brooklyn,125
Brooklyn,90
Brooklyn,135
Brooklyn,60
Brooklyn,50
Brooklyn,80
Brooklyn,110
Brooklyn,50
Brooklyn,99
Brooklyn,65
Brooklyn,130
Brooklyn,53
Brooklyn,50
Brooklyn,250
Brooklyn,30
Brooklyn,56
Brooklyn,100
Brooklyn,290
Brooklyn,130
Brooklyn,250
Brooklyn,75
Brooklyn,180
Brooklyn,65
Brooklyn,45
Brooklyn,150
Brooklyn,45
Brooklyn,50
Brooklyn,60
Brooklyn,375
Brooklyn,64
Brooklyn,125
Brooklyn,250
Brooklyn,600
Brooklyn,110
Brooklyn,150
Brooklyn,90
Brooklyn,310
Brooklyn,650
Brooklyn,75
Brooklyn,40
Brooklyn,123
Brooklyn,47
Brooklyn,31
Brooklyn,100
Brooklyn,130
Brooklyn,50
Brooklyn,59
Brooklyn,113
Brooklyn,100
Brooklyn,120
Brooklyn,126
Brooklyn,61
Brooklyn,54
Brooklyn,155
Brooklyn,38
Brooklyn,37
Brooklyn,58
Brooklyn,55
Brooklyn,93
Brooklyn,58
Brooklyn,125
Brooklyn,63
Brooklyn,180
Brooklyn,63
Brooklyn,48
Brooklyn,42
Brooklyn,50
Brooklyn,315
Brooklyn,199
Brooklyn,36
Brooklyn,40
Brooklyn,106
Brooklyn,160
Brooklyn,40
Brooklyn,65
Brooklyn,100
Brooklyn,65
Brooklyn,150
Brooklyn,57
Brooklyn,150
Brooklyn,60
Brooklyn,35
Brooklyn,65
Brooklyn,49
Brooklyn,60
Brooklyn,139
Brooklyn,80
Brooklyn,85
Brooklyn,45
Brooklyn,148
Brooklyn,115
Brooklyn,75
Brooklyn,75
Brooklyn,175
Brooklyn,100
Brooklyn,60
Brooklyn,100
Brooklyn,91
Brooklyn,65
Brooklyn,110
Brooklyn,59
Brooklyn,45
Brooklyn,98
Brooklyn,165
Brooklyn,50
Brooklyn,100
Brooklyn,138
Brooklyn,75
Brooklyn,175
Brooklyn,90
Brooklyn,79
Brooklyn,45
Brooklyn,40
Brooklyn,40
Brooklyn,40
Brooklyn,125
Brooklyn,70
Brooklyn,115
Brooklyn,55
Brooklyn,170
Brooklyn,52
Brooklyn,90
Brooklyn,165
Brooklyn,116
Brooklyn,80
Brooklyn,65
Brooklyn,170
Brooklyn,689
Brooklyn,99
Brooklyn,43
Brooklyn,125
Brooklyn,200
Brooklyn,100
Brooklyn,63
Brooklyn,100
Brooklyn,39
Brooklyn,195
Brooklyn,55
Brooklyn,150
Brooklyn,65
Brooklyn,200
Brooklyn,65
Brooklyn,55
Brooklyn,59
Brooklyn,55
Brooklyn,200
Brooklyn,82
Brooklyn,75
Brooklyn,136
Brooklyn,65
Brooklyn,160
Brooklyn,32
Brooklyn,36
Brooklyn,159
Brooklyn,105
Brooklyn,42
Brooklyn,120
Brooklyn,120
Brooklyn,37
Brooklyn,165
Brooklyn,290
Brooklyn,25
Brooklyn,35
Brooklyn,180
Brooklyn,160
Brooklyn,60
Brooklyn,150
Brooklyn,49
Brooklyn,100
Brooklyn,139
Brooklyn,59
Brooklyn,175
Brooklyn,199
Brooklyn,65
Brooklyn,88
Brooklyn,55
Brooklyn,55
Brooklyn,55
Brooklyn,65
Brooklyn,350
Brooklyn,52
Brooklyn,55
Brooklyn,160
Brooklyn,125
Brooklyn,65
Brooklyn,85
Brooklyn,65
Brooklyn,100
Brooklyn,50
Brooklyn,155
Brooklyn,55
Brooklyn,50
Brooklyn,300
Brooklyn,285
Brooklyn,250
Brooklyn,85
Brooklyn,150
Brooklyn,63
Brooklyn,85
Brooklyn,43
Brooklyn,172
Brooklyn,125
Brooklyn,45
Brooklyn,50
Brooklyn,80
Brooklyn,45
Brooklyn,37
Brooklyn,71
Brooklyn,86
Brooklyn,65
Brooklyn,139
Brooklyn,120
Brooklyn,104
Brooklyn,125
Brooklyn,80
Brooklyn,136
Brooklyn,125
Brooklyn,85
Brooklyn,175
Brooklyn,60
Brooklyn,60
Brooklyn,95
Brooklyn,65
Brooklyn,52
Brooklyn,60
Brooklyn,100
Brooklyn,90
Brooklyn,105
Brooklyn,295
Brooklyn,98
Brooklyn,150
Brooklyn,100
Brooklyn,99
Brooklyn,40
Brooklyn,124
Brooklyn,78
Brooklyn,110
Brooklyn,60
Brooklyn,42
Brooklyn,38
Brooklyn,185
Brooklyn,185
Brooklyn,150
Brooklyn,350
Brooklyn,66
Brooklyn,65
Brooklyn,31
Brooklyn,55
Brooklyn,75
Brooklyn,210
Brooklyn,120
Brooklyn,90
Brooklyn,90
Brooklyn,115
Brooklyn,45
Brooklyn,105
Brooklyn,73
Brooklyn,125
Brooklyn,350
Brooklyn,190
Brooklyn,48
Brooklyn,250
Brooklyn,80
Brooklyn,275
Brooklyn,49
Brooklyn,90
Brooklyn,75
Brooklyn,250
Brooklyn,90
Brooklyn,65
Brooklyn,45
Brooklyn,70
Brooklyn,30
Brooklyn,66
Brooklyn,100
Brooklyn,55
Brooklyn,55
Brooklyn,65
Brooklyn,100
Brooklyn,144
Brooklyn,65
Brooklyn,65
Brooklyn,80
Brooklyn,66
Brooklyn,95
Brooklyn,119
Brooklyn,39
Brooklyn,125
Brooklyn,60
Brooklyn,130
Brooklyn,180
Brooklyn,40
Brooklyn,65
Brooklyn,150
Brooklyn,150
Brooklyn,90
Brooklyn,69
Brooklyn,200
Brooklyn,59
Brooklyn,60
Brooklyn,70
Brooklyn,45
Brooklyn,45
Brooklyn,75
Brooklyn,150
Brooklyn,80
Brooklyn,75
Brooklyn,154
Brooklyn,40
Brooklyn,160
Brooklyn,54
Brooklyn,46
Brooklyn,122
Brooklyn,65
Brooklyn,176
Brooklyn,80
Brooklyn,300
Brooklyn,123
Brooklyn,140
Brooklyn,177
Brooklyn,150
Brooklyn,50
Brooklyn,104
Brooklyn,54
Brooklyn,74
Brooklyn,75
Brooklyn,150
Brooklyn,195
Brooklyn,97
Brooklyn,130
Brooklyn,95
Brooklyn,70
Brooklyn,38
Brooklyn,600
Brooklyn,44
Brooklyn,29
Brooklyn,58
Brooklyn,110
Brooklyn,70
Brooklyn,495
Brooklyn,40
Brooklyn,60
Brooklyn,36
Brooklyn,45
Brooklyn,75
Brooklyn,125
Brooklyn,55
Brooklyn,88
Brooklyn,36
Brooklyn,79
Brooklyn,39
Brooklyn,43
Brooklyn,37
Brooklyn,60
Brooklyn,68
Brooklyn,70
Brooklyn,80
Brooklyn,200
Brooklyn,70
Brooklyn,170
Brooklyn,250
Brooklyn,35
Brooklyn,60
Brooklyn,150
Brooklyn,250
Brooklyn,200
Brooklyn,150
Brooklyn,70
Brooklyn,200
Brooklyn,119
Brooklyn,125
Brooklyn,68
Brooklyn,200
Brooklyn,80
Brooklyn,89
Brooklyn,99
Brooklyn,55
Brooklyn,50
Brooklyn,175
Brooklyn,480
Brooklyn,60
Brooklyn,35
Brooklyn,60
Brooklyn,350
Brooklyn,65
Brooklyn,298
Brooklyn,530
Brooklyn,50
Brooklyn,65
Brooklyn,45
Brooklyn,120
Brooklyn,90
Brooklyn,110
Brooklyn,97
Brooklyn,75
Brooklyn,75
Brooklyn,150
Brooklyn,130
Brooklyn,53
Brooklyn,200
Brooklyn,35
Brooklyn,285
Brooklyn,245
Brooklyn,98
Brooklyn,75
Brooklyn,78
Brooklyn,41
Brooklyn,145
Brooklyn,70
Brooklyn,65
Brooklyn,80
Brooklyn,70
Brooklyn,122
Brooklyn,30
Brooklyn,80
Brooklyn,335
Brooklyn,75
Brooklyn,119
Brooklyn,143
Brooklyn,150
Brooklyn,100
Brooklyn,59
Brooklyn,380
Brooklyn,80
Brooklyn,65
Brooklyn,37
Brooklyn,40
Brooklyn,99
Brooklyn,160
Brooklyn,275
Brooklyn,104
Brooklyn,165
Brooklyn,85
Brooklyn,25
Brooklyn,25
Brooklyn,25
Brooklyn,134
Brooklyn,102
Brooklyn,240
Brooklyn,102
Brooklyn,40
Brooklyn,100
Brooklyn,115
Brooklyn,50
Brooklyn,109
Brooklyn,99
Brooklyn,76
Brooklyn,70
Brooklyn,89
Brooklyn,85
Brooklyn,200
Brooklyn,150
Brooklyn,90
Brooklyn,180
Brooklyn,100
Brooklyn,50
Brooklyn,75
Brooklyn,200
Brooklyn,34
Brooklyn,85
Brooklyn,88
Brooklyn,60
Brooklyn,75
Brooklyn,69
Brooklyn,100
Brooklyn,89
Brooklyn,90
Brooklyn,75
Brooklyn,140
Brooklyn,85
Brooklyn,58
Brooklyn,89
Brooklyn,50
Brooklyn,119
Brooklyn,60
Brooklyn,99
Brooklyn,75
Brooklyn,32
Brooklyn,65
Brooklyn,90
Brooklyn,75
Brooklyn,149
Brooklyn,50
Brooklyn,215
Brooklyn,110
Brooklyn,350
Brooklyn,48
Brooklyn,10
Brooklyn,250
Brooklyn,56
Brooklyn,125
Brooklyn,75
Brooklyn,325
Brooklyn,70
Brooklyn,40
Brooklyn,245
Brooklyn,75
Brooklyn,48
Brooklyn,197
Brooklyn,150
Brooklyn,200
Brooklyn,65
Brooklyn,75
Brooklyn,50
Brooklyn,250
Brooklyn,60
Brooklyn,48
Brooklyn,90
Brooklyn,135
Brooklyn,97
Brooklyn,320
Brooklyn,200
Brooklyn,99
Brooklyn,180
Brooklyn,65
Brooklyn,100
Brooklyn,115
Brooklyn,100
Brooklyn,63
Brooklyn,70
Brooklyn,115
Brooklyn,45
Brooklyn,63
Brooklyn,47
Brooklyn,274
Brooklyn,110
Brooklyn,175
Brooklyn,70
Brooklyn,95
Brooklyn,75
Brooklyn,125
Brooklyn,69
Brooklyn,150
Brooklyn,145
Brooklyn,175
Brooklyn,175
Brooklyn,99
Brooklyn,110
Brooklyn,65
Brooklyn,65
Brooklyn,65
Brooklyn,70
Brooklyn,70
Brooklyn,175
Brooklyn,98
Brooklyn,55
Brooklyn,95
Brooklyn,100
Brooklyn,70
Brooklyn,85
Brooklyn,71
Brooklyn,70
Brooklyn,101
Brooklyn,190
Brooklyn,190
Brooklyn,35
Brooklyn,59
Brooklyn,207
Brooklyn,70
Brooklyn,40
Brooklyn,66
Brooklyn,750
Brooklyn,99
Brooklyn,110
Brooklyn,120
Brooklyn,63
Brooklyn,55
Brooklyn,67
Brooklyn,40
Brooklyn,40
Brooklyn,785
Brooklyn,75
Brooklyn,80
Brooklyn,30
Brooklyn,145
Brooklyn,150
Brooklyn,50
Brooklyn,185
Brooklyn,37
Brooklyn,85
Brooklyn,85
Brooklyn,60
Brooklyn,200
Brooklyn,155
Brooklyn,220
Brooklyn,75
Brooklyn,140
Brooklyn,195
Brooklyn,125
Brooklyn,90
Brooklyn,95
Brooklyn,50
Brooklyn,89
Brooklyn,400
Brooklyn,330
Brooklyn,139
Brooklyn,50
Brooklyn,125
Brooklyn,175
Brooklyn,130
Brooklyn,120
Brooklyn,150
Brooklyn,180
Brooklyn,105
Brooklyn,63
Brooklyn,70
Brooklyn,43
Brooklyn,40
Brooklyn,40
Brooklyn,94
Brooklyn,750
Brooklyn,69
Brooklyn,80
Brooklyn,52
Brooklyn,60
Brooklyn,60
Brooklyn,59
Brooklyn,120
Brooklyn,45
Brooklyn,140
Brooklyn,50
Brooklyn,90
Brooklyn,100
Brooklyn,110
Brooklyn,65
Brooklyn,65
Brooklyn,50
Brooklyn,65
Brooklyn,160
Brooklyn,53
Brooklyn,99
Brooklyn,149
Brooklyn,110
Brooklyn,140
Brooklyn,115
Brooklyn,50
Brooklyn,70
Brooklyn,120
Brooklyn,125
Brooklyn,60
Brooklyn,47
Brooklyn,195
Brooklyn,39
Brooklyn,39
Brooklyn,39
Brooklyn,39
Brooklyn,80
Brooklyn,65
Brooklyn,50
Brooklyn,55
Brooklyn,65
Brooklyn,75
Brooklyn,108
Brooklyn,89
Brooklyn,180
Brooklyn,139
Brooklyn,89
Brooklyn,99
Brooklyn,69
Brooklyn,99
Brooklyn,280
Brooklyn,65
Brooklyn,70
Brooklyn,60
Brooklyn,57
Brooklyn,500
Brooklyn,95
Brooklyn,140
Brooklyn,55
Brooklyn,50
Brooklyn,55
Brooklyn,55
Brooklyn,50
Brooklyn,55
Brooklyn,60
Brooklyn,50
Brooklyn,55
Brooklyn,50
Brooklyn,50
Brooklyn,200
Brooklyn,85
Brooklyn,39
Brooklyn,65
Brooklyn,80
Brooklyn,46
Brooklyn,80
Brooklyn,57
Brooklyn,26
Brooklyn,53
Brooklyn,105
Brooklyn,95
Brooklyn,40
Brooklyn,100
Brooklyn,60
Brooklyn,110
Brooklyn,85
Brooklyn,85
Brooklyn,225
Brooklyn,53
Brooklyn,57
Brooklyn,57
Brooklyn,80
Brooklyn,80
Brooklyn,50
Brooklyn,195
Brooklyn,100
Brooklyn,85
Brooklyn,31
Brooklyn,99
Brooklyn,117
Brooklyn,160
Brooklyn,105
Brooklyn,225
Brooklyn,245
Brooklyn,185
Brooklyn,480
Brooklyn,190
Brooklyn,325
Brooklyn,59
Brooklyn,60
Brooklyn,60
Brooklyn,65
Brooklyn,58
Brooklyn,40
Brooklyn,50
Brooklyn,80
Brooklyn,43
Brooklyn,99
Brooklyn,90
Brooklyn,105
Brooklyn,38
Brooklyn,76
Brooklyn,150
Brooklyn,80
Brooklyn,250
Brooklyn,100
Brooklyn,70
Brooklyn,46
Brooklyn,145
Brooklyn,80
Brooklyn,65
Brooklyn,100
Brooklyn,60
Brooklyn,70
Brooklyn,53
Brooklyn,110
Brooklyn,53
Brooklyn,150
Brooklyn,200
Brooklyn,200
Brooklyn,60
Brooklyn,70
Brooklyn,30
Brooklyn,95
Brooklyn,57
Brooklyn,37
Brooklyn,36
Brooklyn,29
Brooklyn,200
Brooklyn,130
Brooklyn,275
Brooklyn,90
Brooklyn,250
Brooklyn,70
Brooklyn,99
Brooklyn,59
Brooklyn,89
Brooklyn,60
Brooklyn,150
Brooklyn,70
Brooklyn,90
Brooklyn,50
Brooklyn,200
Brooklyn,59
Brooklyn,160
Brooklyn,72
Brooklyn,210
Brooklyn,180
Brooklyn,105
Brooklyn,69
Brooklyn,70
Brooklyn,120
Brooklyn,67
Brooklyn,99
Brooklyn,75
Brooklyn,175
Brooklyn,62
Brooklyn,150
Brooklyn,90
Brooklyn,55
Brooklyn,90
Brooklyn,57
Brooklyn,180
Brooklyn,65
Brooklyn,100
Brooklyn,60
Brooklyn,149
Brooklyn,57
Brooklyn,39
Brooklyn,50
Brooklyn,55
Brooklyn,48
Brooklyn,30
Brooklyn,50
Brooklyn,45
Brooklyn,35
Brooklyn,30
Brooklyn,40
Brooklyn,60
Brooklyn,60
Brooklyn,35
Brooklyn,200
Brooklyn,285
Brooklyn,100
Brooklyn,220
Brooklyn,70
Brooklyn,70
Brooklyn,55
Brooklyn,99
Brooklyn,48
Brooklyn,45
Brooklyn,50
Brooklyn,150
Brooklyn,73
Brooklyn,50
Brooklyn,100
Brooklyn,160
Brooklyn,110
Brooklyn,50
Brooklyn,100
Brooklyn,68
Brooklyn,63
Brooklyn,200
Brooklyn,120
Brooklyn,275
Brooklyn,150
Brooklyn,40
Brooklyn,82
Brooklyn,65
Brooklyn,80
Brooklyn,39
Brooklyn,150
Brooklyn,65
Brooklyn,175
Brooklyn,210
Brooklyn,125
Brooklyn,150
Brooklyn,80
Brooklyn,135
Brooklyn,55
Brooklyn,230
Brooklyn,50
Brooklyn,139
Brooklyn,129
Brooklyn,80
Brooklyn,44
Brooklyn,90
Brooklyn,200
Brooklyn,75
Brooklyn,70
Brooklyn,55
Brooklyn,55
Brooklyn,50
Brooklyn,85
Brooklyn,85
Brooklyn,90
Brooklyn,175
Brooklyn,134
Brooklyn,40
Brooklyn,55
Brooklyn,60
Brooklyn,74
Brooklyn,69
Brooklyn,160
Brooklyn,100
Brooklyn,65
Brooklyn,80
Brooklyn,400
Brooklyn,55
Brooklyn,72
Brooklyn,45
Brooklyn,120
Brooklyn,125
Brooklyn,350
Brooklyn,105
Brooklyn,40
Brooklyn,215
Brooklyn,80
Brooklyn,42
Brooklyn,25
Brooklyn,25
Brooklyn,85
Brooklyn,25
Brooklyn,48
Brooklyn,78
Brooklyn,55
Brooklyn,80
Brooklyn,67
Brooklyn,66
Brooklyn,95
Brooklyn,175
Brooklyn,70
Brooklyn,89
Brooklyn,90
Brooklyn,90
Brooklyn,125
Brooklyn,50
Brooklyn,112
Brooklyn,140
Brooklyn,100
Brooklyn,275
Brooklyn,80
Brooklyn,85
Brooklyn,87
Brooklyn,150
Brooklyn,70
Brooklyn,120
Brooklyn,200
Brooklyn,150
Brooklyn,68
Brooklyn,185
Brooklyn,65
Brooklyn,120
Brooklyn,60
Brooklyn,60
Brooklyn,60
Brooklyn,60
Brooklyn,130
Brooklyn,95
Brooklyn,45
Brooklyn,70
Brooklyn,70
Brooklyn,155
Brooklyn,125
Brooklyn,180
Brooklyn,179
Brooklyn,75
Brooklyn,151
Brooklyn,50
Brooklyn,50
Brooklyn,150
Brooklyn,25
Brooklyn,55
Brooklyn,200
Brooklyn,135
Brooklyn,129
Brooklyn,400
Brooklyn,75
Brooklyn,125
Brooklyn,39
Brooklyn,125
Brooklyn,70
Brooklyn,100
Brooklyn,79
Brooklyn,53
Brooklyn,53
Brooklyn,43
Brooklyn,41
Brooklyn,65
Brooklyn,65
Brooklyn,65
Brooklyn,60
Brooklyn,58
Brooklyn,75
Brooklyn,49
Brooklyn,41
Brooklyn,175
Brooklyn,49
Brooklyn,65
Brooklyn,49
Brooklyn,49
Brooklyn,65
Brooklyn,49
Brooklyn,45
Brooklyn,99
Brooklyn,115
Brooklyn,44
Brooklyn,39
Brooklyn,110
Brooklyn,199
Brooklyn,180
Brooklyn,120
Brooklyn,75
Brooklyn,50
Brooklyn,50
Brooklyn,45
Brooklyn,40
Brooklyn,86
Brooklyn,130
Brooklyn,96
Brooklyn,45
Brooklyn,110
Brooklyn,55
Brooklyn,89
Brooklyn,55
Brooklyn,65
Brooklyn,90
Brooklyn,66
Brooklyn,119
Brooklyn,122
Brooklyn,62
Brooklyn,46
Brooklyn,119
Brooklyn,125
Brooklyn,140
Brooklyn,45
Brooklyn,150
Brooklyn,135
Brooklyn,60
Brooklyn,59
Brooklyn,175
Brooklyn,110
Brooklyn,125
Brooklyn,120
Brooklyn,88
Brooklyn,175
Brooklyn,100
Brooklyn,175
Brooklyn,121
Brooklyn,200
Brooklyn,58
Brooklyn,35
Brooklyn,90
Brooklyn,90
Brooklyn,149
Brooklyn,47
Brooklyn,110
Brooklyn,33
Brooklyn,100
Brooklyn,100
Brooklyn,95
Brooklyn,975
Brooklyn,45
Brooklyn,250
Brooklyn,196
Brooklyn,99
Brooklyn,40
Brooklyn,90
Brooklyn,85
Brooklyn,98
Brooklyn,249
Brooklyn,70
Brooklyn,65
Brooklyn,149
Brooklyn,90
Brooklyn,75
Brooklyn,82
Brooklyn,50
Brooklyn,50
Brooklyn,45
Brooklyn,79
Brooklyn,70
Brooklyn,70
Brooklyn,200
Brooklyn,250
Brooklyn,99
Brooklyn,150
Brooklyn,150
Brooklyn,45
Brooklyn,160
Brooklyn,110
Brooklyn,300
Brooklyn,35
Brooklyn,120
Brooklyn,75
Brooklyn,51
Brooklyn,200
Brooklyn,115
Brooklyn,84
Brooklyn,150
Brooklyn,225
Brooklyn,55
Brooklyn,35
Brooklyn,119
Brooklyn,60
Brooklyn,130
Brooklyn,170
Brooklyn,80
Brooklyn,100
Brooklyn,78
Brooklyn,65
Brooklyn,150
Brooklyn,181
Brooklyn,120
Brooklyn,139
Brooklyn,45
Brooklyn,36
Brooklyn,15
Brooklyn,160
Brooklyn,77
Brooklyn,75
Brooklyn,70
Brooklyn,130
Brooklyn,38
Brooklyn,150
Brooklyn,190
Brooklyn,169
Brooklyn,200
Brooklyn,50
Brooklyn,125
Brooklyn,105
Brooklyn,119
Brooklyn,119
Brooklyn,70
Brooklyn,200
Brooklyn,60
Brooklyn,85
Brooklyn,68
Brooklyn,72
Brooklyn,70
Brooklyn,100
Brooklyn,130
Brooklyn,85
Brooklyn,55
Brooklyn,110
Brooklyn,150
Brooklyn,63
Brooklyn,50
Brooklyn,150
Brooklyn,120
Brooklyn,225
Brooklyn,65
Brooklyn,65
Brooklyn,200
Brooklyn,60
Brooklyn,72
Brooklyn,150
Brooklyn,185
Brooklyn,70
Brooklyn,55
Brooklyn,115
Brooklyn,68
Brooklyn,150
Brooklyn,70
Brooklyn,120
Brooklyn,200
Brooklyn,80
Brooklyn,128
Brooklyn,49
Brooklyn,119
Brooklyn,60
Brooklyn,65
Brooklyn,52
Brooklyn,62
Brooklyn,60
Brooklyn,72
Brooklyn,55
Brooklyn,55
Brooklyn,55
Brooklyn,300
Brooklyn,31
Brooklyn,200
Brooklyn,60
Brooklyn,250
Brooklyn,65
Brooklyn,65
Brooklyn,35
Brooklyn,300
Brooklyn,119
Brooklyn,119
Brooklyn,85
Brooklyn,115
Brooklyn,75
Brooklyn,50
Brooklyn,50
Brooklyn,50
Brooklyn,50
Brooklyn,50
Brooklyn,24
Brooklyn,32
Brooklyn,305
Brooklyn,35
Brooklyn,107
Brooklyn,210
Brooklyn,139
Brooklyn,62
Brooklyn,180
Brooklyn,350
Brooklyn,29
Brooklyn,99
Brooklyn,99
Brooklyn,90
Brooklyn,65
Brooklyn,250
Brooklyn,200
Brooklyn,125
Brooklyn,250
Brooklyn,60
Brooklyn,50
Brooklyn,60
Brooklyn,85
Brooklyn,55
Brooklyn,250
Brooklyn,85
Brooklyn,55
Brooklyn,150
Brooklyn,55
Brooklyn,58
Brooklyn,110
Brooklyn,90
Brooklyn,55
Brooklyn,55
Brooklyn,72
Brooklyn,59
Brooklyn,95
Brooklyn,60
Brooklyn,25
Brooklyn,150
Brooklyn,1000
Brooklyn,81
Brooklyn,70
Brooklyn,98
Brooklyn,98
Brooklyn,98
Brooklyn,150
Brooklyn,35
Brooklyn,50
Brooklyn,211
Brooklyn,150
Brooklyn,200
Brooklyn,140
Brooklyn,220
Brooklyn,35
Brooklyn,90
Brooklyn,150
Brooklyn,100
Brooklyn,75
Brooklyn,125
Brooklyn,175
Brooklyn,85
Brooklyn,149
Brooklyn,139
Brooklyn,100
Brooklyn,250
Brooklyn,174
Brooklyn,150
Brooklyn,100
Brooklyn,75
Brooklyn,109
Brooklyn,65
Brooklyn,40
Brooklyn,45
Brooklyn,45
Brooklyn,82
Brooklyn,72
Brooklyn,200
Brooklyn,500
Brooklyn,110
Brooklyn,75
Brooklyn,100
Brooklyn,32
Brooklyn,89
Brooklyn,139
Brooklyn,70
Brooklyn,42
Brooklyn,860
Brooklyn,75
Brooklyn,65
Brooklyn,45
Brooklyn,35
Brooklyn,30
Brooklyn,30
Brooklyn,35
Brooklyn,75
Brooklyn,165
Brooklyn,41
Brooklyn,250
Brooklyn,200
Brooklyn,102
Brooklyn,200
Brooklyn,102
Brooklyn,93
Brooklyn,70
Brooklyn,250
Brooklyn,105
Brooklyn,110
Brooklyn,68
Brooklyn,100
Brooklyn,120
Brooklyn,50
Brooklyn,180
Brooklyn,56
Brooklyn,45
Brooklyn,250
Brooklyn,65
Brooklyn,68
Brooklyn,45
Brooklyn,55
Brooklyn,100
Brooklyn,85
Brooklyn,95
Brooklyn,20
Brooklyn,108
Brooklyn,143
Brooklyn,130
Brooklyn,191
Brooklyn,50
Brooklyn,79
Brooklyn,150
Brooklyn,70
Brooklyn,200
Brooklyn,200
Brooklyn,68
Brooklyn,2545
Brooklyn,115
Brooklyn,38
Brooklyn,45
Brooklyn,100
Brooklyn,100
Brooklyn,155
Brooklyn,120
Brooklyn,120
Brooklyn,120
Brooklyn,63
Brooklyn,70
Brooklyn,50
Brooklyn,60
Brooklyn,120
Brooklyn,50
Brooklyn,200
Brooklyn,138
Brooklyn,100
Brooklyn,85
Brooklyn,170
Brooklyn,81
Brooklyn,150
Brooklyn,85
Brooklyn,40
Brooklyn,275
Brooklyn,100
Brooklyn,149
Brooklyn,75
Brooklyn,60
Brooklyn,135
Brooklyn,60
Brooklyn,119
Brooklyn,150
Brooklyn,250
Brooklyn,38
Brooklyn,43
Brooklyn,215
Brooklyn,75
Brooklyn,80
Brooklyn,200
Brooklyn,100
Brooklyn,75
Brooklyn,299
Brooklyn,160
Brooklyn,60
Brooklyn,55
Brooklyn,85
Brooklyn,185
Brooklyn,300
Brooklyn,65
Brooklyn,150
Brooklyn,48
Brooklyn,175
Brooklyn,135
Brooklyn,74
Brooklyn,81
Brooklyn,285
Brooklyn,48
Brooklyn,80
Brooklyn,100
Brooklyn,120
Brooklyn,90
Brooklyn,175
Brooklyn,120
Brooklyn,160
Brooklyn,49
Brooklyn,99
Brooklyn,165
Brooklyn,60
Brooklyn,60
Brooklyn,60
Brooklyn,50
Brooklyn,93
Brooklyn,75
Brooklyn,149
Brooklyn,65
Brooklyn,65
Brooklyn,700
Brooklyn,175
Brooklyn,70
Brooklyn,30
Brooklyn,42
Brooklyn,70
Brooklyn,150
Brooklyn,100
Brooklyn,45
Brooklyn,200
Brooklyn,55
Brooklyn,60
Brooklyn,95
Brooklyn,110
Brooklyn,150
Brooklyn,64
Brooklyn,110
Brooklyn,105
Brooklyn,110
Brooklyn,110
Brooklyn,65
Brooklyn,349
Brooklyn,250
Brooklyn,120
Brooklyn,125
Brooklyn,125
Brooklyn,100
Brooklyn,37
Brooklyn,295
Brooklyn,200
Brooklyn,43
Brooklyn,119
Brooklyn,119
Brooklyn,119
Brooklyn,137
Brooklyn,148
Brooklyn,40
Brooklyn,59
Brooklyn,50
Brooklyn,46
Brooklyn,35
Brooklyn,130
Brooklyn,101
Brooklyn,39
Brooklyn,125
Brooklyn,110
Brooklyn,60
Brooklyn,88
Brooklyn,300
Brooklyn,200
Brooklyn,162
Brooklyn,39
Brooklyn,70
Brooklyn,200
Brooklyn,62
Brooklyn,140
Brooklyn,44
Brooklyn,475
Brooklyn,94
Brooklyn,50
Brooklyn,300
Brooklyn,75
Brooklyn,99
Brooklyn,150
Brooklyn,120
Brooklyn,120
Brooklyn,34
Brooklyn,135
Brooklyn,150
Brooklyn,95
Brooklyn,147
Brooklyn,125
Brooklyn,80
Brooklyn,90
Brooklyn,270
Brooklyn,80
Brooklyn,50
Brooklyn,300
Brooklyn,195
Brooklyn,150
Brooklyn,85
Brooklyn,64
Brooklyn,200
Brooklyn,100
Brooklyn,100
Brooklyn,105
Brooklyn,80
Brooklyn,139
Brooklyn,150
Brooklyn,42
Brooklyn,150
Brooklyn,50
Brooklyn,170
Brooklyn,210
Brooklyn,200
Brooklyn,65
Brooklyn,82
Brooklyn,105
Brooklyn,174
Brooklyn,119
Brooklyn,125
Brooklyn,45
Brooklyn,270
Brooklyn,119
Brooklyn,80
Brooklyn,85
Brooklyn,75
Brooklyn,50
Brooklyn,75
Brooklyn,40
Brooklyn,93
Brooklyn,60
Brooklyn,50
Brooklyn,75
Brooklyn,65
Brooklyn,24
Brooklyn,135
Brooklyn,249
Brooklyn,120
Brooklyn,75
Brooklyn,50
Brooklyn,129
Brooklyn,100
Brooklyn,160
Brooklyn,450
Brooklyn,75
Brooklyn,79
Brooklyn,53
Brooklyn,200
Brooklyn,200
Brooklyn,77
Brooklyn,55
Brooklyn,60
Brooklyn,95
Brooklyn,600
Brooklyn,150
Brooklyn,110
Brooklyn,79
Brooklyn,170
Brooklyn,99
Brooklyn,180
Brooklyn,140
Brooklyn,57
Brooklyn,250
Brooklyn,135
Brooklyn,119
Brooklyn,130
Brooklyn,90
Brooklyn,35
Brooklyn,103
Brooklyn,125
Brooklyn,60
Brooklyn,219
Brooklyn,90
Brooklyn,55
Brooklyn,100
Brooklyn,70
Brooklyn,59
Brooklyn,115
Brooklyn,100
Brooklyn,40
Brooklyn,75
Brooklyn,28
Brooklyn,150
Brooklyn,30
Brooklyn,300
Brooklyn,165
Brooklyn,79
Brooklyn,50
Brooklyn,85
Brooklyn,150
Brooklyn,60
Brooklyn,59
Brooklyn,26
Brooklyn,50
Brooklyn,100
Brooklyn,99
Brooklyn,60
Brooklyn,200
Brooklyn,250
Brooklyn,85
Brooklyn,50
Brooklyn,120
Brooklyn,175
Brooklyn,75
Brooklyn,95
Brooklyn,75
Brooklyn,250
Brooklyn,99
Brooklyn,99
Brooklyn,151
Brooklyn,99
Brooklyn,98
Brooklyn,70
Brooklyn,200
Brooklyn,380
Brooklyn,50
Brooklyn,149
Brooklyn,73
Brooklyn,50
Brooklyn,88
Brooklyn,118
Brooklyn,50
Brooklyn,130
Brooklyn,90
Brooklyn,80
Brooklyn,306
Brooklyn,46
Brooklyn,149
Brooklyn,210
Brooklyn,55
Brooklyn,460
Brooklyn,85
Brooklyn,70
Brooklyn,80
Brooklyn,200
Brooklyn,200
Brooklyn,42
Brooklyn,42
Brooklyn,50
Brooklyn,150
Brooklyn,120
Brooklyn,60
Brooklyn,75
Brooklyn,195
Brooklyn,40
Brooklyn,150
Brooklyn,50
Brooklyn,50
Brooklyn,85
Brooklyn,150
Brooklyn,50
Brooklyn,60
Brooklyn,345
Brooklyn,241
Brooklyn,125
Brooklyn,195
Brooklyn,69
Brooklyn,90
Brooklyn,96
Brooklyn,200
Brooklyn,37
Brooklyn,150
Brooklyn,75
Brooklyn,125
Brooklyn,65
Brooklyn,112
Brooklyn,175
Brooklyn,44
Brooklyn,50
Brooklyn,95
Brooklyn,75
Brooklyn,175
Brooklyn,100
Brooklyn,120
Brooklyn,70
Brooklyn,110
Brooklyn,40
Brooklyn,130
Brooklyn,110
Brooklyn,200
Brooklyn,90
Brooklyn,179
Brooklyn,220
Brooklyn,40
Brooklyn,50
Brooklyn,125
Brooklyn,65
Brooklyn,65
Brooklyn,65
Brooklyn,50
Brooklyn,350
Brooklyn,120
Brooklyn,175
Brooklyn,38
Brooklyn,64
Brooklyn,40
Brooklyn,40
Brooklyn,55
Brooklyn,40
Brooklyn,45
Brooklyn,50
Brooklyn,99
Brooklyn,250
Brooklyn,70
Brooklyn,74
Brooklyn,120
Brooklyn,88
Brooklyn,37
Brooklyn,70
Brooklyn,70
Brooklyn,60
Brooklyn,56
Brooklyn,249
Brooklyn,55
Brooklyn,149
Brooklyn,114
Brooklyn,100
Brooklyn,45
Brooklyn,45
Brooklyn,80
Brooklyn,42
Brooklyn,35
Brooklyn,50
Brooklyn,40
Brooklyn,90
Brooklyn,50
Brooklyn,89
Brooklyn,150
Brooklyn,40
Brooklyn,50
Brooklyn,32
Brooklyn,85
Brooklyn,34
Brooklyn,91
Brooklyn,100
Brooklyn,50
Brooklyn,139
Brooklyn,70
Brooklyn,41
Brooklyn,70
Brooklyn,48
Brooklyn,48
Brooklyn,48
Brooklyn,100
Brooklyn,80
Brooklyn,35
Brooklyn,300
Brooklyn,50
Brooklyn,60
Brooklyn,125
Brooklyn,125
Brooklyn,60
Brooklyn,125
Brooklyn,150
Brooklyn,54
Brooklyn,120
Brooklyn,95
Brooklyn,149
Brooklyn,119
Brooklyn,28
Brooklyn,80
Brooklyn,120
Brooklyn,100
Brooklyn,200
Brooklyn,55
Brooklyn,120
Brooklyn,100
Brooklyn,125
Brooklyn,225
Brooklyn,200
Brooklyn,155
Brooklyn,134
Brooklyn,50
Brooklyn,50
Brooklyn,1600
Brooklyn,190
Brooklyn,300
Brooklyn,150
Brooklyn,55
Brooklyn,79
Brooklyn,140
Brooklyn,49
Brooklyn,50
Brooklyn,45
Brooklyn,110
Brooklyn,375
Brooklyn,65
Brooklyn,50
Brooklyn,125
Brooklyn,225
Brooklyn,69
Brooklyn,119
Brooklyn,119
Brooklyn,350
Brooklyn,399
Brooklyn,105
Brooklyn,140
Brooklyn,65
Brooklyn,60
Brooklyn,195
Brooklyn,36
Brooklyn,80
Brooklyn,42
Brooklyn,42
Brooklyn,25
Brooklyn,42
Brooklyn,100
Brooklyn,42
Brooklyn,42
Brooklyn,42
Brooklyn,250
Brooklyn,90
Brooklyn,140
Brooklyn,88
Brooklyn,150
Brooklyn,75
Brooklyn,90
Brooklyn,75
Brooklyn,47
Brooklyn,47
Brooklyn,250
Brooklyn,90
Brooklyn,167
Brooklyn,65
Brooklyn,100
Brooklyn,60
Brooklyn,120
Brooklyn,51
Brooklyn,25
Brooklyn,55
Brooklyn,115
Brooklyn,44
Brooklyn,65
Brooklyn,55
Brooklyn,60
Brooklyn,65
Brooklyn,120
Brooklyn,50
Brooklyn,50
Brooklyn,35
Brooklyn,60
Brooklyn,90
Brooklyn,95
Brooklyn,25
Brooklyn,35
Brooklyn,50
Brooklyn,30
Brooklyn,40
Brooklyn,125
Brooklyn,45
Brooklyn,90
Brooklyn,60
Brooklyn,70
Brooklyn,27
Brooklyn,190
Brooklyn,125
Brooklyn,295
Brooklyn,125
Brooklyn,125
Brooklyn,300
Brooklyn,40
Brooklyn,90
Brooklyn,160
Brooklyn,42
Brooklyn,63
Brooklyn,42
Brooklyn,42
Brooklyn,195
Brooklyn,280
Brooklyn,35
Brooklyn,180
Brooklyn,42
Brooklyn,42
Brooklyn,42
Brooklyn,65
Brooklyn,42
Brooklyn,42
Brooklyn,42
Brooklyn,42
Brooklyn,230
Brooklyn,42
Brooklyn,42
Brooklyn,75
Brooklyn,75
Brooklyn,725
Brooklyn,55
Brooklyn,35
Brooklyn,55
Brooklyn,30
Brooklyn,30
Brooklyn,150
Brooklyn,125
Brooklyn,392
Brooklyn,150
Brooklyn,55
Brooklyn,72
Brooklyn,180
Brooklyn,150
Brooklyn,55
Brooklyn,70
Brooklyn,185
Brooklyn,125
Brooklyn,35
Brooklyn,150
Brooklyn,250
Brooklyn,50
Brooklyn,90
Brooklyn,75
Brooklyn,72
Brooklyn,45
Brooklyn,43
Brooklyn,125
Brooklyn,75
Brooklyn,43
Brooklyn,72
Brooklyn,19
Brooklyn,125
Brooklyn,90
Brooklyn,243
Brooklyn,65
Brooklyn,70
Brooklyn,65
Brooklyn,49
Brooklyn,95
Brooklyn,55
Brooklyn,95
Brooklyn,200
Brooklyn,100
Brooklyn,165
Brooklyn,120
Brooklyn,200
Brooklyn,120
Brooklyn,70
Brooklyn,45
Brooklyn,119
Brooklyn,55
Brooklyn,40
Brooklyn,180
Brooklyn,70
Brooklyn,40
Brooklyn,38
Brooklyn,45
Brooklyn,90
Brooklyn,150
Brooklyn,166
Brooklyn,185
Brooklyn,200
Brooklyn,55
Brooklyn,52
Brooklyn,400
Brooklyn,450
Brooklyn,199
Brooklyn,90
Brooklyn,550
Brooklyn,111
Brooklyn,295
Brooklyn,325
Brooklyn,79
Brooklyn,80
Brooklyn,211
Brooklyn,1350
Brooklyn,70
Brooklyn,150
Brooklyn,175
Brooklyn,99
Brooklyn,50
Brooklyn,37
Brooklyn,41
Brooklyn,125
Brooklyn,29
Brooklyn,250
Brooklyn,115
Brooklyn,392
Brooklyn,360
Brooklyn,50
Brooklyn,45
Brooklyn,50
Brooklyn,100
Brooklyn,59
Brooklyn,60
Brooklyn,48
Brooklyn,48
Brooklyn,65
Brooklyn,69
Brooklyn,70
Brooklyn,120
Brooklyn,90
Brooklyn,40
Brooklyn,45
Brooklyn,150
Brooklyn,150
Brooklyn,48
Brooklyn,125
Brooklyn,520
Brooklyn,70
Brooklyn,55
Brooklyn,280
Brooklyn,40
Brooklyn,79
Brooklyn,150
Brooklyn,400
Brooklyn,45
Brooklyn,40
Brooklyn,45
Brooklyn,35
Brooklyn,57
Brooklyn,65
Brooklyn,36
Brooklyn,120
Brooklyn,55
Brooklyn,56
Brooklyn,250
Brooklyn,43
Brooklyn,80
Brooklyn,90
Brooklyn,100
Brooklyn,50
Brooklyn,35
Brooklyn,349
Brooklyn,231
Brooklyn,200
Brooklyn,120
Brooklyn,40
Brooklyn,125
Brooklyn,37
Brooklyn,25
Brooklyn,55
Brooklyn,55
Brooklyn,55
Brooklyn,145
Brooklyn,190
Brooklyn,55
Brooklyn,312
Brooklyn,90
Brooklyn,50
Brooklyn,150
Brooklyn,50
Brooklyn,150
Brooklyn,200
Brooklyn,59
Brooklyn,100
Brooklyn,150
Brooklyn,55
Brooklyn,140
Brooklyn,199
Brooklyn,150
Brooklyn,80
Brooklyn,35
Brooklyn,85
Brooklyn,100
Brooklyn,100
Brooklyn,200
Brooklyn,60
Brooklyn,80
Brooklyn,70
Brooklyn,100
Brooklyn,100
Brooklyn,200
Brooklyn,75
Brooklyn,50
Brooklyn,125
Brooklyn,160
Brooklyn,75
Brooklyn,150
Brooklyn,200
Brooklyn,75
Brooklyn,49
Brooklyn,65
Brooklyn,180
Brooklyn,99
Brooklyn,140
Brooklyn,75
Brooklyn,99
Brooklyn,40
Brooklyn,80
Brooklyn,93
Brooklyn,100
Brooklyn,110
Brooklyn,120
Brooklyn,120
Brooklyn,130
Brooklyn,90
Brooklyn,500
Brooklyn,110
Brooklyn,120
Brooklyn,179
Brooklyn,45
Brooklyn,69
Brooklyn,54
Brooklyn,145
Brooklyn,110
Brooklyn,45
Brooklyn,70
Brooklyn,70
Brooklyn,70
Brooklyn,250
Brooklyn,55
Brooklyn,150
Brooklyn,55
Brooklyn,55
Brooklyn,35
Brooklyn,89
Brooklyn,42
Brooklyn,60
Brooklyn,48
Brooklyn,49
Brooklyn,77
Brooklyn,225
Brooklyn,49
Brooklyn,200
Brooklyn,190
Brooklyn,62
Brooklyn,160
Brooklyn,30
Brooklyn,35
Brooklyn,37
Brooklyn,100
Brooklyn,46
Brooklyn,140
Brooklyn,89
Brooklyn,48
Brooklyn,48
Brooklyn,599
Brooklyn,89
Brooklyn,189
Brooklyn,48
Brooklyn,48
Brooklyn,48
Brooklyn,120
Brooklyn,48
Brooklyn,72
Brooklyn,100
Brooklyn,100
Brooklyn,135
Brooklyn,50
Brooklyn,100
Brooklyn,150
Brooklyn,60
Brooklyn,70
Brooklyn,75
Brooklyn,72
Brooklyn,160
Brooklyn,40
Brooklyn,300
Brooklyn,175
Brooklyn,150
Brooklyn,185
Brooklyn,29
Brooklyn,65
Brooklyn,450
Brooklyn,45
Brooklyn,70
Brooklyn,444
Brooklyn,195
Brooklyn,220
Brooklyn,150
Brooklyn,199
Brooklyn,120
Brooklyn,120
Brooklyn,100
Brooklyn,130
Brooklyn,250
Brooklyn,120
Brooklyn,180
Brooklyn,250
Brooklyn,30
Brooklyn,114
Brooklyn,85
Brooklyn,50
Brooklyn,60
Brooklyn,300
Brooklyn,40
Brooklyn,45
Brooklyn,85
Brooklyn,110
Brooklyn,60
Brooklyn,90
Brooklyn,55
Brooklyn,160
Brooklyn,100
Brooklyn,150
Brooklyn,65
Brooklyn,50
Brooklyn,115
Brooklyn,48
Brooklyn,500
Brooklyn,48
Brooklyn,109
Brooklyn,139
Brooklyn,30
Brooklyn,145
Brooklyn,80
Brooklyn,70
Brooklyn,220
Brooklyn,70
Brooklyn,60
Brooklyn,31
Brooklyn,60
Brooklyn,38
Brooklyn,60
Brooklyn,125
Brooklyn,120
Brooklyn,45
Brooklyn,60
Brooklyn,98
Brooklyn,125
Brooklyn,275
Brooklyn,250
Brooklyn,80
Brooklyn,55
Brooklyn,45
Brooklyn,125
Brooklyn,600
Brooklyn,88
Brooklyn,119
Brooklyn,89
Brooklyn,175
Brooklyn,100
Brooklyn,60
Brooklyn,300
Brooklyn,30
Brooklyn,45
Brooklyn,200
Brooklyn,40
Brooklyn,80
Brooklyn,115
Brooklyn,100
Brooklyn,120
Brooklyn,100
Brooklyn,113
Brooklyn,40
Brooklyn,450
Brooklyn,55
Brooklyn,32
Brooklyn,50
Brooklyn,32
Brooklyn,175
Brooklyn,40
Brooklyn,40
Brooklyn,55
Brooklyn,65
Brooklyn,100
Brooklyn,105
Brooklyn,75
Brooklyn,32
Brooklyn,35
Brooklyn,70
Brooklyn,200
Brooklyn,40
Brooklyn,60
Brooklyn,160
Brooklyn,32
Brooklyn,32
Brooklyn,40
Brooklyn,40
Brooklyn,55
Brooklyn,70
Brooklyn,125
Brooklyn,99
Brooklyn,450
Brooklyn,33
Brooklyn,120
Brooklyn,60
Brooklyn,130
Brooklyn,100
Brooklyn,199
Brooklyn,35
Brooklyn,22
Brooklyn,104
Brooklyn,300
Brooklyn,45
Brooklyn,220
Brooklyn,80
Brooklyn,40
Brooklyn,118
Brooklyn,37
Brooklyn,105
Brooklyn,100
Brooklyn,175
Brooklyn,75
Brooklyn,200
Brooklyn,155
Brooklyn,140
Brooklyn,90
Brooklyn,205
Brooklyn,250
Brooklyn,175
Brooklyn,55
Brooklyn,100
Brooklyn,89
Brooklyn,189
Brooklyn,55
Brooklyn,60
Brooklyn,63
Brooklyn,75
Brooklyn,120
Brooklyn,250
Brooklyn,60
Brooklyn,69
Brooklyn,35
Brooklyn,70
Brooklyn,100
Brooklyn,200
Brooklyn,120
Brooklyn,120
Brooklyn,120
Brooklyn,100
Brooklyn,75
Brooklyn,70
Brooklyn,45
Brooklyn,130
Brooklyn,80
Brooklyn,83
Brooklyn,80
Brooklyn,60
Brooklyn,40
Brooklyn,42
Brooklyn,60
Brooklyn,48
Brooklyn,350
Brooklyn,90
Brooklyn,85
Brooklyn,249
Brooklyn,27
Brooklyn,100
Brooklyn,35
Brooklyn,120
Brooklyn,59
Brooklyn,120
Brooklyn,65
Brooklyn,100
Brooklyn,60
Brooklyn,112
Brooklyn,59
Brooklyn,175
Brooklyn,35
Brooklyn,150
Brooklyn,61
Brooklyn,70
Brooklyn,55
Brooklyn,1750
Brooklyn,48
Brooklyn,55
Brooklyn,35
Brooklyn,50
Brooklyn,60
Brooklyn,185
Brooklyn,150
Brooklyn,144
Brooklyn,125
Brooklyn,195
Brooklyn,65
Brooklyn,45
Brooklyn,250
Brooklyn,65
Brooklyn,150
Brooklyn,99
Brooklyn,250
Brooklyn,80
Brooklyn,300
Brooklyn,39
Brooklyn,25
Brooklyn,125
Brooklyn,81
Brooklyn,52
Brooklyn,100
Brooklyn,30
Brooklyn,125
Brooklyn,30
Brooklyn,59
Brooklyn,48
Brooklyn,48
Brooklyn,90
Brooklyn,125
Brooklyn,60
Brooklyn,97
Brooklyn,48
Brooklyn,48
Brooklyn,156
Brooklyn,99
Brooklyn,38
Brooklyn,200
Brooklyn,180
Brooklyn,195
Brooklyn,90
Brooklyn,36
Brooklyn,20
Brooklyn,150
Brooklyn,205
Brooklyn,85
Brooklyn,65
Brooklyn,60
Brooklyn,120
Brooklyn,20
Brooklyn,75
Brooklyn,60
Brooklyn,200
Brooklyn,45
Brooklyn,75
Brooklyn,40
Brooklyn,79
Brooklyn,130
Brooklyn,40
Brooklyn,45
Brooklyn,99
Brooklyn,90
Brooklyn,35
Brooklyn,150
Brooklyn,70
Brooklyn,50
Brooklyn,45
Brooklyn,60
Brooklyn,187
Brooklyn,75
Brooklyn,33
Brooklyn,75
Brooklyn,39
Brooklyn,100
Brooklyn,119
Brooklyn,100
Brooklyn,45
Brooklyn,39
Brooklyn,60
Brooklyn,251
Brooklyn,130
Brooklyn,209
Brooklyn,55
Brooklyn,125
Brooklyn,50
Brooklyn,55
Brooklyn,80
Brooklyn,125
Brooklyn,155
Brooklyn,110
Brooklyn,30
Brooklyn,105
Brooklyn,70
Brooklyn,34
Brooklyn,53
Brooklyn,38
Brooklyn,180
Brooklyn,125
Brooklyn,75
Brooklyn,175
Brooklyn,140
Brooklyn,190
Brooklyn,45
Brooklyn,70
Brooklyn,500
Brooklyn,80
Brooklyn,140
Brooklyn,200
Brooklyn,145
Brooklyn,70
Brooklyn,70
Brooklyn,135
Brooklyn,200
Brooklyn,80
Brooklyn,1080
Brooklyn,45
Brooklyn,150
Brooklyn,59
Brooklyn,65
Brooklyn,70
Brooklyn,59
Brooklyn,60
Brooklyn,85
Brooklyn,100
Brooklyn,170
Brooklyn,110
Brooklyn,45
Brooklyn,40
Brooklyn,65
Brooklyn,85
Brooklyn,70
Brooklyn,172
Brooklyn,60
Brooklyn,68
Brooklyn,250
Brooklyn,82
Brooklyn,100
Brooklyn,100
Brooklyn,80
Brooklyn,120
Brooklyn,175
Brooklyn,55
Brooklyn,65
Brooklyn,100
Brooklyn,90
Brooklyn,60
Brooklyn,300
Brooklyn,179
Brooklyn,49
Brooklyn,250
Brooklyn,60
Brooklyn,125
Brooklyn,125
Brooklyn,45
Brooklyn,85
Brooklyn,120
Brooklyn,40
Brooklyn,40
Brooklyn,156
Brooklyn,120
Brooklyn,80
Brooklyn,99
Brooklyn,70
Brooklyn,100
Brooklyn,125
Brooklyn,200
Brooklyn,45
Brooklyn,85
Brooklyn,49
Brooklyn,40
Brooklyn,75
Brooklyn,133
Brooklyn,100
Brooklyn,92
Brooklyn,50
Brooklyn,200
Brooklyn,35
Brooklyn,165
Brooklyn,400
Brooklyn,120
Brooklyn,80
Brooklyn,59
Brooklyn,65
Brooklyn,39
Brooklyn,165
Brooklyn,100
Brooklyn,40
Brooklyn,40
Brooklyn,35
Brooklyn,130
Brooklyn,130
Brooklyn,45
Brooklyn,89
Brooklyn,39
Brooklyn,47
Brooklyn,49
Brooklyn,49
Brooklyn,61
Brooklyn,50
Brooklyn,175
Brooklyn,50
Brooklyn,95
Brooklyn,80
Brooklyn,40
Brooklyn,80
Brooklyn,63
Brooklyn,150
Brooklyn,149
Brooklyn,79
Brooklyn,60
Brooklyn,125
Brooklyn,48
Brooklyn,45
Brooklyn,68
Brooklyn,80
Brooklyn,106
Brooklyn,130
Brooklyn,100
Brooklyn,55
Brooklyn,65
Brooklyn,90
Brooklyn,120
Brooklyn,50
Brooklyn,70
Brooklyn,155
Brooklyn,58
Brooklyn,129
Brooklyn,80
Brooklyn,125
Brooklyn,69
Brooklyn,115
Brooklyn,59
Brooklyn,120
Brooklyn,80
Brooklyn,120
Brooklyn,100
Brooklyn,140
Brooklyn,145
Brooklyn,149
Brooklyn,95
Brooklyn,150
Brooklyn,80
Brooklyn,95
Brooklyn,250
Brooklyn,130
Brooklyn,120
Brooklyn,115
Brooklyn,80
Brooklyn,45
Brooklyn,29
Brooklyn,95
Brooklyn,135
Brooklyn,130
Brooklyn,60
Brooklyn,50
Brooklyn,120
Brooklyn,136
Brooklyn,85
Brooklyn,68
Brooklyn,49
Brooklyn,20
Brooklyn,140
Brooklyn,250
Brooklyn,145
Brooklyn,200
Brooklyn,175
Brooklyn,45
Brooklyn,150
Brooklyn,220
Brooklyn,35
Brooklyn,45
Brooklyn,200
Brooklyn,165
Brooklyn,57
Brooklyn,75
Brooklyn,50
Brooklyn,90
Brooklyn,56
Brooklyn,65
Brooklyn,20
Brooklyn,200
Brooklyn,85
Brooklyn,285
Brooklyn,100
Brooklyn,60
Brooklyn,70
Brooklyn,100
Brooklyn,110
Brooklyn,48
Brooklyn,120
Brooklyn,45
Brooklyn,85
Brooklyn,59
Brooklyn,65
Brooklyn,375
Brooklyn,45
Brooklyn,48
Brooklyn,48
Brooklyn,53
Brooklyn,48
Brooklyn,45
Brooklyn,80
Brooklyn,185
Brooklyn,65
Brooklyn,65
Brooklyn,75
Brooklyn,55
Brooklyn,160
Brooklyn,123
Brooklyn,280
Brooklyn,70
Brooklyn,37
Brooklyn,79
Brooklyn,250
Brooklyn,59
Brooklyn,34
Brooklyn,70
Brooklyn,90
Brooklyn,89
Brooklyn,35
Brooklyn,130
Brooklyn,50
Brooklyn,400
Brooklyn,225
Brooklyn,275
Brooklyn,65
Brooklyn,126
Brooklyn,63
Brooklyn,165
Brooklyn,65
Brooklyn,130
Brooklyn,80
Brooklyn,250
Brooklyn,107
Brooklyn,46
Brooklyn,175
Brooklyn,31
Brooklyn,50
Brooklyn,30
Brooklyn,75
Brooklyn,48
Brooklyn,100
Brooklyn,80
Brooklyn,100
Brooklyn,115
Brooklyn,200
Brooklyn,110
Brooklyn,57
Brooklyn,175
Brooklyn,44
Brooklyn,44
Brooklyn,99
Brooklyn,50
Brooklyn,86
Brooklyn,65
Brooklyn,65
Brooklyn,40
Brooklyn,65
Brooklyn,120
Brooklyn,110
Brooklyn,100
Brooklyn,159
Brooklyn,49
Brooklyn,49
Brooklyn,38
Brooklyn,70
Brooklyn,95
Brooklyn,50
Brooklyn,90
Brooklyn,190
Brooklyn,110
Brooklyn,68
Brooklyn,95
Brooklyn,200
Brooklyn,95
Brooklyn,85
Brooklyn,75
Brooklyn,450
Brooklyn,30
Brooklyn,120
Brooklyn,100
Brooklyn,99
Brooklyn,20
Brooklyn,135
Brooklyn,160
Brooklyn,149
Brooklyn,75
Brooklyn,199
Brooklyn,75
Brooklyn,120
Brooklyn,250
Brooklyn,60
Brooklyn,75
Brooklyn,128
Brooklyn,70
Brooklyn,36
Brooklyn,35
Brooklyn,40
Brooklyn,62
Brooklyn,37
Brooklyn,80
Brooklyn,60
Brooklyn,75
Brooklyn,110
Brooklyn,225
Brooklyn,100
Brooklyn,61
Brooklyn,200
Brooklyn,120
Brooklyn,50
Brooklyn,60
Brooklyn,55
Brooklyn,45
Brooklyn,200
Brooklyn,121
Brooklyn,45
Brooklyn,50
Brooklyn,75
Brooklyn,150
Brooklyn,165
Brooklyn,295
Brooklyn,55
Brooklyn,35
Brooklyn,80
Brooklyn,90
Brooklyn,40
Brooklyn,50
Brooklyn,575
Brooklyn,100
Brooklyn,160
Brooklyn,80
Brooklyn,40
Brooklyn,40
Brooklyn,90
Brooklyn,110
Brooklyn,50
Brooklyn,67
Brooklyn,150
Brooklyn,60
Brooklyn,42
Brooklyn,190
Brooklyn,150
Brooklyn,1494
Brooklyn,85
Brooklyn,31
Brooklyn,80
Brooklyn,179
Brooklyn,80
Brooklyn,100
Brooklyn,119
Brooklyn,175
Brooklyn,160
Brooklyn,110
Brooklyn,70
Brooklyn,250
Brooklyn,250
Brooklyn,70
Brooklyn,60
Brooklyn,65
Brooklyn,55
Brooklyn,110
Brooklyn,365
Brooklyn,71
Brooklyn,46
Brooklyn,100
Brooklyn,100
Brooklyn,98
Brooklyn,167
Brooklyn,125
Brooklyn,400
Brooklyn,245
Brooklyn,80
Brooklyn,75
Brooklyn,55
Brooklyn,418
Brooklyn,110
Brooklyn,140
Brooklyn,450
Brooklyn,58
Brooklyn,100
Brooklyn,240
Brooklyn,132
Brooklyn,130
Brooklyn,150
Brooklyn,75
Brooklyn,175
Brooklyn,130
Brooklyn,50
Brooklyn,165
Brooklyn,200
Brooklyn,110
Brooklyn,65
Brooklyn,100
Brooklyn,100
Brooklyn,215
Brooklyn,37
Brooklyn,75
Brooklyn,64
Brooklyn,50
Brooklyn,170
Brooklyn,64
Brooklyn,200
Brooklyn,195
Brooklyn,33
Brooklyn,220
Brooklyn,210
Brooklyn,50
Brooklyn,650
Brooklyn,65
Brooklyn,70
Brooklyn,195
Brooklyn,80
Brooklyn,40
Brooklyn,80
Brooklyn,95
Brooklyn,65
Brooklyn,120
Brooklyn,150
Brooklyn,57
Brooklyn,108
Brooklyn,70
Brooklyn,89
Brooklyn,99
Brooklyn,115
Brooklyn,90
Brooklyn,119
Brooklyn,97
Brooklyn,100
Brooklyn,160
Brooklyn,25
Brooklyn,85
Brooklyn,38
Brooklyn,150
Brooklyn,60
Brooklyn,55
Brooklyn,100
Brooklyn,125
Brooklyn,60
Brooklyn,60
Brooklyn,158
Brooklyn,60
Brooklyn,60
Brooklyn,100
Brooklyn,125
Brooklyn,80
Brooklyn,40
Brooklyn,90
Brooklyn,145
Brooklyn,61
Brooklyn,50
Brooklyn,95
Brooklyn,40
Brooklyn,40
Brooklyn,43
Brooklyn,40
Brooklyn,150
Brooklyn,155
Brooklyn,188
Brooklyn,133
Brooklyn,100
Brooklyn,57
Brooklyn,55
Brooklyn,51
Brooklyn,125
Brooklyn,35
Brooklyn,35
Brooklyn,26
Brooklyn,26
Brooklyn,215
Brooklyn,66
Brooklyn,60
Brooklyn,750
Brooklyn,67
Brooklyn,75
Brooklyn,190
Brooklyn,85
Brooklyn,50
Brooklyn,179
Brooklyn,166
Brooklyn,133
Brooklyn,179
Brooklyn,57
Brooklyn,175
Brooklyn,180
Brooklyn,200
Brooklyn,60
Brooklyn,125
Brooklyn,70
Brooklyn,25
Brooklyn,100
Brooklyn,65
Brooklyn,104
Brooklyn,50
Brooklyn,120
Brooklyn,70
Brooklyn,90
Brooklyn,135
Brooklyn,51
Brooklyn,48
Brooklyn,150
Brooklyn,150
Brooklyn,179
Brooklyn,110
Brooklyn,96
Brooklyn,74
Brooklyn,120
Brooklyn,35
Brooklyn,400
Brooklyn,66
Brooklyn,100
Brooklyn,30
Brooklyn,69
Brooklyn,143
Brooklyn,65
Brooklyn,150
Brooklyn,107
Brooklyn,175
Brooklyn,82
Brooklyn,105
Brooklyn,35
Brooklyn,80
Brooklyn,55
Brooklyn,85
Brooklyn,199
Brooklyn,40
Brooklyn,90
Brooklyn,36
Brooklyn,75
Brooklyn,150
Brooklyn,55
Brooklyn,48
Brooklyn,70
Brooklyn,85
Brooklyn,160
Brooklyn,220
Brooklyn,58
Brooklyn,126
Brooklyn,39
Brooklyn,50
Brooklyn,60
Brooklyn,55
Brooklyn,200
Brooklyn,150
Brooklyn,69
Brooklyn,110
Brooklyn,180
Brooklyn,95
Brooklyn,165
Brooklyn,35
Brooklyn,350
Brooklyn,100
Brooklyn,99
Brooklyn,35
Brooklyn,395
Brooklyn,105
Brooklyn,120
Brooklyn,51
Brooklyn,45
Brooklyn,115
Brooklyn,100
Brooklyn,200
Brooklyn,89
Brooklyn,35
Brooklyn,83
Brooklyn,90
Brooklyn,150
Brooklyn,65
Brooklyn,90
Brooklyn,106
Brooklyn,55
Brooklyn,28
Brooklyn,35
Brooklyn,29
Brooklyn,35
Brooklyn,100
Brooklyn,42
Brooklyn,43
Brooklyn,35
Brooklyn,40
Brooklyn,38
Brooklyn,40
Brooklyn,160
Brooklyn,93
Brooklyn,125
Brooklyn,100
Brooklyn,235
Brooklyn,45
Brooklyn,65
Brooklyn,45
Brooklyn,109
Brooklyn,60
Brooklyn,70
Brooklyn,95
Brooklyn,350
Brooklyn,506
Brooklyn,650
Brooklyn,40
Brooklyn,102
Brooklyn,190
Brooklyn,150
Brooklyn,168
Brooklyn,125
Brooklyn,40
Brooklyn,85
Brooklyn,95
Brooklyn,146
Brooklyn,45
Brooklyn,300
Brooklyn,45
Brooklyn,80
Brooklyn,110
Brooklyn,189
Brooklyn,132
Brooklyn,175
Brooklyn,130
Brooklyn,375
Brooklyn,60
Brooklyn,250
Brooklyn,175
Brooklyn,50
Brooklyn,72
Brooklyn,160
Brooklyn,55
Brooklyn,75
Brooklyn,30
Brooklyn,225
Brooklyn,55
Brooklyn,40
Brooklyn,85
Brooklyn,1315
Brooklyn,50
Brooklyn,38
Brooklyn,150
Brooklyn,50
Brooklyn,100
Brooklyn,110
Brooklyn,250
Brooklyn,30
Brooklyn,120
Brooklyn,44
Brooklyn,53
Brooklyn,51
Brooklyn,65
Brooklyn,99
Brooklyn,28
Brooklyn,55
Brooklyn,84
Brooklyn,175
Brooklyn,150
Brooklyn,140
Brooklyn,108
Brooklyn,60
Brooklyn,52
Brooklyn,48
Brooklyn,50
Brooklyn,145
Brooklyn,129
Brooklyn,200
Brooklyn,76
Brooklyn,125
Brooklyn,59
Brooklyn,40
Brooklyn,80
Brooklyn,135
Brooklyn,70
Brooklyn,110
Brooklyn,180
Brooklyn,42
Brooklyn,65
Brooklyn,105
Brooklyn,60
Brooklyn,95
Brooklyn,139
Brooklyn,56
Brooklyn,68
Brooklyn,58
Brooklyn,40
Brooklyn,40
Brooklyn,90
Brooklyn,90
Brooklyn,223
Brooklyn,150
Brooklyn,70
Brooklyn,53
Brooklyn,25
Brooklyn,104
Brooklyn,90
Brooklyn,50
Brooklyn,300
Brooklyn,130
Brooklyn,38
Brooklyn,42
Brooklyn,160
Brooklyn,80
Brooklyn,48
Brooklyn,125
Brooklyn,400
Brooklyn,50
Brooklyn,45
Brooklyn,55
Brooklyn,239
Brooklyn,50
Brooklyn,149
Brooklyn,33
Brooklyn,35
Brooklyn,60
Brooklyn,50
Brooklyn,300
Brooklyn,400
Brooklyn,80
Brooklyn,50
Brooklyn,60
Brooklyn,47
Brooklyn,95
Brooklyn,159
Brooklyn,135
Brooklyn,190
Brooklyn,60
Brooklyn,200
Brooklyn,60
Brooklyn,49
Brooklyn,55
Brooklyn,60
Brooklyn,33
Brooklyn,95
Brooklyn,150
Brooklyn,28
Brooklyn,65
Brooklyn,115
Brooklyn,150
Brooklyn,35
Brooklyn,59
Brooklyn,25
Brooklyn,60
Brooklyn,120
Brooklyn,99
Brooklyn,70
Brooklyn,120
Brooklyn,100
Brooklyn,175
Brooklyn,35
Brooklyn,45
Brooklyn,64
Brooklyn,80
Brooklyn,90
Brooklyn,170
Brooklyn,65
Brooklyn,55
Brooklyn,95
Brooklyn,35
Brooklyn,25
Brooklyn,117
Brooklyn,117
Brooklyn,180
Brooklyn,93
Brooklyn,60
Brooklyn,81
Brooklyn,70
Brooklyn,21
Brooklyn,40
Brooklyn,168
Brooklyn,89
Brooklyn,200
Brooklyn,200
Brooklyn,80
Brooklyn,90
Brooklyn,143
Brooklyn,75
Brooklyn,82
Brooklyn,46
Brooklyn,150
Brooklyn,319
Brooklyn,100
Brooklyn,260
Brooklyn,64
Brooklyn,65
Brooklyn,65
Brooklyn,400
Brooklyn,135
Brooklyn,100
Brooklyn,40
Brooklyn,85
Brooklyn,150
Brooklyn,80
Brooklyn,45
Brooklyn,35
Brooklyn,50
Brooklyn,42
Brooklyn,300
Brooklyn,42
Brooklyn,45
Brooklyn,250
Brooklyn,60
Brooklyn,160
Brooklyn,35
Brooklyn,49
Brooklyn,110
Brooklyn,94
Brooklyn,35
Brooklyn,40
Brooklyn,40
Brooklyn,35
Brooklyn,75
Brooklyn,50
Brooklyn,45
Brooklyn,78
Brooklyn,285
Brooklyn,75
Brooklyn,110
Brooklyn,100
Brooklyn,110
Brooklyn,122
Brooklyn,201
Brooklyn,95
Brooklyn,69
Brooklyn,150
Brooklyn,46
Brooklyn,95
Brooklyn,80
Brooklyn,85
Brooklyn,90
Brooklyn,175
Brooklyn,170
Brooklyn,600
Brooklyn,100
Brooklyn,150
Brooklyn,79
Brooklyn,110
Brooklyn,80
Brooklyn,45
Brooklyn,75
Brooklyn,75
Brooklyn,126
Brooklyn,150
Brooklyn,85
Brooklyn,199
Brooklyn,90
Brooklyn,65
Brooklyn,45
Brooklyn,60
Brooklyn,65
Brooklyn,135
Brooklyn,75
Brooklyn,89
Brooklyn,250
Brooklyn,150
Brooklyn,85
Brooklyn,65
Brooklyn,120
Brooklyn,69
Brooklyn,58
Brooklyn,41
Brooklyn,44
Brooklyn,35
Brooklyn,75
Brooklyn,74
Brooklyn,70
Brooklyn,195
Brooklyn,300
Brooklyn,65
Brooklyn,41
Brooklyn,69
Brooklyn,40
Brooklyn,55
Brooklyn,120
Brooklyn,135
Brooklyn,75
Brooklyn,700
Brooklyn,100
Brooklyn,45
Brooklyn,75
Brooklyn,45
Brooklyn,135
Brooklyn,70
Brooklyn,125
Brooklyn,90
Brooklyn,140
Brooklyn,80
Brooklyn,200
Brooklyn,250
Brooklyn,125
Brooklyn,249
Brooklyn,100
Brooklyn,214
Brooklyn,165
Brooklyn,51
Brooklyn,75
Brooklyn,150
Brooklyn,90
Brooklyn,52
Brooklyn,225
Brooklyn,150
Brooklyn,35
Brooklyn,40
Brooklyn,336
Brooklyn,400
Brooklyn,79
Brooklyn,72
Brooklyn,220
Brooklyn,525
Brooklyn,140
Brooklyn,80
Brooklyn,95
Brooklyn,65
Brooklyn,35
Brooklyn,35
Brooklyn,64
Brooklyn,163
Brooklyn,75
Brooklyn,295
Brooklyn,100
Brooklyn,199
Brooklyn,50
Brooklyn,100
Brooklyn,70
Brooklyn,80
Brooklyn,210
Brooklyn,110
Brooklyn,39
Brooklyn,150
Brooklyn,70
Brooklyn,150
Brooklyn,49
Brooklyn,49
Brooklyn,65
Brooklyn,50
Brooklyn,110
Brooklyn,45
Brooklyn,49
Brooklyn,55
Brooklyn,52
Brooklyn,150
Brooklyn,70
Brooklyn,65
Brooklyn,120
Brooklyn,175
Brooklyn,70
Brooklyn,80
Brooklyn,58
Brooklyn,50
Brooklyn,89
Brooklyn,499
Brooklyn,70
Brooklyn,69
Brooklyn,150
Brooklyn,295
Brooklyn,32
Brooklyn,74
Brooklyn,49
Brooklyn,25
Brooklyn,100
Brooklyn,60
Brooklyn,85
Brooklyn,69
Brooklyn,65
Brooklyn,85
Brooklyn,55
Brooklyn,50
Brooklyn,65
Brooklyn,54
Brooklyn,78
Brooklyn,167
Brooklyn,88
Brooklyn,40
Brooklyn,70
Brooklyn,109
Brooklyn,50
Brooklyn,56
Brooklyn,125
Brooklyn,99
Brooklyn,120
Brooklyn,45
Brooklyn,327
Brooklyn,38
Brooklyn,750
Brooklyn,115
Brooklyn,70
Brooklyn,40
Brooklyn,85
Brooklyn,120
Brooklyn,80
Brooklyn,100
Brooklyn,245
Brooklyn,135
Brooklyn,120
Brooklyn,72
Brooklyn,79
Brooklyn,120
Brooklyn,50
Brooklyn,155
Brooklyn,130
Brooklyn,70
Brooklyn,90
Brooklyn,75
Brooklyn,147
Brooklyn,110
Brooklyn,90
Brooklyn,58
Brooklyn,120
Brooklyn,100
Brooklyn,145
Brooklyn,80
Brooklyn,210
Brooklyn,171
Brooklyn,125
Brooklyn,72
Brooklyn,55
Brooklyn,225
Brooklyn,60
Brooklyn,250
Brooklyn,240
Brooklyn,80
Brooklyn,190
Brooklyn,199
Brooklyn,250
Brooklyn,60
Brooklyn,59
Brooklyn,120
Brooklyn,39
Brooklyn,60
Brooklyn,250
Brooklyn,68
Brooklyn,189
Brooklyn,110
Brooklyn,30
Brooklyn,113
Brooklyn,55
Brooklyn,45
Brooklyn,195
Brooklyn,78
Brooklyn,47
Brooklyn,50
Brooklyn,57
Brooklyn,160
Brooklyn,150
Brooklyn,50
Brooklyn,49
Brooklyn,75
Brooklyn,350
Brooklyn,76
Brooklyn,35
Brooklyn,65
Brooklyn,65
Brooklyn,65
Brooklyn,40
Brooklyn,40
Brooklyn,180
Brooklyn,100
Brooklyn,245
Brooklyn,70
Brooklyn,65
Brooklyn,90
Brooklyn,200
Brooklyn,50
Brooklyn,24
Brooklyn,35
Brooklyn,85
Brooklyn,95
Brooklyn,425
Brooklyn,150
Brooklyn,45
Brooklyn,150
Brooklyn,175
Brooklyn,109
Brooklyn,140
Brooklyn,26
Brooklyn,175
Brooklyn,150
Brooklyn,183
Brooklyn,60
Brooklyn,57
Brooklyn,57
Brooklyn,40
Brooklyn,55
Brooklyn,150
Brooklyn,50
Brooklyn,125
Brooklyn,130
Brooklyn,82
Brooklyn,150
Brooklyn,400
Brooklyn,75
Brooklyn,47
Brooklyn,499
Brooklyn,24
Brooklyn,79
Brooklyn,75
Brooklyn,65
Brooklyn,65
Brooklyn,200
Brooklyn,104
Brooklyn,65
Brooklyn,225
Brooklyn,65
Brooklyn,90
Brooklyn,200
Brooklyn,150
Brooklyn,55
Brooklyn,68
Brooklyn,70
Brooklyn,79
Brooklyn,175
Brooklyn,395
Brooklyn,75
Brooklyn,50
Brooklyn,105
Brooklyn,41
Brooklyn,130
Brooklyn,60
Brooklyn,230
Brooklyn,90
Brooklyn,160
Brooklyn,169
Brooklyn,75
Brooklyn,240
Brooklyn,75
Brooklyn,120
Brooklyn,100
Brooklyn,134
Brooklyn,215
Brooklyn,350
Brooklyn,48
Brooklyn,65
Brooklyn,125
Brooklyn,159
Brooklyn,75
Brooklyn,90
Brooklyn,64
Brooklyn,150
Brooklyn,100
Brooklyn,50
Brooklyn,550
Brooklyn,60
Brooklyn,120
Brooklyn,65
Brooklyn,70
Brooklyn,65
Brooklyn,75
Brooklyn,65
Brooklyn,39
Brooklyn,80
Brooklyn,71
Brooklyn,140
Brooklyn,65
Brooklyn,250
Brooklyn,250
Brooklyn,69
Brooklyn,59
Brooklyn,125
Brooklyn,100
Brooklyn,100
Brooklyn,89
Brooklyn,66
Brooklyn,4200
Brooklyn,129
Brooklyn,100
Brooklyn,75
Brooklyn,60
Brooklyn,99
Brooklyn,249
Brooklyn,36
Brooklyn,100
Brooklyn,31
Brooklyn,35
Brooklyn,265
Brooklyn,180
Brooklyn,180
Brooklyn,36
Brooklyn,65
Brooklyn,155
Brooklyn,175
Brooklyn,40
Brooklyn,50
Brooklyn,60
Brooklyn,70
Brooklyn,54
Brooklyn,55
Brooklyn,64
Brooklyn,65
Brooklyn,90
Brooklyn,101
Brooklyn,46
Brooklyn,36
Brooklyn,120
Brooklyn,160
Brooklyn,55
Brooklyn,88
Brooklyn,70
Brooklyn,76
Brooklyn,90
Brooklyn,300
Brooklyn,150
Brooklyn,185
Brooklyn,125
Brooklyn,99
Brooklyn,105
Brooklyn,57
Brooklyn,34
Brooklyn,65
Brooklyn,100
Brooklyn,150
Brooklyn,66
Brooklyn,63
Brooklyn,65
Brooklyn,150
Brooklyn,28
Brooklyn,170
Brooklyn,79
Brooklyn,28
Brooklyn,145
Brooklyn,81
Brooklyn,81
Brooklyn,81
Brooklyn,81
Brooklyn,100
Brooklyn,81
Brooklyn,165
Brooklyn,75
Brooklyn,95
Brooklyn,40
Brooklyn,60
Brooklyn,120
Brooklyn,130
Brooklyn,35
Brooklyn,189
Brooklyn,135
Brooklyn,400
Brooklyn,225
Brooklyn,35
Brooklyn,35
Brooklyn,36
Brooklyn,190
Brooklyn,70
Brooklyn,186
Brooklyn,150
Brooklyn,75
Brooklyn,68
Brooklyn,60
Brooklyn,45
Brooklyn,120
Brooklyn,195
Brooklyn,62
Brooklyn,75
Brooklyn,25
Brooklyn,40
Brooklyn,45
Brooklyn,220
Brooklyn,42
Brooklyn,75
Brooklyn,140
Brooklyn,65
Brooklyn,65
Brooklyn,249
Brooklyn,84
Brooklyn,85
Brooklyn,79
Brooklyn,54
Brooklyn,53
Brooklyn,90
Brooklyn,130
Brooklyn,250
Brooklyn,80
Brooklyn,40
Brooklyn,40
Brooklyn,75
Brooklyn,40
Brooklyn,80
Brooklyn,110
Brooklyn,54
Brooklyn,54
Brooklyn,49
Brooklyn,150
Brooklyn,100
Brooklyn,180
Brooklyn,66
Brooklyn,120
Brooklyn,72
Brooklyn,72
Brooklyn,73
Brooklyn,165
Brooklyn,149
Brooklyn,68
Brooklyn,75
Brooklyn,90
Brooklyn,150
Brooklyn,89
Brooklyn,199
Brooklyn,150
Brooklyn,250
Brooklyn,125
Brooklyn,50
Brooklyn,75
Brooklyn,80
Brooklyn,85
Brooklyn,118
Brooklyn,91
Brooklyn,90
Brooklyn,205
Brooklyn,69
Brooklyn,120
Brooklyn,99
Brooklyn,100
Brooklyn,68
Brooklyn,66
Brooklyn,160
Brooklyn,68
Brooklyn,70
Brooklyn,40
Brooklyn,50
Brooklyn,57
Brooklyn,200
Brooklyn,111
Brooklyn,200
Brooklyn,65
Brooklyn,60
Brooklyn,75
Brooklyn,100
Brooklyn,100
Brooklyn,95
Brooklyn,200
Brooklyn,140
Brooklyn,140
Brooklyn,75
Brooklyn,180
Brooklyn,70
Brooklyn,350
Brooklyn,170
Brooklyn,92
Brooklyn,70
Brooklyn,75
Brooklyn,79
Brooklyn,75
Brooklyn,75
Brooklyn,195
Brooklyn,100
Brooklyn,24
Brooklyn,60
Brooklyn,60
Brooklyn,130
Brooklyn,90
Brooklyn,40
Brooklyn,32
Brooklyn,250
Brooklyn,35
Brooklyn,35
Brooklyn,295
Brooklyn,105
Brooklyn,250
Brooklyn,28
Brooklyn,54
Brooklyn,275
Brooklyn,150
Brooklyn,101
Brooklyn,120
Brooklyn,150
Brooklyn,45
Brooklyn,78
Brooklyn,89
Brooklyn,150
Brooklyn,305
Brooklyn,65
Brooklyn,99
Brooklyn,195
Brooklyn,36
Brooklyn,60
Brooklyn,80
Brooklyn,65
Brooklyn,650
Brooklyn,63
Brooklyn,58
Brooklyn,58
Brooklyn,58
Brooklyn,58
Brooklyn,58
Brooklyn,100
Brooklyn,63
Brooklyn,125
Brooklyn,40
Brooklyn,99
Brooklyn,125
Brooklyn,50
Brooklyn,100
Brooklyn,200
Brooklyn,52
Brooklyn,65
Brooklyn,101
Brooklyn,70
Brooklyn,48
Brooklyn,50
Brooklyn,75
Brooklyn,65
Brooklyn,200
Brooklyn,85
Brooklyn,93
Brooklyn,45
Brooklyn,120
Brooklyn,150
Brooklyn,95
Brooklyn,33
Brooklyn,65
Brooklyn,220
Brooklyn,125
Brooklyn,68
Brooklyn,86
Brooklyn,155
Brooklyn,270
Brooklyn,275
Brooklyn,595
Brooklyn,68
Brooklyn,65
Brooklyn,90
Brooklyn,60
Brooklyn,50
Brooklyn,335
Brooklyn,89
Brooklyn,18
Brooklyn,22
Brooklyn,70
Brooklyn,95
Brooklyn,75
Brooklyn,40
Brooklyn,100
Brooklyn,40
Brooklyn,150
Brooklyn,50
Brooklyn,109
Brooklyn,95
Brooklyn,100
Brooklyn,200
Brooklyn,100
Brooklyn,80
Brooklyn,300
Brooklyn,120
Brooklyn,38
Brooklyn,75
Brooklyn,140
Brooklyn,150
Brooklyn,140
Brooklyn,94
Brooklyn,300
Brooklyn,132
Brooklyn,97
Brooklyn,129
Brooklyn,100
Brooklyn,65
Brooklyn,55
Brooklyn,89
Brooklyn,175
Brooklyn,120
Brooklyn,70
Brooklyn,50
Brooklyn,24
Brooklyn,79
Brooklyn,70
Brooklyn,59
Brooklyn,69
Brooklyn,120
Brooklyn,63
Brooklyn,175
Brooklyn,100
Brooklyn,75
Brooklyn,192
Brooklyn,279
Brooklyn,120
Brooklyn,45
Brooklyn,110
Brooklyn,25
Brooklyn,49
Brooklyn,99
Brooklyn,247
Brooklyn,125
Brooklyn,35
Brooklyn,70
Brooklyn,180
Brooklyn,90
Brooklyn,200
Brooklyn,140
Brooklyn,90
Brooklyn,90
Brooklyn,700
Brooklyn,49
Brooklyn,85
Brooklyn,50
Brooklyn,61
Brooklyn,70
Brooklyn,75
Brooklyn,75
Brooklyn,76
Brooklyn,50
Brooklyn,100
Brooklyn,200
Brooklyn,200
Brooklyn,60
Brooklyn,182
Brooklyn,55
Brooklyn,70
Brooklyn,180
Brooklyn,240
Brooklyn,65
Brooklyn,100
Brooklyn,100
Brooklyn,75
Brooklyn,85
Brooklyn,100
Brooklyn,82
Brooklyn,95
Brooklyn,190
Brooklyn,69
Brooklyn,50
Brooklyn,48
Brooklyn,100
Brooklyn,250
Brooklyn,64
Brooklyn,40
Brooklyn,119
Brooklyn,110
Brooklyn,55
Brooklyn,50
Brooklyn,40
Brooklyn,65
Brooklyn,42
Brooklyn,43
Brooklyn,25
Brooklyn,157
Brooklyn,69
Brooklyn,60
Brooklyn,58
Brooklyn,58
Brooklyn,58
Brooklyn,58
Brooklyn,100
Brooklyn,58
Brooklyn,99
Brooklyn,70
Brooklyn,80
Brooklyn,90
Brooklyn,125
Brooklyn,60
Brooklyn,60
Brooklyn,49
Brooklyn,85
Brooklyn,85
Brooklyn,70
Brooklyn,40
Brooklyn,40
Brooklyn,150
Brooklyn,50
Brooklyn,45
Brooklyn,70
Brooklyn,60
Brooklyn,65
Brooklyn,65
Brooklyn,259
Brooklyn,78
Brooklyn,135
Brooklyn,45
Brooklyn,70
Brooklyn,140
Brooklyn,130
Brooklyn,175
Brooklyn,60
Brooklyn,150
Brooklyn,150
Brooklyn,59
Brooklyn,90
Brooklyn,165
Brooklyn,130
Brooklyn,38
Brooklyn,95
Brooklyn,38
Brooklyn,200
Brooklyn,38
Brooklyn,38
Brooklyn,250
Brooklyn,60
Brooklyn,425
Brooklyn,154
Brooklyn,109
Brooklyn,60
Brooklyn,100
Brooklyn,500
Brooklyn,149
Brooklyn,98
Brooklyn,115
Brooklyn,72
Brooklyn,54
Brooklyn,500
Brooklyn,305
Brooklyn,125
Brooklyn,90
Brooklyn,50
Brooklyn,100
Brooklyn,73
Brooklyn,100
Brooklyn,85
Brooklyn,60
Brooklyn,120
Brooklyn,150
Brooklyn,50
Brooklyn,100
Brooklyn,125
Brooklyn,130
Brooklyn,200
Brooklyn,140
Brooklyn,275
Brooklyn,94
Brooklyn,70
Brooklyn,70
Brooklyn,200
Brooklyn,275
Brooklyn,48
Brooklyn,43
Brooklyn,94
Brooklyn,75
Brooklyn,120
Brooklyn,250
Brooklyn,249
Brooklyn,49
Brooklyn,2500
Brooklyn,150
Brooklyn,85
Brooklyn,110
Brooklyn,65
Brooklyn,125
Brooklyn,175
Brooklyn,20
Brooklyn,64
Brooklyn,88
Brooklyn,119
Brooklyn,240
Brooklyn,350
Brooklyn,70
Brooklyn,180
Brooklyn,149
Brooklyn,35
Brooklyn,75
Brooklyn,75
Brooklyn,125
Brooklyn,60
Brooklyn,35
Brooklyn,62
Brooklyn,100
Brooklyn,60
Brooklyn,100
Brooklyn,44
Brooklyn,400
Brooklyn,300
Brooklyn,36
Brooklyn,119
Brooklyn,300
Brooklyn,20
Brooklyn,350
Brooklyn,240
Brooklyn,75
Brooklyn,100
Brooklyn,70
Brooklyn,99
Brooklyn,40
Brooklyn,200
Brooklyn,30
Brooklyn,100
Brooklyn,275
Brooklyn,43
Brooklyn,85
Brooklyn,150
Brooklyn,200
Brooklyn,500
Brooklyn,120
Brooklyn,50
Brooklyn,349
Brooklyn,85
Brooklyn,55
Brooklyn,35
Brooklyn,60
Brooklyn,275
Brooklyn,54
Brooklyn,225
Brooklyn,120
Brooklyn,100
Brooklyn,300
Brooklyn,38
Brooklyn,150
Brooklyn,250
Brooklyn,85
Brooklyn,250
Brooklyn,149
Brooklyn,120
Brooklyn,90
Brooklyn,200
Brooklyn,92
Brooklyn,39
Brooklyn,43
Brooklyn,65
Brooklyn,85
Brooklyn,185
Brooklyn,85
Brooklyn,50
Brooklyn,175
Brooklyn,75
Brooklyn,95
Brooklyn,120
Brooklyn,115
Brooklyn,278
Brooklyn,190
Brooklyn,190
Brooklyn,150
Brooklyn,140
Brooklyn,80
Brooklyn,80
Brooklyn,50
Brooklyn,51
Brooklyn,68
Brooklyn,60
Brooklyn,90
Brooklyn,51
Brooklyn,56
Brooklyn,265
Brooklyn,56
Brooklyn,68
Brooklyn,160
Brooklyn,125
Brooklyn,68
Brooklyn,120
Brooklyn,120
Brooklyn,250
Brooklyn,29
Brooklyn,75
Brooklyn,225
Brooklyn,140
Brooklyn,80
Brooklyn,328
Brooklyn,114
Brooklyn,100
Brooklyn,120
Brooklyn,58
Brooklyn,650
Brooklyn,99
Brooklyn,99
Brooklyn,90
Brooklyn,60
Brooklyn,125
Brooklyn,120
Brooklyn,50
Brooklyn,395
Brooklyn,99
Brooklyn,55
Brooklyn,70
Brooklyn,659
Brooklyn,650
Brooklyn,650
Brooklyn,250
Brooklyn,399
Brooklyn,55
Brooklyn,475
Brooklyn,200
Brooklyn,55
Brooklyn,55
Brooklyn,25
Brooklyn,25
Brooklyn,25
Brooklyn,60
Brooklyn,200
Brooklyn,225
Brooklyn,90
Brooklyn,90
Brooklyn,64
Brooklyn,44
Brooklyn,400
Brooklyn,150
Brooklyn,370
Brooklyn,830
Brooklyn,90
Brooklyn,52
Brooklyn,105
Brooklyn,40
Brooklyn,203
Brooklyn,154
Brooklyn,27
Brooklyn,220
Brooklyn,150
Brooklyn,89
Brooklyn,399
Brooklyn,110
Brooklyn,50
Brooklyn,160
Brooklyn,7500
Brooklyn,50
Brooklyn,188
Brooklyn,375
Brooklyn,65
Brooklyn,150
Brooklyn,150
Brooklyn,63
Brooklyn,90
Brooklyn,42
Brooklyn,155
Brooklyn,175
Brooklyn,120
Brooklyn,135
Brooklyn,150
Brooklyn,85
Brooklyn,45
Brooklyn,151
Brooklyn,50
Brooklyn,120
Brooklyn,90
Brooklyn,40
Brooklyn,200
Brooklyn,245
Brooklyn,40
Brooklyn,350
Brooklyn,60
Brooklyn,149
Brooklyn,150
Brooklyn,100
Brooklyn,145
Brooklyn,140
Brooklyn,80
Brooklyn,65
Brooklyn,79
Brooklyn,70
Brooklyn,60
Brooklyn,58
Brooklyn,58
Brooklyn,40
Brooklyn,300
Brooklyn,35
Brooklyn,165
Brooklyn,80
Brooklyn,69
Brooklyn,55
Brooklyn,140
Brooklyn,399
Brooklyn,110
Brooklyn,79
Brooklyn,299
Brooklyn,68
Brooklyn,50
Brooklyn,175
Brooklyn,399
Brooklyn,160
Brooklyn,225
Brooklyn,80
Brooklyn,130
Brooklyn,80
Brooklyn,4200
Brooklyn,80
Brooklyn,895
Brooklyn,70
Brooklyn,37
Brooklyn,35
Brooklyn,37
Brooklyn,795
Brooklyn,995
Brooklyn,56
Brooklyn,695
Brooklyn,1800
Brooklyn,295
Brooklyn,56
Brooklyn,595
Brooklyn,295
Brooklyn,495
Brooklyn,75
Brooklyn,160
Brooklyn,85
Brooklyn,88
Brooklyn,30
Brooklyn,92
Brooklyn,300
Brooklyn,400
Brooklyn,295
Brooklyn,70
Brooklyn,295
Brooklyn,495
Brooklyn,129
Brooklyn,123
Brooklyn,20
Brooklyn,89
Brooklyn,150
Brooklyn,90
Brooklyn,38
Brooklyn,250
Brooklyn,220
Brooklyn,60
Brooklyn,100
Brooklyn,200
Brooklyn,549
Brooklyn,50
Brooklyn,198
Brooklyn,198
Brooklyn,140
Brooklyn,45
Brooklyn,65
Brooklyn,100
Brooklyn,89
Brooklyn,350
Brooklyn,88
Brooklyn,65
Brooklyn,100
Brooklyn,50
Brooklyn,140
Brooklyn,279
Brooklyn,169
Brooklyn,300
Brooklyn,97
Brooklyn,150
Brooklyn,100
Brooklyn,180
Brooklyn,110
Brooklyn,250
Brooklyn,125
Brooklyn,210
Brooklyn,55
Brooklyn,200
Brooklyn,150
Brooklyn,130
Brooklyn,75
Brooklyn,65
Brooklyn,100
Brooklyn,1750
Brooklyn,98
Brooklyn,52
Brooklyn,160
Brooklyn,300
Brooklyn,94
Brooklyn,50
Brooklyn,30
Brooklyn,49
Brooklyn,150
Brooklyn,550
Brooklyn,110
Brooklyn,39
Brooklyn,250
Brooklyn,225
Brooklyn,40
Brooklyn,350
Brooklyn,75
Brooklyn,50
Brooklyn,500
Brooklyn,42
Brooklyn,42
Brooklyn,125
Brooklyn,42
Brooklyn,75
Brooklyn,99
Brooklyn,86
Brooklyn,46
Brooklyn,99
Brooklyn,60
Brooklyn,110
Brooklyn,50
Brooklyn,66
Brooklyn,100
Brooklyn,67
Brooklyn,250
Brooklyn,89
Brooklyn,69
Brooklyn,79
Brooklyn,450
Brooklyn,51
Brooklyn,175
Brooklyn,500
Brooklyn,165
Brooklyn,100
Brooklyn,80
Brooklyn,195
Brooklyn,275
Brooklyn,70
Brooklyn,70
Brooklyn,60
Brooklyn,60
Brooklyn,945
Brooklyn,70
Brooklyn,159
Brooklyn,42
Brooklyn,395
Brooklyn,42
Brooklyn,208
Brooklyn,100
Brooklyn,110
Brooklyn,369
Brooklyn,329
Brooklyn,100
Brooklyn,25
Brooklyn,550
Brooklyn,50
Brooklyn,25
Brooklyn,220
Brooklyn,300
Brooklyn,45
Brooklyn,275
Brooklyn,71
Brooklyn,50
Brooklyn,120
Brooklyn,130
Brooklyn,110
Brooklyn,260
Brooklyn,209
Brooklyn,490
Brooklyn,45
Brooklyn,225
Brooklyn,55
Brooklyn,89
Brooklyn,295
Brooklyn,75
Brooklyn,599
Brooklyn,70
Brooklyn,230
Brooklyn,95
Brooklyn,38
Brooklyn,177
Brooklyn,86
Brooklyn,75
Brooklyn,170
Brooklyn,59
Brooklyn,245
Brooklyn,67
Brooklyn,250
Brooklyn,475
Brooklyn,42
Brooklyn,350
Brooklyn,289
Brooklyn,65
Brooklyn,125
Brooklyn,120
Brooklyn,28
Brooklyn,33
Brooklyn,78
Brooklyn,30
Brooklyn,399
Brooklyn,160
Brooklyn,190
Brooklyn,52
Brooklyn,115
Brooklyn,80
Brooklyn,39
Brooklyn,95
Brooklyn,150
Brooklyn,69
Brooklyn,180
Brooklyn,249
Brooklyn,198
Brooklyn,131
Brooklyn,99
Brooklyn,200
Brooklyn,30
Brooklyn,500
Brooklyn,150
Brooklyn,199
Brooklyn,119
Brooklyn,75
Brooklyn,125
Brooklyn,100
Brooklyn,150
Brooklyn,225
Brooklyn,69
Brooklyn,63
Brooklyn,121
Brooklyn,60
Brooklyn,60
Brooklyn,80
Brooklyn,80
Brooklyn,60
Brooklyn,125
Brooklyn,60
Brooklyn,4500
Brooklyn,175
Brooklyn,120
Brooklyn,200
Brooklyn,175
Brooklyn,139
Brooklyn,150
Brooklyn,200
Brooklyn,230
Brooklyn,140
Brooklyn,42
Brooklyn,70
Brooklyn,150
Brooklyn,190
Brooklyn,100
Brooklyn,250
Brooklyn,75
Brooklyn,250
Brooklyn,120
Brooklyn,82
Brooklyn,140
Brooklyn,110
Brooklyn,190
Brooklyn,100
Brooklyn,225
Brooklyn,90
Brooklyn,65
Brooklyn,67
Brooklyn,60
Brooklyn,66
Brooklyn,140
Brooklyn,125
Brooklyn,250
Brooklyn,195
Brooklyn,30
Brooklyn,400
Brooklyn,150
Brooklyn,45
Brooklyn,177
Brooklyn,400
Brooklyn,400
Brooklyn,350
Brooklyn,500
Brooklyn,300
Brooklyn,500
Brooklyn,200
Brooklyn,500
Brooklyn,129
Brooklyn,89
Brooklyn,100
Brooklyn,125
Brooklyn,80
Brooklyn,70
Brooklyn,80
Brooklyn,60
Brooklyn,50
Brooklyn,600
Brooklyn,30
Brooklyn,190
Brooklyn,60
Brooklyn,60
Brooklyn,262
Brooklyn,300
Brooklyn,48
Brooklyn,48
Brooklyn,48
Brooklyn,48
Brooklyn,48
Brooklyn,48
Brooklyn,48
Brooklyn,48
Brooklyn,48
Brooklyn,48
Brooklyn,48
Brooklyn,199
Brooklyn,48
Brooklyn,48
Brooklyn,48
Brooklyn,48
Brooklyn,48
Brooklyn,48
Brooklyn,200
Brooklyn,180
Brooklyn,38
Brooklyn,150
Brooklyn,85
Brooklyn,60
Brooklyn,264
Brooklyn,58
Brooklyn,299
Brooklyn,55
Brooklyn,60
Brooklyn,38
Brooklyn,100
Brooklyn,150
Brooklyn,25
Brooklyn,25
Brooklyn,25
Brooklyn,60
Brooklyn,35
Brooklyn,60
Brooklyn,63
Brooklyn,64
Brooklyn,79
Brooklyn,80
Brooklyn,35
Brooklyn,259
Brooklyn,100
Brooklyn,97
Brooklyn,475
Brooklyn,200
Brooklyn,650
Brooklyn,184
Brooklyn,198
Brooklyn,31
Brooklyn,275
Brooklyn,60
Brooklyn,200
Brooklyn,95
Brooklyn,97
Brooklyn,249
Brooklyn,50
Brooklyn,50
Brooklyn,50
Brooklyn,100
Brooklyn,50
Brooklyn,190
Brooklyn,120
Brooklyn,200
Brooklyn,130
Brooklyn,65
Brooklyn,35
Brooklyn,65
Brooklyn,250
Brooklyn,55
Brooklyn,120
Brooklyn,36
Brooklyn,465
Brooklyn,120
Brooklyn,175
Brooklyn,150
Brooklyn,55
Brooklyn,95
Brooklyn,89
Brooklyn,49
Brooklyn,50
Brooklyn,159
Brooklyn,250
Brooklyn,50
Brooklyn,68
Brooklyn,600
Brooklyn,80
Brooklyn,139
Brooklyn,32
Brooklyn,109
Brooklyn,95
Brooklyn,187
Brooklyn,67
Brooklyn,46
Brooklyn,59
Brooklyn,65
Brooklyn,75
Brooklyn,500
Brooklyn,75
Brooklyn,145
Brooklyn,46
Brooklyn,79
Brooklyn,128
Brooklyn,149
Brooklyn,87
Brooklyn,100
Brooklyn,168
Brooklyn,46
Brooklyn,38
Brooklyn,185
Brooklyn,180
Brooklyn,99
Brooklyn,20
Brooklyn,220
Brooklyn,170
Brooklyn,161
Brooklyn,160
Brooklyn,150
Brooklyn,78
Brooklyn,39
Brooklyn,150
Brooklyn,37
Brooklyn,110
Brooklyn,45
Brooklyn,190
Brooklyn,50
Brooklyn,60
Brooklyn,41
Brooklyn,350
Brooklyn,70
Brooklyn,54
Brooklyn,90
Brooklyn,100
Brooklyn,65
Brooklyn,75
Brooklyn,95
Brooklyn,40
Brooklyn,49
Brooklyn,35
Brooklyn,129
Brooklyn,475
Brooklyn,10
Brooklyn,90
Brooklyn,200
Brooklyn,50
Brooklyn,199
Brooklyn,111
Brooklyn,100
Brooklyn,57
Brooklyn,180
Brooklyn,54
Brooklyn,40
Brooklyn,230
Brooklyn,200
Brooklyn,32
Brooklyn,58
Brooklyn,45
Brooklyn,31
Brooklyn,35
Brooklyn,72
Brooklyn,34
Brooklyn,100
Brooklyn,80
Brooklyn,100
Brooklyn,60
Brooklyn,67
Brooklyn,226
Brooklyn,25
Brooklyn,275
Brooklyn,65
Brooklyn,99
Brooklyn,100
Brooklyn,60
Brooklyn,75
Brooklyn,140
Brooklyn,130
Brooklyn,75
Brooklyn,100
Brooklyn,295
Brooklyn,310
Brooklyn,69
Brooklyn,80
Brooklyn,395
Brooklyn,450
Brooklyn,500
Brooklyn,99
Brooklyn,90
Brooklyn,125
Brooklyn,200
Brooklyn,98
Brooklyn,105
Brooklyn,159
Brooklyn,60
Brooklyn,70
Brooklyn,52
Brooklyn,69
Brooklyn,118
Brooklyn,195
Brooklyn,125
Brooklyn,79
Brooklyn,79
Brooklyn,59
Brooklyn,79
Brooklyn,80
Brooklyn,115
Brooklyn,80
Brooklyn,43
Brooklyn,260
Brooklyn,400
Brooklyn,140
Brooklyn,100
Brooklyn,160
Brooklyn,90
Brooklyn,1400
Brooklyn,115
Brooklyn,200
Brooklyn,200
Brooklyn,45
Brooklyn,48
Brooklyn,350
Brooklyn,120
Brooklyn,195
Brooklyn,101
Brooklyn,40
Brooklyn,35
Brooklyn,48
Brooklyn,60
Brooklyn,225
Brooklyn,90
Brooklyn,649
Brooklyn,160
Brooklyn,198
Brooklyn,200
Brooklyn,140
Brooklyn,55
Brooklyn,59
Brooklyn,85
Brooklyn,50
Brooklyn,50
Brooklyn,58
Brooklyn,175
Brooklyn,80
Brooklyn,100
Brooklyn,80
Brooklyn,35
Brooklyn,100
Brooklyn,75
Brooklyn,55
Brooklyn,130
Brooklyn,300
Brooklyn,350
Brooklyn,195
Brooklyn,60
Brooklyn,70
Brooklyn,50
Brooklyn,80
Brooklyn,33
Brooklyn,399
Brooklyn,100
Brooklyn,95
Brooklyn,86
Brooklyn,120
Brooklyn,130
Brooklyn,70
Brooklyn,130
Brooklyn,160
Brooklyn,120
Brooklyn,70
Brooklyn,100
Brooklyn,70
Brooklyn,101
Brooklyn,50
Brooklyn,125
Brooklyn,40
Brooklyn,100
Brooklyn,225
Brooklyn,60
Brooklyn,199
Brooklyn,100
Brooklyn,45
Brooklyn,65
Brooklyn,199
Brooklyn,169
Brooklyn,50
Brooklyn,210
Brooklyn,159
Brooklyn,399
Brooklyn,85
Brooklyn,75
Brooklyn,150
Brooklyn,139
Brooklyn,50
Brooklyn,295
Brooklyn,116
Brooklyn,120
Brooklyn,59
Brooklyn,250
Brooklyn,140
Brooklyn,115
Brooklyn,140
Brooklyn,80
Brooklyn,75
Brooklyn,188
Brooklyn,195
Brooklyn,50
Brooklyn,100
Brooklyn,125
Brooklyn,50
Brooklyn,175
Brooklyn,87
Brooklyn,150
Brooklyn,115
Brooklyn,50
Brooklyn,250
Brooklyn,189
Brooklyn,50
Brooklyn,78
Brooklyn,50
Brooklyn,65
Brooklyn,300
Brooklyn,170
Brooklyn,1500
Brooklyn,150
Brooklyn,150
Brooklyn,99
Brooklyn,80
Brooklyn,63
Brooklyn,130
Brooklyn,70
Brooklyn,65
Brooklyn,60
Brooklyn,300
Brooklyn,125
Brooklyn,300
Brooklyn,67
Brooklyn,75
Brooklyn,50
Brooklyn,275
Brooklyn,282
Brooklyn,185
Brooklyn,275
Brooklyn,90
Brooklyn,299
Brooklyn,75
Brooklyn,30
Brooklyn,30
Brooklyn,595
Brooklyn,500
Brooklyn,70
Brooklyn,45
Brooklyn,75
Brooklyn,135
Brooklyn,150
Brooklyn,85
Brooklyn,89
Brooklyn,90
Brooklyn,220
Brooklyn,220
Brooklyn,100
Brooklyn,45
Brooklyn,62
Brooklyn,164
Brooklyn,60
Brooklyn,35
Brooklyn,145
Brooklyn,110
Brooklyn,60
Brooklyn,115
Brooklyn,100
Brooklyn,250
Brooklyn,195
Brooklyn,195
Brooklyn,55
Brooklyn,350
Brooklyn,49
Brooklyn,190
Brooklyn,110
Brooklyn,30
Brooklyn,99
Brooklyn,45
Brooklyn,220
Brooklyn,60
Brooklyn,200
Brooklyn,550
Brooklyn,260
Brooklyn,185
Brooklyn,280
Brooklyn,249
Brooklyn,80
Brooklyn,125
Brooklyn,800
Brooklyn,100
Brooklyn,44
Brooklyn,112
Brooklyn,90
Brooklyn,100
Brooklyn,120
Brooklyn,59
Brooklyn,150
Brooklyn,285
Brooklyn,135
Brooklyn,199
Brooklyn,69
Brooklyn,289
Brooklyn,70
Brooklyn,199
Brooklyn,196
Brooklyn,175
Brooklyn,128
Brooklyn,100
Brooklyn,60
Brooklyn,57
Brooklyn,59
Brooklyn,85
Brooklyn,45
Brooklyn,50
Brooklyn,120
Brooklyn,50
Brooklyn,123
Brooklyn,599
Brooklyn,300
Brooklyn,250
Brooklyn,49
Brooklyn,180
Brooklyn,300
Brooklyn,50
Brooklyn,168
Brooklyn,40
Brooklyn,150
Brooklyn,345
Brooklyn,220
Brooklyn,169
Brooklyn,150
Brooklyn,151
Brooklyn,80
Brooklyn,49
Brooklyn,90
Brooklyn,60
Brooklyn,56
Brooklyn,82
Brooklyn,99
Brooklyn,100
Brooklyn,150
Brooklyn,67
Brooklyn,48
Brooklyn,150
Brooklyn,50
Brooklyn,44
Brooklyn,75
Brooklyn,180
Brooklyn,50
Brooklyn,75
Brooklyn,95
Brooklyn,95
Brooklyn,90
Brooklyn,90
Brooklyn,150
Brooklyn,75
Brooklyn,120
Brooklyn,55
Brooklyn,75
Brooklyn,42
Brooklyn,50
Brooklyn,385
Brooklyn,99
Brooklyn,50
Brooklyn,155
Brooklyn,115
Brooklyn,210
Brooklyn,172
Brooklyn,270
Brooklyn,75
Brooklyn,250
Brooklyn,110
Brooklyn,50
Brooklyn,109
Brooklyn,170
Brooklyn,68
Brooklyn,50
Brooklyn,75
Brooklyn,299
Brooklyn,55
Brooklyn,85
Brooklyn,37
Brooklyn,95
Brooklyn,100
Brooklyn,148
Brooklyn,97
Brooklyn,69
Brooklyn,85
Brooklyn,190
Brooklyn,150
Brooklyn,45
Brooklyn,39
Brooklyn,49
Brooklyn,150
Brooklyn,150
Brooklyn,80
Brooklyn,250
Brooklyn,145
Brooklyn,51
Brooklyn,90
Brooklyn,80
Brooklyn,55
Brooklyn,99
Brooklyn,50
Brooklyn,45
Brooklyn,135
Brooklyn,595
Brooklyn,150
Brooklyn,75
Brooklyn,200
Brooklyn,250
Brooklyn,250
Brooklyn,110
Brooklyn,35
Brooklyn,85
Brooklyn,54
Brooklyn,39
Brooklyn,45
Brooklyn,85
Brooklyn,70
Brooklyn,250
Brooklyn,70
Brooklyn,115
Brooklyn,220
Brooklyn,75
Brooklyn,65
Brooklyn,250
Brooklyn,38
Brooklyn,200
Brooklyn,33
Brooklyn,46
Brooklyn,65
Brooklyn,89
Brooklyn,250
Brooklyn,95
Brooklyn,90
Brooklyn,122
Brooklyn,35
Brooklyn,80
Brooklyn,45
Brooklyn,45
Brooklyn,110
Brooklyn,135
Brooklyn,200
Brooklyn,50
Brooklyn,150
Brooklyn,80
Brooklyn,35
Brooklyn,55
Brooklyn,95
Brooklyn,125
Brooklyn,70
Brooklyn,50
Brooklyn,120
Brooklyn,45
Brooklyn,75
Brooklyn,85
Brooklyn,69
Brooklyn,95
Brooklyn,30
Brooklyn,125
Brooklyn,80
Brooklyn,99
Brooklyn,35
Brooklyn,35
Brooklyn,44
Brooklyn,167
Brooklyn,200
Brooklyn,120
Brooklyn,103
Brooklyn,66
Brooklyn,200
Brooklyn,160
Brooklyn,135
Brooklyn,70
Brooklyn,150
Brooklyn,60
Brooklyn,130
Brooklyn,50
Brooklyn,85
Brooklyn,40
Brooklyn,150
Brooklyn,170
Brooklyn,75
Brooklyn,100
Brooklyn,91
Brooklyn,160
Brooklyn,115
Brooklyn,46
Brooklyn,50
Brooklyn,100
Brooklyn,70
Brooklyn,195
Brooklyn,77
Brooklyn,100
Brooklyn,77
Brooklyn,77
Brooklyn,77
Brooklyn,51
Brooklyn,77
Brooklyn,77
Brooklyn,77
Brooklyn,51
Brooklyn,200
Brooklyn,199
Brooklyn,109
Brooklyn,55
Brooklyn,150
Brooklyn,100
Brooklyn,159
Brooklyn,60
Brooklyn,94
Brooklyn,40
Brooklyn,45
Brooklyn,50
Brooklyn,280
Brooklyn,30
Brooklyn,58
Brooklyn,55
Brooklyn,84
Brooklyn,450
Brooklyn,165
Brooklyn,65
Brooklyn,60
Brooklyn,129
Brooklyn,450
Brooklyn,75
Brooklyn,150
Brooklyn,44
Brooklyn,1369
Brooklyn,150
Brooklyn,75
Brooklyn,100
Brooklyn,68
Brooklyn,1749
Brooklyn,150
Brooklyn,46
Brooklyn,100
Brooklyn,63
Brooklyn,75
Brooklyn,43
Brooklyn,275
Brooklyn,38
Brooklyn,75
Brooklyn,80
Brooklyn,35
Brooklyn,39
Brooklyn,45
Brooklyn,59
Brooklyn,110
Brooklyn,40
Brooklyn,70
Brooklyn,195
Brooklyn,55
Brooklyn,35
Brooklyn,99
Brooklyn,75
Brooklyn,65
Brooklyn,115
Brooklyn,50
Brooklyn,75
Brooklyn,40
Brooklyn,75
Brooklyn,45
Brooklyn,200
Brooklyn,80
Brooklyn,200
Brooklyn,180
Brooklyn,33
Brooklyn,50
Brooklyn,47
Brooklyn,85
Brooklyn,78
Brooklyn,48
Brooklyn,115
Brooklyn,200
Brooklyn,120
Brooklyn,45
Brooklyn,45
Brooklyn,120
Brooklyn,30
Brooklyn,200
Brooklyn,165
Brooklyn,185
Brooklyn,115
Brooklyn,400
Brooklyn,185
Brooklyn,120
Brooklyn,170
Brooklyn,180
Brooklyn,80
Brooklyn,60
Brooklyn,99
Brooklyn,45
Brooklyn,107
Brooklyn,70
Brooklyn,39
Brooklyn,125
Brooklyn,40
Brooklyn,40
Brooklyn,40
Brooklyn,62
Brooklyn,85
Brooklyn,278
Brooklyn,111
Brooklyn,99
Brooklyn,84
Brooklyn,550
Brooklyn,80
Brooklyn,60
Brooklyn,499
Brooklyn,45
Brooklyn,32
Brooklyn,60
Brooklyn,170
Brooklyn,105
Brooklyn,245
Brooklyn,120
Brooklyn,65
Brooklyn,70
Brooklyn,130
Brooklyn,35
Brooklyn,46
Brooklyn,119
Brooklyn,60
Brooklyn,50
Brooklyn,55
Brooklyn,80
Brooklyn,41
Brooklyn,43
Brooklyn,235
Brooklyn,70
Brooklyn,150
Brooklyn,140
Brooklyn,59
Brooklyn,100
Brooklyn,50
Brooklyn,60
Brooklyn,80
Brooklyn,50
Brooklyn,200
Brooklyn,50
Brooklyn,225
Brooklyn,20
Brooklyn,47
Brooklyn,800
Brooklyn,45
Brooklyn,33
Brooklyn,180
Brooklyn,30
Brooklyn,150
Brooklyn,345
Brooklyn,130
Brooklyn,25
Brooklyn,25
Brooklyn,45
Brooklyn,99
Brooklyn,170
Brooklyn,42
Brooklyn,120
Brooklyn,120
Brooklyn,54
Brooklyn,40
Brooklyn,190
Brooklyn,170
Brooklyn,70
Brooklyn,40
Manhattan,225
Manhattan,150
Manhattan,80
Manhattan,200
Manhattan,79
Manhattan,79
Manhattan,150
Manhattan,135
Manhattan,85
Manhattan,85
Manhattan,120
Manhattan,140
Manhattan,190
Manhattan,80
Manhattan,150
Manhattan,44
Manhattan,180
Manhattan,50
Manhattan,52
Manhattan,50
Manhattan,40
Manhattan,68
Manhattan,135
Manhattan,150
Manhattan,151
Manhattan,200
Manhattan,110
Manhattan,69
Manhattan,180
Manhattan,375
Manhattan,250
Manhattan,52
Manhattan,80
Manhattan,99
Manhattan,225
Manhattan,230
Manhattan,51
Manhattan,65
Manhattan,190
Manhattan,200
Manhattan,150
Manhattan,110
Manhattan,285
Manhattan,94
Manhattan,60
Manhattan,50
Manhattan,140
Manhattan,89
Manhattan,98
Manhattan,60
Manhattan,65
Manhattan,500
Manhattan,100
Manhattan,59
Manhattan,140
Manhattan,350
Manhattan,199
Manhattan,235
Manhattan,225
Manhattan,170
Manhattan,170
Manhattan,100
Manhattan,150
Manhattan,85
Manhattan,120
Manhattan,185
Manhattan,105
Manhattan,130
Manhattan,115
Manhattan,195
Manhattan,156
Manhattan,69
Manhattan,225
Manhattan,219
Manhattan,99
Manhattan,250
Manhattan,80
Manhattan,125
Manhattan,196
Manhattan,170
Manhattan,165
Manhattan,150
Manhattan,100
Manhattan,99
Manhattan,75
Manhattan,125
Manhattan,275
Manhattan,299
Manhattan,130
Manhattan,83
Manhattan,123
Manhattan,195
Manhattan,105
Manhattan,200
Manhattan,121
Manhattan,100
Manhattan,130
Manhattan,199
Manhattan,130
Manhattan,64
Manhattan,189
Manhattan,250
Manhattan,239
Manhattan,305
Manhattan,155
Manhattan,60
Manhattan,120
Manhattan,150
Manhattan,250
Manhattan,250
Manhattan,500
Manhattan,225
Manhattan,125
Manhattan,92
Manhattan,175
Manhattan,99
Manhattan,195
Manhattan,140
Manhattan,135
Manhattan,500
Manhattan,80
Manhattan,120
Manhattan,110
Manhattan,130
Manhattan,175
Manhattan,205
Manhattan,390
Manhattan,75
Manhattan,200
Manhattan,90
Manhattan,68
Manhattan,115
Manhattan,129
Manhattan,75
Manhattan,212
Manhattan,95
Manhattan,135
Manhattan,124
Manhattan,122
Manhattan,109
Manhattan,85
Manhattan,195
Manhattan,575
Manhattan,150
Manhattan,90
Manhattan,65
Manhattan,500
Manhattan,250
Manhattan,125
Manhattan,200
Manhattan,110
Manhattan,113
Manhattan,250
Manhattan,150
Manhattan,150
Manhattan,71
Manhattan,169
Manhattan,225
Manhattan,139
Manhattan,95
Manhattan,150
Manhattan,125
Manhattan,130
Manhattan,65
Manhattan,67
Manhattan,212
Manhattan,249
Manhattan,60
Manhattan,120
Manhattan,169
Manhattan,90
Manhattan,225
Manhattan,85
Manhattan,211
Manhattan,145
Manhattan,65
Manhattan,99
Manhattan,290
Manhattan,87
Manhattan,110
Manhattan,395
Manhattan,189
Manhattan,85
Manhattan,122
Manhattan,170
Manhattan,130
Manhattan,132
Manhattan,185
Manhattan,375
Manhattan,175
Manhattan,150
Manhattan,259
Manhattan,96
Manhattan,200
Manhattan,95
Manhattan,295
Manhattan,175
Manhattan,165
Manhattan,250
Manhattan,250
Manhattan,95
Manhattan,55
Manhattan,300
Manhattan,175
Manhattan,75
Manhattan,150
Manhattan,200
Manhattan,200
Manhattan,295
Manhattan,198
Manhattan,99
Manhattan,140
Manhattan,75
Manhattan,250
Manhattan,75
Manhattan,205
Manhattan,185
Manhattan,190
Manhattan,250
Manhattan,175
Manhattan,65
Manhattan,79
Manhattan,170
Manhattan,115
Manhattan,89
Manhattan,49
Manhattan,400
Manhattan,2000
Manhattan,100
Manhattan,429
Manhattan,189
Manhattan,120
Manhattan,300
Manhattan,199
Manhattan,120
Manhattan,199
Manhattan,100
Manhattan,250
Manhattan,165
Manhattan,99
Manhattan,255
Manhattan,169
Manhattan,110
Manhattan,150
Manhattan,149
Manhattan,89
Manhattan,50
Manhattan,149
Manhattan,68
Manhattan,75
Manhattan,90
Manhattan,160
Manhattan,190
Manhattan,95
Manhattan,150
Manhattan,250
Manhattan,80
Manhattan,230
Manhattan,200
Manhattan,300
Manhattan,80
Manhattan,199
Manhattan,199
Manhattan,100
Manhattan,55
Manhattan,146
Manhattan,250
Manhattan,150
Manhattan,199
Manhattan,69
Manhattan,300
Manhattan,125
Manhattan,288
Manhattan,225
Manhattan,110
Manhattan,130
Manhattan,89
Manhattan,135
Manhattan,90
Manhattan,270
Manhattan,145
Manhattan,179
Manhattan,110
Manhattan,325
Manhattan,130
Manhattan,190
Manhattan,200
Manhattan,160
Manhattan,195
Manhattan,241
Manhattan,300
Manhattan,100
Manhattan,399
Manhattan,200
Manhattan,71
Manhattan,226
Manhattan,135
Manhattan,154
Manhattan,700
Manhattan,246
Manhattan,125
Manhattan,119
Manhattan,125
Manhattan,400
Manhattan,850
Manhattan,140
Manhattan,115
Manhattan,200
Manhattan,185
Manhattan,81
Manhattan,495
Manhattan,760
Manhattan,325
Manhattan,195
Manhattan,58
Manhattan,189
Manhattan,145
Manhattan,101
Manhattan,95
Manhattan,375
Manhattan,153
Manhattan,80
Manhattan,300
Manhattan,88
Manhattan,155
Manhattan,225
Manhattan,85
Manhattan,200
Manhattan,485
Manhattan,310
Manhattan,109
Manhattan,167
Manhattan,220
Manhattan,195
Manhattan,199
Manhattan,65
Manhattan,99
Manhattan,130
Manhattan,350
Manhattan,250
Manhattan,125
Manhattan,300
Manhattan,150
Manhattan,56
Manhattan,299
Manhattan,1300
Manhattan,200
Manhattan,99
Manhattan,110
Manhattan,85
Manhattan,139
Manhattan,50
Manhattan,250
Manhattan,300
Manhattan,200
Manhattan,130
Manhattan,90
Manhattan,180
Manhattan,175
Manhattan,240
Manhattan,300
Manhattan,385
Manhattan,75
Manhattan,165
Manhattan,179
Manhattan,219
Manhattan,450
Manhattan,249
Manhattan,139
Manhattan,209
Manhattan,90
Manhattan,199
Manhattan,110
Manhattan,150
Manhattan,300
Manhattan,190
Manhattan,250
Manhattan,140
Manhattan,150
Manhattan,90
Manhattan,295
Manhattan,150
Manhattan,99
Manhattan,75
Manhattan,75
Manhattan,109
Manhattan,86
Manhattan,99
Manhattan,89
Manhattan,199
Manhattan,110
Manhattan,135
Manhattan,245
Manhattan,115
Manhattan,120
Manhattan,499
Manhattan,109
Manhattan,219
Manhattan,159
Manhattan,150
Manhattan,106
Manhattan,299
Manhattan,179
Manhattan,250
Manhattan,87
Manhattan,75
Manhattan,80
Manhattan,125
Manhattan,387
Manhattan,95
Manhattan,99
Manhattan,121
Manhattan,350
Manhattan,75
Manhattan,95
Manhattan,89
Manhattan,195
Manhattan,160
Manhattan,100
Manhattan,140
Manhattan,189
Manhattan,265
Manhattan,60
Manhattan,129
Manhattan,199
Manhattan,110
Manhattan,135
Manhattan,115
Manhattan,175
Manhattan,3000
Manhattan,549
Manhattan,145
Manhattan,200
Manhattan,160
Manhattan,180
Manhattan,100
Manhattan,105
Manhattan,250
Manhattan,74
Manhattan,165
Manhattan,99
Manhattan,125
Manhattan,104
Manhattan,225
Manhattan,100
Manhattan,350
Manhattan,135
Manhattan,125
Manhattan,225
Manhattan,85
Manhattan,200
Manhattan,90
Manhattan,300
Manhattan,125
Manhattan,125
Manhattan,145
Manhattan,147
Manhattan,225
Manhattan,269
Manhattan,145
Manhattan,100
Manhattan,225
Manhattan,275
Manhattan,160
Manhattan,175
Manhattan,125
Manhattan,200
Manhattan,99
Manhattan,325
Manhattan,99
Manhattan,325
Manhattan,129
Manhattan,60
Manhattan,250
Manhattan,275
Manhattan,265
Manhattan,145
Manhattan,151
Manhattan,208
Manhattan,110
Manhattan,58
Manhattan,55
Manhattan,350
Manhattan,125
Manhattan,395
Manhattan,90
Manhattan,100
Manhattan,94
Manhattan,250
Manhattan,225
Manhattan,65
Manhattan,99
Manhattan,239
Manhattan,50
Manhattan,65
Manhattan,139
Manhattan,174
Manhattan,315
Manhattan,75
Manhattan,210
Manhattan,150
Manhattan,129
Manhattan,100
Manhattan,89
Manhattan,311
Manhattan,100
Manhattan,1300
Manhattan,210
Manhattan,65
Manhattan,89
Manhattan,500
Manhattan,180
Manhattan,117
Manhattan,89
Manhattan,89
Manhattan,99
Manhattan,155
Manhattan,85
Manhattan,80
Manhattan,135
Manhattan,380
Manhattan,99
Manhattan,125
Manhattan,80
Manhattan,328
Manhattan,185
Manhattan,80
Manhattan,99
Manhattan,199
Manhattan,165
Manhattan,150
Manhattan,499
Manhattan,220
Manhattan,300
Manhattan,79
Manhattan,99
Manhattan,50
Manhattan,198
Manhattan,130
Manhattan,180
Manhattan,150
Manhattan,104
Manhattan,175
Manhattan,80
Manhattan,72
Manhattan,150
Manhattan,185
Manhattan,145
Manhattan,160
Manhattan,200
Manhattan,130
Manhattan,82
Manhattan,90
Manhattan,115
Manhattan,170
Manhattan,118
Manhattan,135
Manhattan,150
Manhattan,50
Manhattan,100
Manhattan,265
Manhattan,90
Manhattan,175
Manhattan,250
Manhattan,220
Manhattan,93
Manhattan,165
Manhattan,295
Manhattan,300
Manhattan,99
Manhattan,225
Manhattan,230
Manhattan,102
Manhattan,195
Manhattan,170
Manhattan,217
Manhattan,185
Manhattan,58
Manhattan,88
Manhattan,195
Manhattan,79
Manhattan,110
Manhattan,500
Manhattan,90
Manhattan,160
Manhattan,210
Manhattan,399
Manhattan,300
Manhattan,220
Manhattan,120
Manhattan,99
Manhattan,295
Manhattan,197
Manhattan,145
Manhattan,90
Manhattan,125
Manhattan,190
Manhattan,76
Manhattan,107
Manhattan,151
Manhattan,79
Manhattan,120
Manhattan,700
Manhattan,165
Manhattan,165
Manhattan,100
Manhattan,96
Manhattan,75
Manhattan,120
Manhattan,120
Manhattan,215
Manhattan,200
Manhattan,199
Manhattan,75
Manhattan,125
Manhattan,229
Manhattan,110
Manhattan,165
Manhattan,55
Manhattan,55
Manhattan,300
Manhattan,275
Manhattan,331
Manhattan,60
Manhattan,179
Manhattan,200
Manhattan,249
Manhattan,120
Manhattan,120
Manhattan,199
Manhattan,125
Manhattan,80
Manhattan,130
Manhattan,90
Manhattan,150
Manhattan,50
Manhattan,136
Manhattan,165
Manhattan,105
Manhattan,148
Manhattan,99
Manhattan,175
Manhattan,80
Manhattan,195
Manhattan,1000
Manhattan,225
Manhattan,165
Manhattan,160
Manhattan,60
Manhattan,200
Manhattan,700
Manhattan,65
Manhattan,263
Manhattan,150
Manhattan,60
Manhattan,433
Manhattan,79
Manhattan,140
Manhattan,100
Manhattan,250
Manhattan,145
Manhattan,234
Manhattan,150
Manhattan,65
Manhattan,135
Manhattan,595
Manhattan,109
Manhattan,90
Manhattan,100
Manhattan,85
Manhattan,87
Manhattan,95
Manhattan,349
Manhattan,99
Manhattan,160
Manhattan,149
Manhattan,285
Manhattan,150
Manhattan,79
Manhattan,197
Manhattan,127
Manhattan,110
Manhattan,99
Manhattan,113
Manhattan,250
Manhattan,295
Manhattan,2000
Manhattan,220
Manhattan,75
Manhattan,200
Manhattan,50
Manhattan,108
Manhattan,141
Manhattan,88
Manhattan,65
Manhattan,167
Manhattan,125
Manhattan,95
Manhattan,92
Manhattan,199
Manhattan,179
Manhattan,55
Manhattan,129
Manhattan,134
Manhattan,250
Manhattan,119
Manhattan,95
Manhattan,165
Manhattan,105
Manhattan,73
Manhattan,100
Manhattan,75
Manhattan,120
Manhattan,55
Manhattan,95
Manhattan,72
Manhattan,250
Manhattan,230
Manhattan,900
Manhattan,130
Manhattan,399
Manhattan,299
Manhattan,100
Manhattan,175
Manhattan,425
Manhattan,240
Manhattan,495
Manhattan,79
Manhattan,120
Manhattan,150
Manhattan,144
Manhattan,350
Manhattan,195
Manhattan,200
Manhattan,169
Manhattan,95
Manhattan,375
Manhattan,70
Manhattan,80
Manhattan,100
Manhattan,200
Manhattan,200
Manhattan,140
Manhattan,65
Manhattan,106
Manhattan,155
Manhattan,249
Manhattan,120
Manhattan,75
Manhattan,171
Manhattan,185
Manhattan,120
Manhattan,210
Manhattan,133
Manhattan,350
Manhattan,259
Manhattan,97
Manhattan,199
Manhattan,125
Manhattan,125
Manhattan,150
Manhattan,170
Manhattan,199
Manhattan,80
Manhattan,155
Manhattan,120
Manhattan,179
Manhattan,99
Manhattan,200
Manhattan,400
Manhattan,500
Manhattan,95
Manhattan,80
Manhattan,187
Manhattan,125
Manhattan,133
Manhattan,155
Manhattan,600
Manhattan,50
Manhattan,95
Manhattan,105
Manhattan,65
Manhattan,100
Manhattan,195
Manhattan,100
Manhattan,165
Manhattan,120
Manhattan,85
Manhattan,350
Manhattan,59
Manhattan,280
Manhattan,120
Manhattan,140
Manhattan,200
Manhattan,225
Manhattan,189
Manhattan,190
Manhattan,69
Manhattan,160
Manhattan,220
Manhattan,85
Manhattan,135
Manhattan,225
Manhattan,100
Manhattan,210
Manhattan,95
Manhattan,140
Manhattan,95
Manhattan,295
Manhattan,80
Manhattan,250
Manhattan,150
Manhattan,159
Manhattan,78
Manhattan,210
Manhattan,220
Manhattan,350
Manhattan,65
Manhattan,225
Manhattan,75
Manhattan,105
Manhattan,150
Manhattan,130
Manhattan,175
Manhattan,115
Manhattan,116
Manhattan,192
Manhattan,158
Manhattan,85
Manhattan,173
Manhattan,465
Manhattan,195
Manhattan,36
Manhattan,200
Manhattan,85
Manhattan,139
Manhattan,95
Manhattan,349
Manhattan,165
Manhattan,240
Manhattan,99
Manhattan,225
Manhattan,81
Manhattan,199
Manhattan,340
Manhattan,135
Manhattan,100
Manhattan,290
Manhattan,35
Manhattan,148
Manhattan,150
Manhattan,60
Manhattan,60
Manhattan,45
Manhattan,60
Manhattan,60
Manhattan,121
Manhattan,179
Manhattan,80
Manhattan,65
Manhattan,69
Manhattan,135
Manhattan,120
Manhattan,69
Manhattan,65
Manhattan,130
Manhattan,130
Manhattan,79
Manhattan,149
Manhattan,250
Manhattan,175
Manhattan,40
Manhattan,99
Manhattan,240
Manhattan,280
Manhattan,235
Manhattan,130
Manhattan,269
Manhattan,80
Manhattan,400
Manhattan,349
Manhattan,495
Manhattan,999
Manhattan,109
Manhattan,175
Manhattan,150
Manhattan,150
Manhattan,175
Manhattan,80
Manhattan,75
Manhattan,250
Manhattan,260
Manhattan,145
Manhattan,95
Manhattan,300
Manhattan,131
Manhattan,190
Manhattan,160
Manhattan,65
Manhattan,80
Manhattan,235
Manhattan,195
Manhattan,120
Manhattan,100
Manhattan,166
Manhattan,99
Manhattan,195
Manhattan,100
Manhattan,62
Manhattan,99
Manhattan,90
Manhattan,88
Manhattan,125
Manhattan,176
Manhattan,51
Manhattan,200
Manhattan,100
Manhattan,125
Manhattan,150
Manhattan,125
Manhattan,90
Manhattan,65
Manhattan,65
Manhattan,100
Manhattan,200
Manhattan,113
Manhattan,108
Manhattan,165
Manhattan,110
Manhattan,339
Manhattan,500
Manhattan,60
Manhattan,49
Manhattan,150
Manhattan,2500
Manhattan,175
Manhattan,100
Manhattan,170
Manhattan,150
Manhattan,49
Manhattan,49
Manhattan,170
Manhattan,105
Manhattan,100
Manhattan,100
Manhattan,160
Manhattan,145
Manhattan,180
Manhattan,225
Manhattan,250
Manhattan,125
Manhattan,399
Manhattan,75
Manhattan,190
Manhattan,200
Manhattan,199
Manhattan,140
Manhattan,124
Manhattan,295
Manhattan,160
Manhattan,230
Manhattan,118
Manhattan,85
Manhattan,55
Manhattan,140
Manhattan,179
Manhattan,200
Manhattan,200
Manhattan,100
Manhattan,50
Manhattan,235
Manhattan,125
Manhattan,250
Manhattan,650
Manhattan,100
Manhattan,87
Manhattan,195
Manhattan,75
Manhattan,100
Manhattan,190
Manhattan,100
Manhattan,159
Manhattan,91
Manhattan,200
Manhattan,169
Manhattan,249
Manhattan,199
Manhattan,88
Manhattan,170
Manhattan,100
Manhattan,135
Manhattan,165
Manhattan,170
Manhattan,349
Manhattan,65
Manhattan,420
Manhattan,119
Manhattan,97
Manhattan,191
Manhattan,187
Manhattan,172
Manhattan,950
Manhattan,99
Manhattan,334
Manhattan,60
Manhattan,130
Manhattan,575
Manhattan,295
Manhattan,300
Manhattan,56
Manhattan,191
Manhattan,135
Manhattan,75
Manhattan,99
Manhattan,550
Manhattan,110
Manhattan,52
Manhattan,105
Manhattan,165
Manhattan,499
Manhattan,60
Manhattan,95
Manhattan,275
Manhattan,130
Manhattan,100
Manhattan,220
Manhattan,1000
Manhattan,499
Manhattan,45
Manhattan,160
Manhattan,195
Manhattan,190
Manhattan,95
Manhattan,350
Manhattan,80
Manhattan,120
Manhattan,42
Manhattan,425
Manhattan,159
Manhattan,150
Manhattan,199
Manhattan,110
Manhattan,120
Manhattan,395
Manhattan,145
Manhattan,100
Manhattan,50
Manhattan,70
Manhattan,58
Manhattan,131
Manhattan,250
Manhattan,149
Manhattan,185
Manhattan,150
Manhattan,300
Manhattan,176
Manhattan,40
Manhattan,75
Manhattan,85
Manhattan,85
Manhattan,200
Manhattan,175
Manhattan,240
Manhattan,160
Manhattan,250
Manhattan,650
Manhattan,158
Manhattan,85
Manhattan,209
Manhattan,89
Manhattan,45
Manhattan,70
Manhattan,125
Manhattan,140
Manhattan,47
Manhattan,115
Manhattan,199
Manhattan,110
Manhattan,133
Manhattan,79
Manhattan,200
Manhattan,175
Manhattan,200
Manhattan,135
Manhattan,179
Manhattan,90
Manhattan,115
Manhattan,110
Manhattan,109
Manhattan,64
Manhattan,1000
Manhattan,750
Manhattan,47
Manhattan,48
Manhattan,100
Manhattan,129
Manhattan,170
Manhattan,94
Manhattan,115
Manhattan,200
Manhattan,108
Manhattan,89
Manhattan,89
Manhattan,239
Manhattan,80
Manhattan,125
Manhattan,100
Manhattan,1000
Manhattan,225
Manhattan,275
Manhattan,190
Manhattan,80
Manhattan,70
Manhattan,44
Manhattan,125
Manhattan,130
Manhattan,130
Manhattan,125
Manhattan,199
Manhattan,248
Manhattan,85
Manhattan,85
Manhattan,79
Manhattan,150
Manhattan,285
Manhattan,190
Manhattan,80
Manhattan,90
Manhattan,125
Manhattan,148
Manhattan,120
Manhattan,200
Manhattan,55
Manhattan,175
Manhattan,240
Manhattan,95
Manhattan,53
Manhattan,41
Manhattan,135
Manhattan,290
Manhattan,100
Manhattan,200
Manhattan,135
Manhattan,72
Manhattan,99
Manhattan,58
Manhattan,250
Manhattan,95
Manhattan,125
Manhattan,300
Manhattan,350
Manhattan,95
Manhattan,595
Manhattan,165
Manhattan,110
Manhattan,150
Manhattan,200
Manhattan,269
Manhattan,350
Manhattan,80
Manhattan,399
Manhattan,150
Manhattan,219
Manhattan,119
Manhattan,140
Manhattan,144
Manhattan,1899
Manhattan,110
Manhattan,140
Manhattan,94
Manhattan,50
Manhattan,145
Manhattan,145
Manhattan,175
Manhattan,109
Manhattan,150
Manhattan,399
Manhattan,465
Manhattan,235
Manhattan,300
Manhattan,82
Manhattan,82
Manhattan,145
Manhattan,95
Manhattan,350
Manhattan,175
Manhattan,250
Manhattan,93
Manhattan,93
Manhattan,199
Manhattan,125
Manhattan,125
Manhattan,169
Manhattan,61
Manhattan,190
Manhattan,185
Manhattan,85
Manhattan,75
Manhattan,280
Manhattan,210
Manhattan,250
Manhattan,199
Manhattan,219
Manhattan,220
Manhattan,120
Manhattan,105
Manhattan,265
Manhattan,54
Manhattan,800
Manhattan,99
Manhattan,120
Manhattan,169
Manhattan,180
Manhattan,111
Manhattan,90
Manhattan,89
Manhattan,75
Manhattan,217
Manhattan,350
Manhattan,160
Manhattan,260
Manhattan,75
Manhattan,200
Manhattan,200
Manhattan,285
Manhattan,120
Manhattan,120
Manhattan,210
Manhattan,110
Manhattan,90
Manhattan,95
Manhattan,110
Manhattan,99
Manhattan,100
Manhattan,99
Manhattan,270
Manhattan,160
Manhattan,65
Manhattan,125
Manhattan,112
Manhattan,232
Manhattan,140
Manhattan,5000
Manhattan,175
Manhattan,220
Manhattan,178
Manhattan,55
Manhattan,300
Manhattan,175
Manhattan,169
Manhattan,60
Manhattan,150
Manhattan,150
Manhattan,99
Manhattan,73
Manhattan,179
Manhattan,300
Manhattan,299
Manhattan,98
Manhattan,49
Manhattan,96
Manhattan,125
Manhattan,100
Manhattan,120
Manhattan,390
Manhattan,80
Manhattan,100
Manhattan,600
Manhattan,220
Manhattan,159
Manhattan,299
Manhattan,1100
Manhattan,140
Manhattan,138
Manhattan,69
Manhattan,269
Manhattan,150
Manhattan,121
Manhattan,89
Manhattan,135
Manhattan,175
Manhattan,156
Manhattan,79
Manhattan,104
Manhattan,80
Manhattan,550
Manhattan,199
Manhattan,100
Manhattan,125
Manhattan,99
Manhattan,90
Manhattan,350
Manhattan,125
Manhattan,155
Manhattan,250
Manhattan,300
Manhattan,120
Manhattan,240
Manhattan,72
Manhattan,100
Manhattan,175
Manhattan,200
Manhattan,420
Manhattan,295
Manhattan,99
Manhattan,160
Manhattan,400
Manhattan,85
Manhattan,69
Manhattan,10
Manhattan,249
Manhattan,79
Manhattan,194
Manhattan,150
Manhattan,80
Manhattan,155
Manhattan,150
Manhattan,140
Manhattan,150
Manhattan,380
Manhattan,125
Manhattan,200
Manhattan,80
Manhattan,185
Manhattan,1200
Manhattan,139
Manhattan,226
Manhattan,195
Manhattan,275
Manhattan,310
Manhattan,145
Manhattan,250
Manhattan,104
Manhattan,250
Manhattan,150
Manhattan,195
Manhattan,350
Manhattan,200
Manhattan,90
Manhattan,220
Manhattan,110
Manhattan,249
Manhattan,55
Manhattan,71
Manhattan,75
Manhattan,60
Manhattan,200
Manhattan,100
Manhattan,120
Manhattan,76
Manhattan,175
Manhattan,80
Manhattan,96
Manhattan,75
Manhattan,185
Manhattan,440
Manhattan,99
Manhattan,85
Manhattan,59
Manhattan,119
Manhattan,439
Manhattan,99
Manhattan,180
Manhattan,300
Manhattan,90
Manhattan,95
Manhattan,123
Manhattan,200
Manhattan,100
Manhattan,109
Manhattan,260
Manhattan,555
Manhattan,87
Manhattan,199
Manhattan,90
Manhattan,400
Manhattan,200
Manhattan,100
Manhattan,225
Manhattan,179
Manhattan,90
Manhattan,116
Manhattan,80
Manhattan,110
Manhattan,200
Manhattan,390
Manhattan,55
Manhattan,143
Manhattan,250
Manhattan,150
Manhattan,184
Manhattan,100
Manhattan,225
Manhattan,199
Manhattan,60
Manhattan,175
Manhattan,199
Manhattan,150
Manhattan,799
Manhattan,100
Manhattan,475
Manhattan,199
Manhattan,75
Manhattan,140
Manhattan,90
Manhattan,80
Manhattan,60
Manhattan,175
Manhattan,185
Manhattan,455
Manhattan,161
Manhattan,99
Manhattan,420
Manhattan,92
Manhattan,195
Manhattan,65
Manhattan,400
Manhattan,175
Manhattan,149
Manhattan,300
Manhattan,92
Manhattan,150
Manhattan,139
Manhattan,90
Manhattan,118
Manhattan,295
Manhattan,280
Manhattan,215
Manhattan,130
Manhattan,103
Manhattan,169
Manhattan,240
Manhattan,120
Manhattan,550
Manhattan,150
Manhattan,95
Manhattan,90
Manhattan,225
Manhattan,240
Manhattan,150
Manhattan,44
Manhattan,1700
Manhattan,299
Manhattan,525
Manhattan,600
Manhattan,139
Manhattan,200
Manhattan,100
Manhattan,209
Manhattan,90
Manhattan,200
Manhattan,145
Manhattan,199
Manhattan,85
Manhattan,195
Manhattan,173
Manhattan,225
Manhattan,130
Manhattan,249
Manhattan,125
Manhattan,245
Manhattan,160
Manhattan,200
Manhattan,84
Manhattan,99
Manhattan,399
Manhattan,249
Manhattan,75
Manhattan,499
Manhattan,228
Manhattan,119
Manhattan,189
Manhattan,350
Manhattan,175
Manhattan,140
Manhattan,45
Manhattan,90
Manhattan,225
Manhattan,195
Manhattan,60
Manhattan,450
Manhattan,80
Manhattan,140
Manhattan,45
Manhattan,175
Manhattan,40
Manhattan,85
Manhattan,175
Manhattan,105
Manhattan,249
Manhattan,90
Manhattan,174
Manhattan,150
Manhattan,295
Manhattan,172
Manhattan,52
Manhattan,50
Manhattan,85
Manhattan,90
Manhattan,200
Manhattan,200
Manhattan,200
Manhattan,130
Manhattan,150
Manhattan,150
Manhattan,100
Manhattan,195
Manhattan,251
Manhattan,146
Manhattan,499
Manhattan,220
Manhattan,102
Manhattan,120
Manhattan,170
Manhattan,235
Manhattan,149
Manhattan,99
Manhattan,150
Manhattan,106
Manhattan,250
Manhattan,150
Manhattan,189
Manhattan,1999
Manhattan,120
Manhattan,480
Manhattan,100
Manhattan,300
Manhattan,142
Manhattan,80
Manhattan,87
Manhattan,450
Manhattan,275
Manhattan,120
Manhattan,145
Manhattan,175
Manhattan,137
Manhattan,1500
Manhattan,86
Manhattan,345
Manhattan,150
Manhattan,250
Manhattan,90
Manhattan,225
Manhattan,1000
Manhattan,120
Manhattan,150
Manhattan,162
Manhattan,95
Manhattan,55
Manhattan,117
Manhattan,175
Manhattan,189
Manhattan,150
Manhattan,45
Manhattan,850
Manhattan,115
Manhattan,300
Manhattan,159
Manhattan,500
Manhattan,39
Manhattan,250
Manhattan,250
Manhattan,120
Manhattan,105
Manhattan,175
Manhattan,120
Manhattan,320
Manhattan,400
Manhattan,300
Manhattan,115
Manhattan,100
Manhattan,150
Manhattan,95
Manhattan,290
Manhattan,140
Manhattan,500
Manhattan,80
Manhattan,395
Manhattan,100
Manhattan,100
Manhattan,98
Manhattan,345
Manhattan,250
Manhattan,350
Manhattan,1000
Manhattan,125
Manhattan,145
Manhattan,150
Manhattan,115
Manhattan,110
Manhattan,199
Manhattan,272
Manhattan,75
Manhattan,69
Manhattan,179
Manhattan,106
Manhattan,800
Manhattan,100
Manhattan,120
Manhattan,75
Manhattan,45
Manhattan,75
Manhattan,79
Manhattan,599
Manhattan,199
Manhattan,175
Manhattan,100
Manhattan,175
Manhattan,80
Manhattan,110
Manhattan,190
Manhattan,150
Manhattan,150
Manhattan,128
Manhattan,299
Manhattan,169
Manhattan,109
Manhattan,239
Manhattan,119
Manhattan,220
Manhattan,150
Manhattan,139
Manhattan,255
Manhattan,179
Manhattan,135
Manhattan,150
Manhattan,375
Manhattan,150
Manhattan,175
Manhattan,140
Manhattan,200
Manhattan,560
Manhattan,240
Manhattan,195
Manhattan,89
Manhattan,156
Manhattan,120
Manhattan,400
Manhattan,300
Manhattan,6000
Manhattan,55
Manhattan,85
Manhattan,100
Manhattan,145
Manhattan,200
Manhattan,80
Manhattan,200
Manhattan,325
Manhattan,180
Manhattan,379
Manhattan,150
Manhattan,98
Manhattan,250
Manhattan,90
Manhattan,180
Manhattan,110
Manhattan,210
Manhattan,900
Manhattan,225
Manhattan,62
Manhattan,125
Manhattan,106
Manhattan,93
Manhattan,85
Manhattan,300
Manhattan,224
Manhattan,135
Manhattan,97
Manhattan,69
Manhattan,900
Manhattan,215
Manhattan,850
Manhattan,2000
Manhattan,303
Manhattan,750
Manhattan,130
Manhattan,575
Manhattan,190
Manhattan,599
Manhattan,99
Manhattan,100
Manhattan,200
Manhattan,60
Manhattan,2000
Manhattan,90
Manhattan,340
Manhattan,112
Manhattan,160
Manhattan,165
Manhattan,80
Manhattan,850
Manhattan,950
Manhattan,1500
Manhattan,160
Manhattan,300
Manhattan,100
Manhattan,49
Manhattan,675
Manhattan,150
Manhattan,300
Manhattan,79
Manhattan,225
Manhattan,300
Manhattan,80
Manhattan,90
Manhattan,325
Manhattan,55
Manhattan,208
Manhattan,156
Manhattan,180
Manhattan,140
Manhattan,160
Manhattan,130
Manhattan,110
Manhattan,150
Manhattan,149
Manhattan,900
Manhattan,215
Manhattan,155
Manhattan,65
Manhattan,250
Manhattan,99
Manhattan,395
Manhattan,185
Manhattan,1500
Manhattan,60
Manhattan,749
Manhattan,55
Manhattan,1000
Manhattan,165
Manhattan,285
Manhattan,220
Manhattan,4000
Manhattan,650
Manhattan,750
Manhattan,95
Manhattan,1000
Manhattan,119
Manhattan,200
Manhattan,30
Manhattan,105
Manhattan,420
Manhattan,250
Manhattan,100
Manhattan,395
Manhattan,180
Manhattan,380
Manhattan,300
Manhattan,5250
Manhattan,1500
Manhattan,125
Manhattan,1500
Manhattan,110
Manhattan,1000
Manhattan,375
Manhattan,1000
Manhattan,1500
Manhattan,1550
Manhattan,89
Manhattan,129
Manhattan,500
Manhattan,500
Manhattan,250
Manhattan,250
Manhattan,175
Manhattan,400
Manhattan,130
Manhattan,100
Manhattan,289
Manhattan,67
Manhattan,221
Manhattan,750
Manhattan,350
Manhattan,425
Manhattan,200
Manhattan,1000
Manhattan,1250
Manhattan,112
Manhattan,175
Manhattan,150
Manhattan,369
Manhattan,81
Manhattan,400
Manhattan,150
Manhattan,199
Manhattan,395
Manhattan,150
Manhattan,175
Manhattan,2750
Manhattan,90
Manhattan,1500
Manhattan,2500
Manhattan,350
Manhattan,3750
Manhattan,250
Manhattan,800
Manhattan,1600
Manhattan,85
Manhattan,750
Manhattan,100
Manhattan,152
Manhattan,110
Manhattan,1000
Manhattan,135
Manhattan,75
Manhattan,600
Manhattan,800
Manhattan,200
Manhattan,1000
Manhattan,70
Manhattan,425
Manhattan,975
Manhattan,220
Manhattan,150
Manhattan,650
Manhattan,350
Manhattan,225
Manhattan,75
Manhattan,150
Manhattan,199
Manhattan,200
Manhattan,60
Manhattan,130
Manhattan,115
Manhattan,135
Manhattan,300
Manhattan,400
Manhattan,200
Manhattan,180
Manhattan,40
Manhattan,85
Manhattan,70
Manhattan,200
Manhattan,250
Manhattan,155
Manhattan,200
Manhattan,60
Manhattan,150
Manhattan,200
Manhattan,100
Manhattan,195
Manhattan,400
Manhattan,75
Manhattan,40
Manhattan,400
Manhattan,98
Manhattan,185
Manhattan,125
Manhattan,115
Manhattan,179
Manhattan,124
Manhattan,159
Manhattan,110
Manhattan,500
Manhattan,65
Manhattan,112
Manhattan,220
Manhattan,195
Manhattan,65
Manhattan,123
Manhattan,450
Manhattan,650
Manhattan,125
Manhattan,60
Manhattan,279
Manhattan,80
Manhattan,84
Manhattan,130
Manhattan,150
Manhattan,180
Manhattan,133
Manhattan,99
Manhattan,72
Manhattan,250
Manhattan,200
Manhattan,200
Manhattan,124
Manhattan,92
Manhattan,175
Manhattan,400
Manhattan,152
Manhattan,169
Manhattan,60
Manhattan,180
Manhattan,84
Manhattan,119
Manhattan,141
Manhattan,199
Manhattan,150
Manhattan,100
Manhattan,600
Manhattan,399
Manhattan,145
Manhattan,145
Manhattan,245
Manhattan,149
Manhattan,110
Manhattan,160
Manhattan,175
Manhattan,129
Manhattan,99
Manhattan,210
Manhattan,65
Manhattan,91
Manhattan,124
Manhattan,200
Manhattan,150
Manhattan,99
Manhattan,130
Manhattan,109
Manhattan,75
Manhattan,95
Manhattan,68
Manhattan,104
Manhattan,55
Manhattan,90
Manhattan,90
Manhattan,199
Manhattan,275
Manhattan,150
Manhattan,120
Manhattan,85
Manhattan,99
Manhattan,450
Manhattan,103
Manhattan,117
Manhattan,150
Manhattan,145
Manhattan,90
Manhattan,90
Manhattan,145
Manhattan,139
Manhattan,117
Manhattan,80
Manhattan,70
Manhattan,290
Manhattan,120
Manhattan,142
Manhattan,105
Manhattan,100
Manhattan,102
Manhattan,83
Manhattan,200
Manhattan,160
Manhattan,159
Manhattan,90
Manhattan,100
Manhattan,100
Manhattan,80
Manhattan,2300
Manhattan,140
Manhattan,200
Manhattan,200
Manhattan,425
Manhattan,65
Manhattan,109
Manhattan,140
Manhattan,105
Manhattan,100
Manhattan,70
Manhattan,180
Manhattan,225
Manhattan,85
Manhattan,125
Manhattan,99
Manhattan,99
Manhattan,85
Manhattan,90
Manhattan,130
Manhattan,95
Manhattan,140
Manhattan,200
Manhattan,275
Manhattan,250
Manhattan,110
Manhattan,75
Manhattan,90
Manhattan,140
Manhattan,100
Manhattan,189
Manhattan,265
Manhattan,409
Manhattan,175
Manhattan,200
Manhattan,200
Manhattan,95
Manhattan,117
Manhattan,59
Manhattan,85
Manhattan,78
Manhattan,150
Manhattan,150
Manhattan,70
Manhattan,155
Manhattan,68
Manhattan,150
Manhattan,100
Manhattan,110
Manhattan,218
Manhattan,430
Manhattan,120
Manhattan,120
Manhattan,250
Manhattan,200
Manhattan,75
Manhattan,189
Manhattan,100
Manhattan,300
Manhattan,53
Manhattan,179
Manhattan,105
Manhattan,200
Manhattan,39
Manhattan,67
Manhattan,200
Manhattan,100
Manhattan,55
Manhattan,240
Manhattan,150
Manhattan,299
Manhattan,299
Manhattan,100
Manhattan,45
Manhattan,185
Manhattan,650
Manhattan,111
Manhattan,99
Manhattan,103
Manhattan,109
Manhattan,72
Manhattan,119
Manhattan,75
Manhattan,125
Manhattan,150
Manhattan,385
Manhattan,180
Manhattan,130
Manhattan,113
Manhattan,250
Manhattan,325
Manhattan,200
Manhattan,200
Manhattan,87
Manhattan,110
Manhattan,250
Manhattan,250
Manhattan,130
Manhattan,240
Manhattan,195
Manhattan,200
Manhattan,120
Manhattan,200
Manhattan,100
Manhattan,225
Manhattan,60
Manhattan,250
Manhattan,169
Manhattan,290
Manhattan,140
Manhattan,115
Manhattan,160
Manhattan,175
Manhattan,120
Manhattan,68
Manhattan,235
Manhattan,161
Manhattan,155
Manhattan,95
Manhattan,125
Manhattan,118
Manhattan,80
Manhattan,118
Manhattan,110
Manhattan,116
Manhattan,39
Manhattan,600
Manhattan,130
Manhattan,185
Manhattan,180
Manhattan,350
Manhattan,50
Manhattan,190
Manhattan,110
Manhattan,150
Manhattan,93
Manhattan,70
Manhattan,115
Manhattan,249
Manhattan,150
Manhattan,77
Manhattan,225
Manhattan,100
Manhattan,87
Manhattan,300
Manhattan,55
Manhattan,120
Manhattan,40
Manhattan,115
Manhattan,93
Manhattan,37
Manhattan,130
Manhattan,200
Manhattan,220
Manhattan,250
Manhattan,103
Manhattan,108
Manhattan,75
Manhattan,150
Manhattan,320
Manhattan,950
Manhattan,120
Manhattan,100
Manhattan,100
Manhattan,84
Manhattan,100
Manhattan,120
Manhattan,50
Manhattan,325
Manhattan,750
Manhattan,124
Manhattan,215
Manhattan,240
Manhattan,150
Manhattan,160
Manhattan,200
Manhattan,87
Manhattan,125
Manhattan,250
Manhattan,147
Manhattan,150
Manhattan,199
Manhattan,500
Manhattan,110
Manhattan,115
Manhattan,100
Manhattan,171
Manhattan,200
Manhattan,275
Manhattan,429
Manhattan,175
Manhattan,100
Manhattan,70
Manhattan,175
Manhattan,195
Manhattan,175
Manhattan,345
Manhattan,280
Manhattan,120
Manhattan,89
Manhattan,85
Manhattan,220
Manhattan,125
Manhattan,189
Manhattan,81
Manhattan,45
Manhattan,62
Manhattan,80
Manhattan,65
Manhattan,125
Manhattan,90
Manhattan,200
Manhattan,149
Manhattan,150
Manhattan,52
Manhattan,175
Manhattan,60
Manhattan,45
Manhattan,89
Manhattan,200
Manhattan,80
Manhattan,78
Manhattan,289
Manhattan,50
Manhattan,234
Manhattan,69
Manhattan,135
Manhattan,16
Manhattan,250
Manhattan,140
Manhattan,175
Manhattan,200
Manhattan,90
Manhattan,200
Manhattan,170
Manhattan,500
Manhattan,288
Manhattan,80
Manhattan,166
Manhattan,330
Manhattan,130
Manhattan,165
Manhattan,155
Manhattan,119
Manhattan,125
Manhattan,99
Manhattan,250
Manhattan,135
Manhattan,275
Manhattan,180
Manhattan,189
Manhattan,145
Manhattan,100
Manhattan,240
Manhattan,250
Manhattan,44
Manhattan,785
Manhattan,130
Manhattan,145
Manhattan,90
Manhattan,100
Manhattan,185
Manhattan,160
Manhattan,93
Manhattan,300
Manhattan,370
Manhattan,425
Manhattan,125
Manhattan,179
Manhattan,80
Manhattan,200
Manhattan,300
Manhattan,22
Manhattan,125
Manhattan,185
Manhattan,175
Manhattan,225
Manhattan,150
Manhattan,400
Manhattan,88
Manhattan,300
Manhattan,165
Manhattan,84
Manhattan,300
Manhattan,149
Manhattan,249
Manhattan,69
Manhattan,69
Manhattan,54
Manhattan,50
Manhattan,51
Manhattan,99
Manhattan,290
Manhattan,135
Manhattan,110
Manhattan,205
Manhattan,95
Manhattan,39
Manhattan,349
Manhattan,290
Manhattan,146
Manhattan,750
Manhattan,180
Manhattan,150
Manhattan,122
Manhattan,400
Manhattan,80
Manhattan,150
Manhattan,200
Manhattan,99
Manhattan,60
Manhattan,225
Manhattan,175
Manhattan,255
Manhattan,215
Manhattan,200
Manhattan,110
Manhattan,115
Manhattan,75
Manhattan,289
Manhattan,95
Manhattan,197
Manhattan,150
Manhattan,225
Manhattan,70
Manhattan,264
Manhattan,199
Manhattan,299
Manhattan,69
Manhattan,179
Manhattan,175
Manhattan,150
Manhattan,350
Manhattan,135
Manhattan,146
Manhattan,184
Manhattan,85
Manhattan,170
Manhattan,350
Manhattan,199
Manhattan,80
Manhattan,275
Manhattan,84
Manhattan,90
Manhattan,87
Manhattan,80
Manhattan,175
Manhattan,140
Manhattan,129
Manhattan,159
Manhattan,249
Manhattan,135
Manhattan,151
Manhattan,600
Manhattan,273
Manhattan,70
Manhattan,95
Manhattan,110
Manhattan,110
Manhattan,69
Manhattan,150
Manhattan,170
Manhattan,125
Manhattan,130
Manhattan,145
Manhattan,95
Manhattan,80
Manhattan,100
Manhattan,75
Manhattan,200
Manhattan,180
Manhattan,69
Manhattan,200
Manhattan,70
Manhattan,200
Manhattan,308
Manhattan,270
Manhattan,365
Manhattan,175
Manhattan,220
Manhattan,80
Manhattan,60
Manhattan,120
Manhattan,100
Manhattan,138
Manhattan,230
Manhattan,225
Manhattan,150
Manhattan,140
Manhattan,150
Manhattan,200
Manhattan,45
Manhattan,85
Manhattan,148
Manhattan,250
Manhattan,160
Manhattan,50
Manhattan,145
Manhattan,94
Manhattan,180
Manhattan,80
Manhattan,120
Manhattan,165
Manhattan,59
Manhattan,150
Manhattan,139
Manhattan,65
Manhattan,65
Manhattan,299
Manhattan,135
Manhattan,75
Manhattan,50
Manhattan,58
Manhattan,125
Manhattan,130
Manhattan,104
Manhattan,199
Manhattan,250
Manhattan,55
Manhattan,150
Manhattan,159
Manhattan,95
Manhattan,85
Manhattan,160
Manhattan,150
Manhattan,115
Manhattan,110
Manhattan,75
Manhattan,250
Manhattan,69
Manhattan,150
Manhattan,175
Manhattan,191
Manhattan,200
Manhattan,250
Manhattan,118
Manhattan,95
Manhattan,99
Manhattan,350
Manhattan,70
Manhattan,175
Manhattan,200
Manhattan,190
Manhattan,197
Manhattan,180
Manhattan,73
Manhattan,87
Manhattan,74
Manhattan,199
Manhattan,160
Manhattan,200
Manhattan,195
Manhattan,190
Manhattan,100
Manhattan,72
Manhattan,129
Manhattan,185
Manhattan,200
Manhattan,136
Manhattan,92
Manhattan,125
Manhattan,82
Manhattan,150
Manhattan,71
Manhattan,390
Manhattan,80
Manhattan,95
Manhattan,149
Manhattan,200
Manhattan,69
Manhattan,85
Manhattan,219
Manhattan,95
Manhattan,105
Manhattan,200
Manhattan,110
Manhattan,150
Manhattan,85
Manhattan,70
Manhattan,95
Manhattan,95
Manhattan,350
Manhattan,130
Manhattan,120
Manhattan,115
Manhattan,150
Manhattan,170
Manhattan,104
Manhattan,99
Manhattan,85
Manhattan,400
Manhattan,100
Manhattan,72
Manhattan,170
Manhattan,39
Manhattan,200
Manhattan,200
Manhattan,260
Manhattan,195
Manhattan,99
Manhattan,52
Manhattan,130
Manhattan,325
Manhattan,68
Manhattan,87
Manhattan,124
Manhattan,169
Manhattan,87
Manhattan,150
Manhattan,95
Manhattan,200
Manhattan,120
Manhattan,325
Manhattan,165
Manhattan,140
Manhattan,169
Manhattan,190
Manhattan,125
Manhattan,349
Manhattan,265
Manhattan,115
Manhattan,145
Manhattan,225
Manhattan,249
Manhattan,100
Manhattan,150
Manhattan,80
Manhattan,200
Manhattan,120
Manhattan,149
Manhattan,130
Manhattan,65
Manhattan,200
Manhattan,99
Manhattan,105
Manhattan,175
Manhattan,860
Manhattan,200
Manhattan,98
Manhattan,87
Manhattan,150
Manhattan,185
Manhattan,225
Manhattan,110
Manhattan,145
Manhattan,250
Manhattan,200
Manhattan,250
Manhattan,229
Manhattan,129
Manhattan,250
Manhattan,168
Manhattan,80
Manhattan,95
Manhattan,180
Manhattan,195
Manhattan,299
Manhattan,139
Manhattan,200
Manhattan,200
Manhattan,129
Manhattan,200
Manhattan,199
Manhattan,150
Manhattan,120
Manhattan,45
Manhattan,45
Manhattan,84
Manhattan,130
Manhattan,150
Manhattan,300
Manhattan,113
Manhattan,145
Manhattan,90
Manhattan,95
Manhattan,118
Manhattan,225
Manhattan,99
Manhattan,140
Manhattan,275
Manhattan,117
Manhattan,80
Manhattan,90
Manhattan,225
Manhattan,125
Manhattan,195
Manhattan,130
Manhattan,200
Manhattan,95
Manhattan,189
Manhattan,450
Manhattan,264
Manhattan,540
Manhattan,230
Manhattan,160
Manhattan,39
Manhattan,110
Manhattan,100
Manhattan,225
Manhattan,150
Manhattan,250
Manhattan,129
Manhattan,90
Manhattan,50
Manhattan,140
Manhattan,233
Manhattan,170
Manhattan,150
Manhattan,50
Manhattan,240
Manhattan,1400
Manhattan,88
Manhattan,75
Manhattan,500
Manhattan,125
Manhattan,75
Manhattan,130
Manhattan,170
Manhattan,300
Manhattan,180
Manhattan,226
Manhattan,115
Manhattan,600
Manhattan,200
Manhattan,115
Manhattan,275
Manhattan,95
Manhattan,55
Manhattan,350
Manhattan,170
Manhattan,36
Manhattan,90
Manhattan,129
Manhattan,120
Manhattan,99
Manhattan,16
Manhattan,75
Manhattan,59
Manhattan,111
Manhattan,80
Manhattan,50
Manhattan,300
Manhattan,119
Manhattan,260
Manhattan,85
Manhattan,135
Manhattan,45
Manhattan,125
Manhattan,383
Manhattan,170
Manhattan,45
Manhattan,199
Manhattan,99
Manhattan,105
Manhattan,145
Manhattan,80
Manhattan,120
Manhattan,125
Manhattan,225
Manhattan,130
Manhattan,200
Manhattan,160
Manhattan,125
Manhattan,105
Manhattan,80
Manhattan,72
Manhattan,85
Manhattan,65
Manhattan,100
Manhattan,149
Manhattan,170
Manhattan,150
Manhattan,75
Manhattan,100
Manhattan,200
Manhattan,145
Manhattan,175
Manhattan,175
Manhattan,175
Manhattan,90
Manhattan,70
Manhattan,90
Manhattan,200
Manhattan,135
Manhattan,419
Manhattan,160
Manhattan,115
Manhattan,100
Manhattan,135
Manhattan,103
Manhattan,250
Manhattan,219
Manhattan,99
Manhattan,90
Manhattan,119
Manhattan,250
Manhattan,79
Manhattan,131
Manhattan,99
Manhattan,500
Manhattan,150
Manhattan,125
Manhattan,145
Manhattan,86
Manhattan,139
Manhattan,94
Manhattan,200
Manhattan,100
Manhattan,900
Manhattan,92
Manhattan,160
Manhattan,350
Manhattan,160
Manhattan,270
Manhattan,180
Manhattan,350
Manhattan,225
Manhattan,40
Manhattan,75
Manhattan,109
Manhattan,110
Manhattan,159
Manhattan,225
Manhattan,88
Manhattan,395
Manhattan,150
Manhattan,250
Manhattan,260
Manhattan,55
Manhattan,275
Manhattan,110
Manhattan,280
Manhattan,41
Manhattan,195
Manhattan,250
Manhattan,96
Manhattan,98
Manhattan,175
Manhattan,120
Manhattan,89
Manhattan,150
Manhattan,149
Manhattan,225
Manhattan,2695
Manhattan,150
Manhattan,70
Manhattan,100
Manhattan,112
Manhattan,300
Manhattan,260
Manhattan,215
Manhattan,200
Manhattan,1000
Manhattan,120
Manhattan,310
Manhattan,75
Manhattan,165
Manhattan,180
Manhattan,149
Manhattan,200
Manhattan,160
Manhattan,199
Manhattan,140
Manhattan,199
Manhattan,190
Manhattan,145
Manhattan,150
Manhattan,450
Manhattan,75
Manhattan,259
Manhattan,75
Manhattan,199
Manhattan,125
Manhattan,100
Manhattan,149
Manhattan,128
Manhattan,110
Manhattan,650
Manhattan,133
Manhattan,149
Manhattan,210
Manhattan,200
Manhattan,110
Manhattan,375
Manhattan,95
Manhattan,94
Manhattan,160
Manhattan,132
Manhattan,100
Manhattan,57
Manhattan,107
Manhattan,2000
Manhattan,150
Manhattan,65
Manhattan,66
Manhattan,64
Manhattan,146
Manhattan,199
Manhattan,180
Manhattan,350
Manhattan,120
Manhattan,105
Manhattan,160
Manhattan,215
Manhattan,200
Manhattan,120
Manhattan,198
Manhattan,248
Manhattan,180
Manhattan,275
Manhattan,230
Manhattan,180
Manhattan,175
Manhattan,169
Manhattan,87
Manhattan,130
Manhattan,115
Manhattan,200
Manhattan,125
Manhattan,89
Manhattan,130
Manhattan,295
Manhattan,110
Manhattan,115
Manhattan,109
Manhattan,295
Manhattan,79
Manhattan,60
Manhattan,425
Manhattan,250
Manhattan,250
Manhattan,97
Manhattan,115
Manhattan,200
Manhattan,250
Manhattan,200
Manhattan,90
Manhattan,290
Manhattan,195
Manhattan,70
Manhattan,150
Manhattan,300
Manhattan,105
Manhattan,360
Manhattan,165
Manhattan,325
Manhattan,105
Manhattan,57
Manhattan,100
Manhattan,229
Manhattan,99
Manhattan,300
Manhattan,200
Manhattan,350
Manhattan,80
Manhattan,180
Manhattan,160
Manhattan,115
Manhattan,250
Manhattan,130
Manhattan,159
Manhattan,92
Manhattan,195
Manhattan,175
Manhattan,175
Manhattan,165
Manhattan,345
Manhattan,300
Manhattan,325
Manhattan,249
Manhattan,699
Manhattan,195
Manhattan,165
Manhattan,65
Manhattan,550
Manhattan,149
Manhattan,495
Manhattan,200
Manhattan,69
Manhattan,71
Manhattan,250
Manhattan,225
Manhattan,170
Manhattan,199
Manhattan,175
Manhattan,100
Manhattan,150
Manhattan,130
Manhattan,150
Manhattan,250
Manhattan,300
Manhattan,130
Manhattan,225
Manhattan,149
Manhattan,320
Manhattan,75
Manhattan,97
Manhattan,80
Manhattan,275
Manhattan,247
Manhattan,180
Manhattan,69
Manhattan,150
Manhattan,140
Manhattan,205
Manhattan,148
Manhattan,299
Manhattan,49
Manhattan,150
Manhattan,195
Manhattan,97
Manhattan,67
Manhattan,29
Manhattan,120
Manhattan,250
Manhattan,200
Manhattan,125
Manhattan,180
Manhattan,66
Manhattan,200
Manhattan,80
Manhattan,400
Manhattan,85
Manhattan,150
Manhattan,99
Manhattan,205
Manhattan,220
Manhattan,75
Manhattan,120
Manhattan,108
Manhattan,55
Manhattan,205
Manhattan,129
Manhattan,150
Manhattan,110
Manhattan,69
Manhattan,90
Manhattan,125
Manhattan,215
Manhattan,107
Manhattan,89
Manhattan,175
Manhattan,450
Manhattan,100
Manhattan,160
Manhattan,299
Manhattan,165
Manhattan,145
Manhattan,239
Manhattan,76
Manhattan,65
Manhattan,60
Manhattan,125
Manhattan,80
Manhattan,200
Manhattan,180
Manhattan,260
Manhattan,1500
Manhattan,400
Manhattan,225
Manhattan,205
Manhattan,150
Manhattan,110
Manhattan,155
Manhattan,300
Manhattan,67
Manhattan,120
Manhattan,129
Manhattan,219
Manhattan,185
Manhattan,350
Manhattan,170
Manhattan,250
Manhattan,250
Manhattan,150
Manhattan,79
Manhattan,100
Manhattan,272
Manhattan,85
Manhattan,350
Manhattan,249
Manhattan,450
Manhattan,60
Manhattan,199
Manhattan,260
Manhattan,140
Manhattan,185
Manhattan,399
Manhattan,100
Manhattan,147
Manhattan,90
Manhattan,105
Manhattan,107
Manhattan,100
Manhattan,175
Manhattan,125
Manhattan,84
Manhattan,129
Manhattan,65
Manhattan,100
Manhattan,225
Manhattan,139
Manhattan,142
Manhattan,140
Manhattan,325
Manhattan,350
Manhattan,89
Manhattan,65
Manhattan,160
Manhattan,109
Manhattan,189
Manhattan,140
Manhattan,80
Manhattan,230
Manhattan,450
Manhattan,895
Manhattan,170
Manhattan,70
Manhattan,45
Manhattan,600
Manhattan,79
Manhattan,55
Manhattan,275
Manhattan,50
Manhattan,125
Manhattan,99
Manhattan,115
Manhattan,199
Manhattan,385
Manhattan,125
Manhattan,80
Manhattan,600
Manhattan,56
Manhattan,70
Manhattan,70
Manhattan,150
Manhattan,112
Manhattan,145
Manhattan,99
Manhattan,110
Manhattan,180
Manhattan,250
Manhattan,250
Manhattan,60
Manhattan,95
Manhattan,138
Manhattan,200
Manhattan,64
Manhattan,120
Manhattan,235
Manhattan,60
Manhattan,90
Manhattan,125
Manhattan,225
Manhattan,150
Manhattan,175
Manhattan,200
Manhattan,115
Manhattan,99
Manhattan,120
Manhattan,80
Manhattan,170
Manhattan,249
Manhattan,160
Manhattan,125
Manhattan,500
Manhattan,170
Manhattan,150
Manhattan,80
Manhattan,1000
Manhattan,175
Manhattan,250
Manhattan,93
Manhattan,75
Manhattan,1000
Manhattan,130
Manhattan,199
Manhattan,55
Manhattan,299
Manhattan,95
Manhattan,375
Manhattan,50
Manhattan,9999
Manhattan,40
Manhattan,65
Manhattan,100
Manhattan,258
Manhattan,120
Manhattan,154
Manhattan,145
Manhattan,250
Manhattan,155
Manhattan,75
Manhattan,225
Manhattan,125
Manhattan,200
Manhattan,90
Manhattan,125
Manhattan,70
Manhattan,199
Manhattan,110
Manhattan,239
Manhattan,300
Manhattan,70
Manhattan,70
Manhattan,200
Manhattan,220
Manhattan,250
Manhattan,50
Manhattan,73
Manhattan,100
Manhattan,52
Manhattan,80
Manhattan,198
Manhattan,185
Manhattan,40
Manhattan,49
Manhattan,400
Manhattan,250
Manhattan,215
Manhattan,235
Manhattan,2400
Manhattan,35
Manhattan,59
Manhattan,65
Manhattan,180
Manhattan,175
Manhattan,225
Manhattan,99
Manhattan,90
Manhattan,125
Manhattan,149
Manhattan,200
Manhattan,110
Manhattan,315
Manhattan,175
Manhattan,59
Manhattan,139
Manhattan,250
Manhattan,105
Manhattan,200
Manhattan,60
Manhattan,100
Manhattan,85
Manhattan,275
Manhattan,105
Manhattan,250
Manhattan,180
Manhattan,175
Manhattan,95
Manhattan,119
Manhattan,165
Manhattan,225
Manhattan,80
Manhattan,149
Manhattan,95
Manhattan,125
Manhattan,95
Manhattan,85
Manhattan,95
Manhattan,85
Manhattan,100
Manhattan,129
Manhattan,159
Manhattan,90
Manhattan,99
Manhattan,185
Manhattan,86
Manhattan,40
Manhattan,35
Manhattan,117
Manhattan,70
Manhattan,169
Manhattan,99
Manhattan,200
Manhattan,125
Manhattan,180
Manhattan,99
Manhattan,225
Manhattan,100
Manhattan,180
Manhattan,80
Manhattan,80
Manhattan,85
Manhattan,175
Manhattan,65
Manhattan,150
Manhattan,200
Manhattan,200
Manhattan,50
Manhattan,160
Manhattan,200
Manhattan,300
Manhattan,200
Manhattan,260
Manhattan,150
Manhattan,110
Manhattan,81
Manhattan,97
Manhattan,600
Manhattan,90
Manhattan,145
Manhattan,130
Manhattan,255
Manhattan,90
Manhattan,75
Manhattan,130
Manhattan,94
Manhattan,225
Manhattan,180
Manhattan,150
Manhattan,105
Manhattan,140
Manhattan,275
Manhattan,125
Manhattan,100
Manhattan,200
Manhattan,125
Manhattan,300
Manhattan,159
Manhattan,225
Manhattan,300
Manhattan,180
Manhattan,120
Manhattan,90
Manhattan,250
Manhattan,71
Manhattan,109
Manhattan,70
Manhattan,109
Manhattan,120
Manhattan,80
Manhattan,175
Manhattan,165
Manhattan,265
Manhattan,130
Manhattan,225
Manhattan,150
Manhattan,380
Manhattan,110
Manhattan,175
Manhattan,78
Manhattan,250
Manhattan,125
Manhattan,175
Manhattan,205
Manhattan,99
Manhattan,50
Manhattan,125
Manhattan,175
Manhattan,85
Manhattan,125
Manhattan,346
Manhattan,99
Manhattan,150
Manhattan,85
Manhattan,155
Manhattan,59
Manhattan,115
Manhattan,175
Manhattan,149
Manhattan,80
Manhattan,89
Manhattan,123
Manhattan,78
Manhattan,180
Manhattan,99
Manhattan,300
Manhattan,87
Manhattan,130
Manhattan,156
Manhattan,450
Manhattan,100
Manhattan,75
Manhattan,84
Manhattan,69
Manhattan,200
Manhattan,170
Manhattan,150
Manhattan,95
Manhattan,375
Manhattan,120
Manhattan,84
Manhattan,549
Manhattan,140
Manhattan,125
Manhattan,135
Manhattan,120
Manhattan,150
Manhattan,100
Manhattan,760
Manhattan,150
Manhattan,169
Manhattan,85
Manhattan,350
Manhattan,1000
Manhattan,125
Manhattan,290
Manhattan,229
Manhattan,350
Manhattan,250
Manhattan,105
Manhattan,65
Manhattan,75
Manhattan,69
Manhattan,150
Manhattan,125
Manhattan,795
Manhattan,80
Manhattan,80
Manhattan,75
Manhattan,500
Manhattan,135
Manhattan,250
Manhattan,80
Manhattan,249
Manhattan,155
Manhattan,150
Manhattan,89
Manhattan,80
Manhattan,77
Manhattan,165
Manhattan,139
Manhattan,250
Manhattan,177
Manhattan,150
Manhattan,125
Manhattan,150
Manhattan,165
Manhattan,175
Manhattan,250
Manhattan,100
Manhattan,99
Manhattan,83
Manhattan,180
Manhattan,150
Manhattan,275
Manhattan,245
Manhattan,120
Manhattan,135
Manhattan,150
Manhattan,61
Manhattan,115
Manhattan,185
Manhattan,79
Manhattan,140
Manhattan,198
Manhattan,117
Manhattan,125
Manhattan,510
Manhattan,170
Manhattan,65
Manhattan,115
Manhattan,135
Manhattan,115
Manhattan,45
Manhattan,199
Manhattan,100
Manhattan,195
Manhattan,180
Manhattan,110
Manhattan,63
Manhattan,58
Manhattan,70
Manhattan,145
Manhattan,158
Manhattan,99
Manhattan,85
Manhattan,230
Manhattan,150
Manhattan,225
Manhattan,115
Manhattan,149
Manhattan,150
Manhattan,89
Manhattan,150
Manhattan,55
Manhattan,139
Manhattan,249
Manhattan,150
Manhattan,289
Manhattan,75
Manhattan,75
Manhattan,1450
Manhattan,50
Manhattan,250
Manhattan,115
Manhattan,60
Manhattan,135
Manhattan,50
Manhattan,149
Manhattan,150
Manhattan,95
Manhattan,115
Manhattan,130
Manhattan,125
Manhattan,110
Manhattan,196
Manhattan,400
Manhattan,140
Manhattan,175
Manhattan,281
Manhattan,65
Manhattan,59
Manhattan,229
Manhattan,190
Manhattan,109
Manhattan,37
Manhattan,124
Manhattan,160
Manhattan,175
Manhattan,150
Manhattan,65
Manhattan,176
Manhattan,125
Manhattan,87
Manhattan,110
Manhattan,159
Manhattan,199
Manhattan,199
Manhattan,100
Manhattan,54
Manhattan,250
Manhattan,200
Manhattan,200
Manhattan,99
Manhattan,250
Manhattan,59
Manhattan,170
Manhattan,49
Manhattan,250
Manhattan,110
Manhattan,250
Manhattan,71
Manhattan,169
Manhattan,149
Manhattan,89
Manhattan,28
Manhattan,250
Manhattan,70
Manhattan,150
Manhattan,130
Manhattan,185
Manhattan,195
Manhattan,99
Manhattan,499
Manhattan,100
Manhattan,134
Manhattan,185
Manhattan,115
Manhattan,200
Manhattan,110
Manhattan,150
Manhattan,140
Manhattan,825
Manhattan,175
Manhattan,250
Manhattan,136
Manhattan,55
Manhattan,185
Manhattan,103
Manhattan,200
Manhattan,145
Manhattan,151
Manhattan,98
Manhattan,185
Manhattan,229
Manhattan,80
Manhattan,100
Manhattan,120
Manhattan,524
Manhattan,60
Manhattan,200
Manhattan,169
Manhattan,80
Manhattan,72
Manhattan,250
Manhattan,73
Manhattan,100
Manhattan,295
Manhattan,160
Manhattan,199
Manhattan,195
Manhattan,80
Manhattan,145
Manhattan,80
Manhattan,300
Manhattan,75
Manhattan,180
Manhattan,62
Manhattan,750
Manhattan,31
Manhattan,99
Manhattan,150
Manhattan,100
Manhattan,150
Manhattan,200
Manhattan,140
Manhattan,250
Manhattan,99
Manhattan,250
Manhattan,95
Manhattan,59
Manhattan,115
Manhattan,146
Manhattan,160
Manhattan,149
Manhattan,100
Manhattan,220
Manhattan,65
Manhattan,75
Manhattan,325
Manhattan,120
Manhattan,125
Manhattan,100
Manhattan,70
Manhattan,110
Manhattan,60
Manhattan,81
Manhattan,80
Manhattan,200
Manhattan,100
Manhattan,400
Manhattan,110
Manhattan,89
Manhattan,75
Manhattan,2000
Manhattan,475
Manhattan,230
Manhattan,49
Manhattan,125
Manhattan,55
Manhattan,182
Manhattan,209
Manhattan,78
Manhattan,202
Manhattan,80
Manhattan,100
Manhattan,82
Manhattan,159
Manhattan,195
Manhattan,2000
Manhattan,160
Manhattan,100
Manhattan,195
Manhattan,122
Manhattan,275
Manhattan,78
Manhattan,125
Manhattan,165
Manhattan,129
Manhattan,90
Manhattan,175
Manhattan,70
Manhattan,150
Manhattan,62
Manhattan,195
Manhattan,75
Manhattan,450
Manhattan,45
Manhattan,250
Manhattan,120
Manhattan,118
Manhattan,225
Manhattan,185
Manhattan,225
Manhattan,165
Manhattan,142
Manhattan,200
Manhattan,150
Manhattan,225
Manhattan,240
Manhattan,100
Manhattan,200
Manhattan,70
Manhattan,200
Manhattan,120
Manhattan,244
Manhattan,150
Manhattan,150
Manhattan,149
Manhattan,99
Manhattan,50
Manhattan,96
Manhattan,200
Manhattan,118
Manhattan,150
Manhattan,50
Manhattan,350
Manhattan,165
Manhattan,110
Manhattan,245
Manhattan,65
Manhattan,100
Manhattan,68
Manhattan,120
Manhattan,195
Manhattan,275
Manhattan,150
Manhattan,160
Manhattan,125
Manhattan,100
Manhattan,50
Manhattan,320
Manhattan,200
Manhattan,70
Manhattan,100
Manhattan,150
Manhattan,185
Manhattan,125
Manhattan,295
Manhattan,240
Manhattan,65
Manhattan,280
Manhattan,175
Manhattan,120
Manhattan,150
Manhattan,140
Manhattan,200
Manhattan,116
Manhattan,215
Manhattan,160
Manhattan,150
Manhattan,65
Manhattan,75
Manhattan,110
Manhattan,82
Manhattan,90
Manhattan,220
Manhattan,179
Manhattan,120
Manhattan,86
Manhattan,165
Manhattan,116
Manhattan,125
Manhattan,250
Manhattan,163
Manhattan,40
Manhattan,195
Manhattan,45
Manhattan,125
Manhattan,220
Manhattan,144
Manhattan,146
Manhattan,61
Manhattan,84
Manhattan,179
Manhattan,250
Manhattan,150
Manhattan,142
Manhattan,125
Manhattan,200
Manhattan,179
Manhattan,300
Manhattan,300
Manhattan,50
Manhattan,300
Manhattan,85
Manhattan,209
Manhattan,330
Manhattan,60
Manhattan,300
Manhattan,175
Manhattan,100
Manhattan,105
Manhattan,450
Manhattan,185
Manhattan,70
Manhattan,285
Manhattan,125
Manhattan,80
Manhattan,1200
Manhattan,65
Manhattan,499
Manhattan,350
Manhattan,50
Manhattan,90
Manhattan,250
Manhattan,150
Manhattan,150
Manhattan,140
Manhattan,140
Manhattan,65
Manhattan,85
Manhattan,155
Manhattan,100
Manhattan,125
Manhattan,170
Manhattan,68
Manhattan,125
Manhattan,60
Manhattan,80
Manhattan,95
Manhattan,163
Manhattan,150
Manhattan,65
Manhattan,168
Manhattan,195
Manhattan,109
Manhattan,150
Manhattan,120
Manhattan,150
Manhattan,45
Manhattan,149
Manhattan,499
Manhattan,341
Manhattan,175
Manhattan,50
Manhattan,100
Manhattan,195
Manhattan,257
Manhattan,45
Manhattan,180
Manhattan,105
Manhattan,100
Manhattan,105
Manhattan,85
Manhattan,200
Manhattan,170
Manhattan,285
Manhattan,90
Manhattan,200
Manhattan,75
Manhattan,200
Manhattan,85
Manhattan,101
Manhattan,125
Manhattan,89
Manhattan,180
Manhattan,299
Manhattan,195
Manhattan,78
Manhattan,250
Manhattan,150
Manhattan,350
Manhattan,300
Manhattan,150
Manhattan,75
Manhattan,198
Manhattan,950
Manhattan,105
Manhattan,225
Manhattan,77
Manhattan,50
Manhattan,250
Manhattan,36
Manhattan,200
Manhattan,185
Manhattan,130
Manhattan,120
Manhattan,180
Manhattan,210
Manhattan,139
Manhattan,79
Manhattan,75
Manhattan,200
Manhattan,115
Manhattan,210
Manhattan,87
Manhattan,65
Manhattan,200
Manhattan,75
Manhattan,220
Manhattan,79
Manhattan,99
Manhattan,190
Manhattan,90
Manhattan,60
Manhattan,90
Manhattan,75
Manhattan,70
Manhattan,85
Manhattan,130
Manhattan,199
Manhattan,150
Manhattan,250
Manhattan,95
Manhattan,280
Manhattan,70
Manhattan,155
Manhattan,182
Manhattan,105
Manhattan,100
Manhattan,250
Manhattan,130
Manhattan,120
Manhattan,190
Manhattan,175
Manhattan,105
Manhattan,125
Manhattan,95
Manhattan,130
Manhattan,67
Manhattan,90
Manhattan,60
Manhattan,100
Manhattan,75
Manhattan,322
Manhattan,50
Manhattan,90
Manhattan,150
Manhattan,230
Manhattan,90
Manhattan,95
Manhattan,85
Manhattan,189
Manhattan,99
Manhattan,90
Manhattan,300
Manhattan,200
Manhattan,50
Manhattan,150
Manhattan,175
Manhattan,276
Manhattan,199
Manhattan,48
Manhattan,230
Manhattan,90
Manhattan,300
Manhattan,120
Manhattan,299
Manhattan,16
Manhattan,245
Manhattan,45
Manhattan,60
Manhattan,75
Manhattan,300
Manhattan,79
Manhattan,175
Manhattan,130
Manhattan,150
Manhattan,207
Manhattan,63
Manhattan,185
Manhattan,125
Manhattan,200
Manhattan,141
Manhattan,120
Manhattan,145
Manhattan,120
Manhattan,295
Manhattan,170
Manhattan,194
Manhattan,140
Manhattan,50
Manhattan,89
Manhattan,190
Manhattan,350
Manhattan,300
Manhattan,295
Manhattan,113
Manhattan,95
Manhattan,59
Manhattan,69
Manhattan,190
Manhattan,110
Manhattan,249
Manhattan,95
Manhattan,130
Manhattan,325
Manhattan,75
Manhattan,99
Manhattan,150
Manhattan,88
Manhattan,190
Manhattan,125
Manhattan,284
Manhattan,150
Manhattan,16
Manhattan,190
Manhattan,99
Manhattan,100
Manhattan,35
Manhattan,167
Manhattan,140
Manhattan,175
Manhattan,249
Manhattan,110
Manhattan,250
Manhattan,95
Manhattan,280
Manhattan,200
Manhattan,130
Manhattan,40
Manhattan,64
Manhattan,399
Manhattan,495
Manhattan,200
Manhattan,200
Manhattan,100
Manhattan,70
Manhattan,120
Manhattan,239
Manhattan,375
Manhattan,70
Manhattan,250
Manhattan,99
Manhattan,275
Manhattan,150
Manhattan,115
Manhattan,100
Manhattan,100
Manhattan,140
Manhattan,160
Manhattan,185
Manhattan,58
Manhattan,80
Manhattan,110
Manhattan,160
Manhattan,90
Manhattan,200
Manhattan,272
Manhattan,86
Manhattan,129
Manhattan,50
Manhattan,95
Manhattan,212
Manhattan,90
Manhattan,250
Manhattan,195
Manhattan,200
Manhattan,449
Manhattan,115
Manhattan,89
Manhattan,180
Manhattan,140
Manhattan,200
Manhattan,195
Manhattan,125
Manhattan,155
Manhattan,170
Manhattan,115
Manhattan,125
Manhattan,295
Manhattan,40
Manhattan,49
Manhattan,50
Manhattan,245
Manhattan,55
Manhattan,275
Manhattan,50
Manhattan,85
Manhattan,247
Manhattan,105
Manhattan,400
Manhattan,150
Manhattan,120
Manhattan,199
Manhattan,499
Manhattan,150
Manhattan,130
Manhattan,75
Manhattan,220
Manhattan,82
Manhattan,200
Manhattan,300
Manhattan,199
Manhattan,135
Manhattan,150
Manhattan,379
Manhattan,250
Manhattan,90
Manhattan,200
Manhattan,140
Manhattan,100
Manhattan,385
Manhattan,120
Manhattan,110
Manhattan,115
Manhattan,125
Manhattan,65
Manhattan,249
Manhattan,84
Manhattan,340
Manhattan,90
Manhattan,350
Manhattan,194
Manhattan,175
Manhattan,350
Manhattan,63
Manhattan,180
Manhattan,185
Manhattan,80
Manhattan,75
Manhattan,264
Manhattan,85
Manhattan,150
Manhattan,900
Manhattan,240
Manhattan,150
Manhattan,175
Manhattan,1000
Manhattan,80
Manhattan,195
Manhattan,75
Manhattan,155
Manhattan,100
Manhattan,350
Manhattan,120
Manhattan,250
Manhattan,180
Manhattan,130
Manhattan,60
Manhattan,140
Manhattan,110
Manhattan,177
Manhattan,105
Manhattan,58
Manhattan,100
Manhattan,80
Manhattan,75
Manhattan,700
Manhattan,125
Manhattan,81
Manhattan,175
Manhattan,130
Manhattan,150
Manhattan,75
Manhattan,70
Manhattan,300
Manhattan,184
Manhattan,50
Manhattan,230
Manhattan,95
Manhattan,120
Manhattan,150
Manhattan,200
Manhattan,450
Manhattan,50
Manhattan,80
Manhattan,89
Manhattan,85
Manhattan,250
Manhattan,160
Manhattan,60
Manhattan,225
Manhattan,139
Manhattan,140
Manhattan,399
Manhattan,100
Manhattan,135
Manhattan,100
Manhattan,70
Manhattan,140
Manhattan,169
Manhattan,150
Manhattan,70
Manhattan,145
Manhattan,85
Manhattan,240
Manhattan,120
Manhattan,300
Manhattan,40
Manhattan,280
Manhattan,150
Manhattan,140
Manhattan,400
Manhattan,75
Manhattan,85
Manhattan,150
Manhattan,197
Manhattan,150
Manhattan,200
Manhattan,125
Manhattan,130
Manhattan,97
Manhattan,145
Manhattan,100
Manhattan,130
Manhattan,130
Manhattan,60
Manhattan,45
Manhattan,265
Manhattan,127
Manhattan,108
Manhattan,100
Manhattan,180
Manhattan,250
Manhattan,1495
Manhattan,100
Manhattan,399
Manhattan,80
Manhattan,100
Manhattan,450
Manhattan,275
Manhattan,120
Manhattan,250
Manhattan,100
Manhattan,170
Manhattan,260
Manhattan,160
Manhattan,200
Manhattan,109
Manhattan,200
Manhattan,120
Manhattan,200
Manhattan,200
Manhattan,199
Manhattan,105
Manhattan,256
Manhattan,499
Manhattan,145
Manhattan,220
Manhattan,70
Manhattan,888
Manhattan,124
Manhattan,89
Manhattan,60
Manhattan,225
Manhattan,110
Manhattan,130
Manhattan,150
Manhattan,150
Manhattan,55
Manhattan,195
Manhattan,140
Manhattan,110
Manhattan,125
Manhattan,130
Manhattan,78
Manhattan,155
Manhattan,210
Manhattan,50
Manhattan,155
Manhattan,75
Manhattan,375
Manhattan,120
Manhattan,150
Manhattan,255
Manhattan,245
Manhattan,155
Manhattan,155
Manhattan,155
Manhattan,165
Manhattan,155
Manhattan,65
Manhattan,125
Manhattan,81
Manhattan,80
Manhattan,100
Manhattan,95
Manhattan,100
Manhattan,460
Manhattan,69
Manhattan,59
Manhattan,99
Manhattan,135
Manhattan,150
Manhattan,2000
Manhattan,215
Manhattan,135
Manhattan,200
Manhattan,120
Manhattan,82
Manhattan,105
Manhattan,145
Manhattan,245
Manhattan,150
Manhattan,250
Manhattan,130
Manhattan,110
Manhattan,185
Manhattan,700
Manhattan,150
Manhattan,89
Manhattan,244
Manhattan,150
Manhattan,40
Manhattan,150
Manhattan,259
Manhattan,100
Manhattan,75
Manhattan,190
Manhattan,198
Manhattan,295
Manhattan,95
Manhattan,199
Manhattan,50
Manhattan,180
Manhattan,350
Manhattan,80
Manhattan,93
Manhattan,155
Manhattan,150
Manhattan,45
Manhattan,45
Manhattan,100
Manhattan,269
Manhattan,70
Manhattan,172
Manhattan,198
Manhattan,154
Manhattan,90
Manhattan,120
Manhattan,60
Manhattan,99
Manhattan,111
Manhattan,95
Manhattan,195
Manhattan,75
Manhattan,900
Manhattan,800
Manhattan,43
Manhattan,195
Manhattan,700
Manhattan,150
Manhattan,300
Manhattan,100
Manhattan,140
Manhattan,175
Manhattan,185
Manhattan,89
Manhattan,800
Manhattan,89
Manhattan,250
Manhattan,220
Manhattan,135
Manhattan,76
Manhattan,110
Manhattan,125
Manhattan,100
Manhattan,118
Manhattan,155
Manhattan,85
Manhattan,84
Manhattan,150
Manhattan,70
Manhattan,110
Manhattan,999
Manhattan,230
Manhattan,150
Manhattan,115
Manhattan,325
Manhattan,155
Manhattan,165
Manhattan,165
Manhattan,155
Manhattan,150
Manhattan,130
Manhattan,125
Manhattan,150
Manhattan,155
Manhattan,99
Manhattan,300
Manhattan,139
Manhattan,65
Manhattan,120
Manhattan,115
Manhattan,120
Manhattan,190
Manhattan,130
Manhattan,80
Manhattan,300
Manhattan,70
Manhattan,150
Manhattan,75
Manhattan,70
Manhattan,195
Manhattan,95
Manhattan,80
Manhattan,99
Manhattan,165
Manhattan,190
Manhattan,177
Manhattan,350
Manhattan,130
Manhattan,52
Manhattan,250
Manhattan,99
Manhattan,45
Manhattan,70
Manhattan,150
Manhattan,105
Manhattan,50
Manhattan,222
Manhattan,149
Manhattan,210
Manhattan,135
Manhattan,240
Manhattan,85
Manhattan,70
Manhattan,153
Manhattan,125
Manhattan,100
Manhattan,73
Manhattan,80
Manhattan,159
Manhattan,850
Manhattan,245
Manhattan,500
Manhattan,130
Manhattan,50
Manhattan,400
Manhattan,60
Manhattan,155
Manhattan,80
Manhattan,220
Manhattan,160
Manhattan,150
Manhattan,140
Manhattan,500
Manhattan,70
Manhattan,150
Manhattan,195
Manhattan,57
Manhattan,120
Manhattan,275
Manhattan,89
Manhattan,243
Manhattan,90
Manhattan,115
Manhattan,175
Manhattan,150
Manhattan,116
Manhattan,100
Manhattan,350
Manhattan,80
Manhattan,200
Manhattan,80
Manhattan,299
Manhattan,125
Manhattan,250
Manhattan,190
Manhattan,90
Manhattan,83
Manhattan,450
Manhattan,102
Manhattan,198
Manhattan,149
Manhattan,120
Manhattan,150
Manhattan,160
Manhattan,110
Manhattan,270
Manhattan,145
Manhattan,250
Manhattan,45
Manhattan,187
Manhattan,99
Manhattan,90
Manhattan,45
Manhattan,200
Manhattan,140
Manhattan,100
Manhattan,169
Manhattan,110
Manhattan,51
Manhattan,120
Manhattan,159
Manhattan,75
Manhattan,95
Manhattan,38
Manhattan,99
Manhattan,148
Manhattan,599
Manhattan,349
Manhattan,165
Manhattan,250
Manhattan,700
Manhattan,165
Manhattan,120
Manhattan,500
Manhattan,99
Manhattan,355
Manhattan,190
Manhattan,180
Manhattan,145
Manhattan,68
Manhattan,167
Manhattan,375
Manhattan,160
Manhattan,130
Manhattan,165
Manhattan,175
Manhattan,65
Manhattan,90
Manhattan,125
Manhattan,86
Manhattan,110
Manhattan,450
Manhattan,71
Manhattan,500
Manhattan,70
Manhattan,120
Manhattan,75
Manhattan,233
Manhattan,115
Manhattan,65
Manhattan,139
Manhattan,200
Manhattan,200
Manhattan,175
Manhattan,100
Manhattan,98
Manhattan,219
Manhattan,175
Manhattan,120
Manhattan,140
Manhattan,80
Manhattan,80
Manhattan,120
Manhattan,140
Manhattan,200
Manhattan,250
Manhattan,47
Manhattan,160
Manhattan,90
Manhattan,200
Manhattan,170
Manhattan,100
Manhattan,65
Manhattan,175
Manhattan,450
Manhattan,120
Manhattan,170
Manhattan,200
Manhattan,480
Manhattan,299
Manhattan,150
Manhattan,115
Manhattan,55
Manhattan,250
Manhattan,300
Manhattan,650
Manhattan,159
Manhattan,65
Manhattan,120
Manhattan,280
Manhattan,160
Manhattan,120
Manhattan,129
Manhattan,300
Manhattan,120
Manhattan,40
Manhattan,120
Manhattan,95
Manhattan,650
Manhattan,100
Manhattan,130
Manhattan,235
Manhattan,95
Manhattan,80
Manhattan,280
Manhattan,195
Manhattan,100
Manhattan,130
Manhattan,180
Manhattan,80
Manhattan,250
Manhattan,64
Manhattan,120
Manhattan,260
Manhattan,78
Manhattan,80
Manhattan,80
Manhattan,145
Manhattan,130
Manhattan,189
Manhattan,150
Manhattan,35
Manhattan,200
Manhattan,35
Manhattan,60
Manhattan,199
Manhattan,174
Manhattan,120
Manhattan,119
Manhattan,106
Manhattan,125
Manhattan,70
Manhattan,40
Manhattan,175
Manhattan,150
Manhattan,150
Manhattan,120
Manhattan,45
Manhattan,185
Manhattan,120
Manhattan,97
Manhattan,230
Manhattan,60
Manhattan,245
Manhattan,150
Manhattan,386
Manhattan,95
Manhattan,120
Manhattan,145
Manhattan,80
Manhattan,140
Manhattan,250
Manhattan,450
Manhattan,100
Manhattan,150
Manhattan,200
Manhattan,69
Manhattan,69
Manhattan,40
Manhattan,100
Manhattan,198
Manhattan,399
Manhattan,595
Manhattan,88
Manhattan,70
Manhattan,69
Manhattan,120
Manhattan,180
Manhattan,328
Manhattan,90
Manhattan,80
Manhattan,79
Manhattan,225
Manhattan,200
Manhattan,215
Manhattan,165
Manhattan,100
Manhattan,499
Manhattan,195
Manhattan,54
Manhattan,169
Manhattan,175
Manhattan,450
Manhattan,135
Manhattan,125
Manhattan,100
Manhattan,118
Manhattan,250
Manhattan,99
Manhattan,125
Manhattan,109
Manhattan,75
Manhattan,87
Manhattan,185
Manhattan,300
Manhattan,210
Manhattan,70
Manhattan,120
Manhattan,150
Manhattan,133
Manhattan,60
Manhattan,64
Manhattan,69
Manhattan,190
Manhattan,200
Manhattan,75
Manhattan,200
Manhattan,75
Manhattan,400
Manhattan,169
Manhattan,125
Manhattan,151
Manhattan,67
Manhattan,100
Manhattan,185
Manhattan,78
Manhattan,210
Manhattan,200
Manhattan,75
Manhattan,28
Manhattan,700
Manhattan,99
Manhattan,110
Manhattan,150
Manhattan,170
Manhattan,140
Manhattan,90
Manhattan,170
Manhattan,90
Manhattan,175
Manhattan,65
Manhattan,119
Manhattan,85
Manhattan,155
Manhattan,160
Manhattan,125
Manhattan,350
Manhattan,350
Manhattan,247
Manhattan,85
Manhattan,115
Manhattan,140
Manhattan,125
Manhattan,80
Manhattan,215
Manhattan,180
Manhattan,250
Manhattan,400
Manhattan,700
Manhattan,118
Manhattan,1500
Manhattan,110
Manhattan,299
Manhattan,95
Manhattan,70
Manhattan,167
Manhattan,103
Manhattan,145
Manhattan,300
Manhattan,50
Manhattan,65
Manhattan,40
Manhattan,140
Manhattan,150
Manhattan,230
Manhattan,105
Manhattan,90
Manhattan,600
Manhattan,200
Manhattan,250
Manhattan,175
Manhattan,175
Manhattan,150
Manhattan,400
Manhattan,99
Manhattan,90
Manhattan,160
Manhattan,107
Manhattan,275
Manhattan,205
Manhattan,150
Manhattan,270
Manhattan,99
Manhattan,190
Manhattan,79
Manhattan,130
Manhattan,180
Manhattan,50
Manhattan,100
Manhattan,59
Manhattan,80
Manhattan,80
Manhattan,200
Manhattan,300
Manhattan,175
Manhattan,95
Manhattan,200
Manhattan,75
Manhattan,60
Manhattan,150
Manhattan,58
Manhattan,70
Manhattan,100
Manhattan,130
Manhattan,45
Manhattan,190
Manhattan,112
Manhattan,95
Manhattan,77
Manhattan,69
Manhattan,80
Manhattan,175
Manhattan,59
Manhattan,90
Manhattan,350
Manhattan,75
Manhattan,61
Manhattan,42
Manhattan,350
Manhattan,90
Manhattan,150
Manhattan,182
Manhattan,110
Manhattan,85
Manhattan,175
Manhattan,50
Manhattan,75
Manhattan,300
Manhattan,189
Manhattan,135
Manhattan,170
Manhattan,140
Manhattan,175
Manhattan,300
Manhattan,60
Manhattan,48
Manhattan,153
Manhattan,150
Manhattan,195
Manhattan,90
Manhattan,60
Manhattan,35
Manhattan,93
Manhattan,210
Manhattan,175
Manhattan,22
Manhattan,200
Manhattan,319
Manhattan,450
Manhattan,238
Manhattan,180
Manhattan,90
Manhattan,245
Manhattan,225
Manhattan,149
Manhattan,160
Manhattan,70
Manhattan,175
Manhattan,170
Manhattan,175
Manhattan,30
Manhattan,142
Manhattan,300
Manhattan,75
Manhattan,200
Manhattan,173
Manhattan,160
Manhattan,150
Manhattan,104
Manhattan,200
Manhattan,150
Manhattan,374
Manhattan,46
Manhattan,92
Manhattan,70
Manhattan,130
Manhattan,70
Manhattan,420
Manhattan,500
Manhattan,100
Manhattan,150
Manhattan,425
Manhattan,490
Manhattan,70
Manhattan,80
Manhattan,800
Manhattan,100
Manhattan,75
Manhattan,88
Manhattan,100
Manhattan,90
Manhattan,150
Manhattan,180
Manhattan,221
Manhattan,150
Manhattan,250
Manhattan,239
Manhattan,75
Manhattan,59
Manhattan,149
Manhattan,100
Manhattan,79
Manhattan,295
Manhattan,400
Manhattan,200
Manhattan,80
Manhattan,135
Manhattan,400
Manhattan,87
Manhattan,99
Manhattan,225
Manhattan,250
Manhattan,299
Manhattan,120
Manhattan,89
Manhattan,195
Manhattan,150
Manhattan,140
Manhattan,240
Manhattan,67
Manhattan,140
Manhattan,96
Manhattan,65
Manhattan,225
Manhattan,130
Manhattan,80
Manhattan,175
Manhattan,175
Manhattan,43
Manhattan,250
Manhattan,300
Manhattan,100
Manhattan,150
Manhattan,175
Manhattan,180
Manhattan,150
Manhattan,58
Manhattan,140
Manhattan,100
Manhattan,200
Manhattan,250
Manhattan,60
Manhattan,150
Manhattan,70
Manhattan,98
Manhattan,80
Manhattan,140
Manhattan,1200
Manhattan,369
Manhattan,42
Manhattan,69
Manhattan,160
Manhattan,120
Manhattan,95
Manhattan,180
Manhattan,100
Manhattan,96
Manhattan,50
Manhattan,145
Manhattan,100
Manhattan,215
Manhattan,75
Manhattan,122
Manhattan,71
Manhattan,118
Manhattan,75
Manhattan,225
Manhattan,350
Manhattan,160
Manhattan,100
Manhattan,73
Manhattan,73
Manhattan,200
Manhattan,335
Manhattan,50
Manhattan,400
Manhattan,165
Manhattan,385
Manhattan,135
Manhattan,110
Manhattan,115
Manhattan,60
Manhattan,180
Manhattan,250
Manhattan,200
Manhattan,400
Manhattan,1195
Manhattan,75
Manhattan,65
Manhattan,65
Manhattan,250
Manhattan,250
Manhattan,375
Manhattan,110
Manhattan,72
Manhattan,250
Manhattan,120
Manhattan,77
Manhattan,65
Manhattan,185
Manhattan,100
Manhattan,65
Manhattan,109
Manhattan,150
Manhattan,152
Manhattan,300
Manhattan,500
Manhattan,74
Manhattan,250
Manhattan,250
Manhattan,130
Manhattan,200
Manhattan,163
Manhattan,129
Manhattan,110
Manhattan,150
Manhattan,150
Manhattan,295
Manhattan,147
Manhattan,179
Manhattan,60
Manhattan,80
Manhattan,59
Manhattan,350
Manhattan,180
Manhattan,203
Manhattan,189
Manhattan,39
Manhattan,57
Manhattan,35
Manhattan,118
Manhattan,250
Manhattan,55
Manhattan,155
Manhattan,168
Manhattan,115
Manhattan,130
Manhattan,140
Manhattan,165
Manhattan,160
Manhattan,225
Manhattan,225
Manhattan,250
Manhattan,170
Manhattan,110
Manhattan,299
Manhattan,100
Manhattan,205
Manhattan,45
Manhattan,88
Manhattan,129
Manhattan,165
Manhattan,49
Manhattan,245
Manhattan,120
Manhattan,350
Manhattan,62
Manhattan,195
Manhattan,129
Manhattan,159
Manhattan,200
Manhattan,89
Manhattan,200
Manhattan,72
Manhattan,250
Manhattan,165
Manhattan,100
Manhattan,90
Manhattan,120
Manhattan,185
Manhattan,100
Manhattan,120
Manhattan,159
Manhattan,220
Manhattan,150
Manhattan,100
Manhattan,200
Manhattan,150
Manhattan,60
Manhattan,180
Manhattan,200
Manhattan,45
Manhattan,250
Manhattan,120
Manhattan,249
Manhattan,124
Manhattan,140
Manhattan,75
Manhattan,120
Manhattan,150
Manhattan,500
Manhattan,150
Manhattan,65
Manhattan,125
Manhattan,92
Manhattan,120
Manhattan,175
Manhattan,180
Manhattan,155
Manhattan,95
Manhattan,42
Manhattan,65
Manhattan,190
Manhattan,200
Manhattan,250
Manhattan,125
Manhattan,225
Manhattan,68
Manhattan,160
Manhattan,208
Manhattan,215
Manhattan,100
Manhattan,40
Manhattan,109
Manhattan,194
Manhattan,90
Manhattan,42
Manhattan,700
Manhattan,240
Manhattan,135
Manhattan,135
Manhattan,150
Manhattan,70
Manhattan,199
Manhattan,75
Manhattan,180
Manhattan,100
Manhattan,125
Manhattan,175
Manhattan,85
Manhattan,189
Manhattan,170
Manhattan,70
Manhattan,80
Manhattan,186
Manhattan,174
Manhattan,89
Manhattan,109
Manhattan,230
Manhattan,600
Manhattan,149
Manhattan,57
Manhattan,194
Manhattan,140
Manhattan,399
Manhattan,150
Manhattan,250
Manhattan,400
Manhattan,249
Manhattan,199
Manhattan,180
Manhattan,130
Manhattan,85
Manhattan,150
Manhattan,140
Manhattan,250
Manhattan,139
Manhattan,50
Manhattan,145
Manhattan,55
Manhattan,215
Manhattan,160
Manhattan,125
Manhattan,99
Manhattan,150
Manhattan,239
Manhattan,60
Manhattan,87
Manhattan,80
Manhattan,119
Manhattan,50
Manhattan,99
Manhattan,140
Manhattan,500
Manhattan,299
Manhattan,55
Manhattan,300
Manhattan,150
Manhattan,79
Manhattan,152
Manhattan,124
Manhattan,100
Manhattan,75
Manhattan,109
Manhattan,300
Manhattan,110
Manhattan,300
Manhattan,80
Manhattan,185
Manhattan,90
Manhattan,130
Manhattan,90
Manhattan,360
Manhattan,185
Manhattan,195
Manhattan,235
Manhattan,70
Manhattan,95
Manhattan,450
Manhattan,50
Manhattan,100
Manhattan,60
Manhattan,190
Manhattan,235
Manhattan,205
Manhattan,120
Manhattan,130
Manhattan,190
Manhattan,455
Manhattan,99
Manhattan,125
Manhattan,99
Manhattan,137
Manhattan,85
Manhattan,149
Manhattan,125
Manhattan,70
Manhattan,235
Manhattan,250
Manhattan,95
Manhattan,85
Manhattan,190
Manhattan,125
Manhattan,125
Manhattan,374
Manhattan,59
Manhattan,100
Manhattan,95
Manhattan,250
Manhattan,285
Manhattan,127
Manhattan,150
Manhattan,225
Manhattan,150
Manhattan,60
Manhattan,275
Manhattan,65
Manhattan,40
Manhattan,68
Manhattan,135
Manhattan,165
Manhattan,250
Manhattan,170
Manhattan,130
Manhattan,140
Manhattan,200
Manhattan,175
Manhattan,500
Manhattan,99
Manhattan,650
Manhattan,200
Manhattan,180
Manhattan,90
Manhattan,109
Manhattan,100
Manhattan,149
Manhattan,275
Manhattan,220
Manhattan,70
Manhattan,90
Manhattan,2000
Manhattan,149
Manhattan,200
Manhattan,199
Manhattan,300
Manhattan,285
Manhattan,330
Manhattan,60
Manhattan,99
Manhattan,250
Manhattan,62
Manhattan,100
Manhattan,120
Manhattan,80
Manhattan,99
Manhattan,78
Manhattan,125
Manhattan,190
Manhattan,100
Manhattan,135
Manhattan,125
Manhattan,116
Manhattan,135
Manhattan,425
Manhattan,141
Manhattan,800
Manhattan,150
Manhattan,250
Manhattan,115
Manhattan,130
Manhattan,85
Manhattan,180
Manhattan,131
Manhattan,100
Manhattan,105
Manhattan,289
Manhattan,29
Manhattan,120
Manhattan,80
Manhattan,175
Manhattan,340
Manhattan,180
Manhattan,75
Manhattan,150
Manhattan,500
Manhattan,280
Manhattan,150
Manhattan,80
Manhattan,60
Manhattan,239
Manhattan,275
Manhattan,50
Manhattan,239
Manhattan,150
Manhattan,115
Manhattan,150
Manhattan,207
Manhattan,160
Manhattan,495
Manhattan,220
Manhattan,99
Manhattan,160
Manhattan,130
Manhattan,150
Manhattan,80
Manhattan,160
Manhattan,94
Manhattan,127
Manhattan,64
Manhattan,50
Manhattan,49
Manhattan,180
Manhattan,100
Manhattan,200
Manhattan,297
Manhattan,115
Manhattan,250
Manhattan,45
Manhattan,260
Manhattan,155
Manhattan,97
Manhattan,155
Manhattan,237
Manhattan,250
Manhattan,105
Manhattan,300
Manhattan,125
Manhattan,60
Manhattan,275
Manhattan,100
Manhattan,200
Manhattan,99
Manhattan,112
Manhattan,200
Manhattan,145
Manhattan,450
Manhattan,141
Manhattan,107
Manhattan,299
Manhattan,190
Manhattan,70
Manhattan,75
Manhattan,155
Manhattan,96
Manhattan,90
Manhattan,500
Manhattan,175
Manhattan,130
Manhattan,65
Manhattan,200
Manhattan,110
Manhattan,60
Manhattan,117
Manhattan,148
Manhattan,200
Manhattan,650
Manhattan,199
Manhattan,115
Manhattan,245
Manhattan,88
Manhattan,280
Manhattan,200
Manhattan,95
Manhattan,260
Manhattan,148
Manhattan,100
Manhattan,100
Manhattan,60
Manhattan,64
Manhattan,110
Manhattan,745
Manhattan,140
Manhattan,111
Manhattan,399
Manhattan,300
Manhattan,100
Manhattan,63
Manhattan,175
Manhattan,125
Manhattan,395
Manhattan,140
Manhattan,190
Manhattan,135
Manhattan,100
Manhattan,150
Manhattan,62
Manhattan,100
Manhattan,150
Manhattan,95
Manhattan,150
Manhattan,250
Manhattan,410
Manhattan,250
Manhattan,1170
Manhattan,250
Manhattan,139
Manhattan,149
Manhattan,185
Manhattan,230
Manhattan,175
Manhattan,150
Manhattan,50
Manhattan,80
Manhattan,261
Manhattan,225
Manhattan,200
Manhattan,699
Manhattan,375
Manhattan,175
Manhattan,225
Manhattan,165
Manhattan,250
Manhattan,125
Manhattan,179
Manhattan,240
Manhattan,290
Manhattan,95
Manhattan,70
Manhattan,125
Manhattan,195
Manhattan,64
Manhattan,125
Manhattan,190
Manhattan,170
Manhattan,150
Manhattan,300
Manhattan,225
Manhattan,83
Manhattan,125
Manhattan,250
Manhattan,135
Manhattan,125
Manhattan,124
Manhattan,57
Manhattan,100
Manhattan,130
Manhattan,80
Manhattan,500
Manhattan,120
Manhattan,50
Manhattan,170
Manhattan,189
Manhattan,150
Manhattan,77
Manhattan,150
Manhattan,120
Manhattan,85
Manhattan,450
Manhattan,95
Manhattan,125
Manhattan,130
Manhattan,65
Manhattan,90
Manhattan,60
Manhattan,133
Manhattan,259
Manhattan,139
Manhattan,39
Manhattan,434
Manhattan,500
Manhattan,200
Manhattan,75
Manhattan,80
Manhattan,269
Manhattan,299
Manhattan,180
Manhattan,82
Manhattan,150
Manhattan,145
Manhattan,100
Manhattan,73
Manhattan,230
Manhattan,180
Manhattan,55
Manhattan,104
Manhattan,130
Manhattan,140
Manhattan,295
Manhattan,98
Manhattan,170
Manhattan,47
Manhattan,225
Manhattan,100
Manhattan,129
Manhattan,175
Manhattan,136
Manhattan,190
Manhattan,590
Manhattan,169
Manhattan,899
Manhattan,90
Manhattan,157
Manhattan,170
Manhattan,109
Manhattan,150
Manhattan,45
Manhattan,135
Manhattan,180
Manhattan,89
Manhattan,100
Manhattan,125
Manhattan,170
Manhattan,80
Manhattan,175
Manhattan,230
Manhattan,139
Manhattan,229
Manhattan,125
Manhattan,200
Manhattan,169
Manhattan,175
Manhattan,150
Manhattan,165
Manhattan,305
Manhattan,88
Manhattan,110
Manhattan,125
Manhattan,80
Manhattan,75
Manhattan,120
Manhattan,90
Manhattan,190
Manhattan,239
Manhattan,200
Manhattan,175
Manhattan,200
Manhattan,95
Manhattan,140
Manhattan,75
Manhattan,74
Manhattan,80
Manhattan,79
Manhattan,110
Manhattan,195
Manhattan,175
Manhattan,180
Manhattan,180
Manhattan,210
Manhattan,100
Manhattan,103
Manhattan,150
Manhattan,190
Manhattan,95
Manhattan,75
Manhattan,75
Manhattan,185
Manhattan,145
Manhattan,135
Manhattan,100
Manhattan,130
Manhattan,145
Manhattan,45
Manhattan,90
Manhattan,190
Manhattan,250
Manhattan,165
Manhattan,175
Manhattan,85
Manhattan,90
Manhattan,110
Manhattan,239
Manhattan,125
Manhattan,239
Manhattan,195
Manhattan,104
Manhattan,95
Manhattan,210
Manhattan,189
Manhattan,100
Manhattan,295
Manhattan,75
Manhattan,110
Manhattan,100
Manhattan,185
Manhattan,145
Manhattan,250
Manhattan,150
Manhattan,195
Manhattan,86
Manhattan,65
Manhattan,199
Manhattan,100
Manhattan,36
Manhattan,50
Manhattan,300
Manhattan,73
Manhattan,193
Manhattan,159
Manhattan,235
Manhattan,139
Manhattan,41
Manhattan,220
Manhattan,120
Manhattan,180
Manhattan,185
Manhattan,225
Manhattan,200
Manhattan,140
Manhattan,180
Manhattan,245
Manhattan,150
Manhattan,139
Manhattan,150
Manhattan,150
Manhattan,85
Manhattan,130
Manhattan,85
Manhattan,120
Manhattan,70
Manhattan,55
Manhattan,130
Manhattan,60
Manhattan,249
Manhattan,500
Manhattan,169
Manhattan,95
Manhattan,120
Manhattan,180
Manhattan,80
Manhattan,90
Manhattan,200
Manhattan,139
Manhattan,250
Manhattan,47
Manhattan,85
Manhattan,120
Manhattan,300
Manhattan,275
Manhattan,65
Manhattan,65
Manhattan,35
Manhattan,150
Manhattan,75
Manhattan,100
Manhattan,300
Manhattan,50
Manhattan,400
Manhattan,250
Manhattan,135
Manhattan,450
Manhattan,80
Manhattan,90
Manhattan,95
Manhattan,400
Manhattan,201
Manhattan,199
Manhattan,185
Manhattan,132
Manhattan,175
Manhattan,304
Manhattan,300
Manhattan,175
Manhattan,300
Manhattan,179
Manhattan,120
Manhattan,82
Manhattan,170
Manhattan,120
Manhattan,177
Manhattan,180
Manhattan,325
Manhattan,165
Manhattan,159
Manhattan,150
Manhattan,150
Manhattan,230
Manhattan,159
Manhattan,239
Manhattan,99
Manhattan,250
Manhattan,200
Manhattan,299
Manhattan,142
Manhattan,800
Manhattan,169
Manhattan,78
Manhattan,150
Manhattan,199
Manhattan,125
Manhattan,650
Manhattan,200
Manhattan,145
Manhattan,135
Manhattan,250
Manhattan,250
Manhattan,350
Manhattan,465
Manhattan,126
Manhattan,215
Manhattan,139
Manhattan,200
Manhattan,200
Manhattan,40
Manhattan,60
Manhattan,200
Manhattan,140
Manhattan,70
Manhattan,200
Manhattan,90
Manhattan,245
Manhattan,375
Manhattan,150
Manhattan,425
Manhattan,200
Manhattan,65
Manhattan,90
Manhattan,100
Manhattan,100
Manhattan,190
Manhattan,190
Manhattan,230
Manhattan,250
Manhattan,140
Manhattan,99
Manhattan,200
Manhattan,175
Manhattan,110
Manhattan,80
Manhattan,70
Manhattan,125
Manhattan,100
Manhattan,95
Manhattan,150
Manhattan,95
Manhattan,220
Manhattan,209
Manhattan,85
Manhattan,200
Manhattan,149
Manhattan,104
Manhattan,400
Manhattan,140
Manhattan,120
Manhattan,175
Manhattan,300
Manhattan,120
Manhattan,90
Manhattan,60
Manhattan,450
Manhattan,75
Manhattan,170
Manhattan,75
Manhattan,250
Manhattan,150
Manhattan,55
Manhattan,296
Manhattan,150
Manhattan,249
Manhattan,250
Manhattan,205
Manhattan,250
Manhattan,110
Manhattan,200
Manhattan,120
Manhattan,110
Manhattan,205
Manhattan,183
Manhattan,199
Manhattan,130
Manhattan,285
Manhattan,100
Manhattan,285
Manhattan,175
Manhattan,465
Manhattan,175
Manhattan,156
Manhattan,191
Manhattan,305
Manhattan,200
Manhattan,105
Manhattan,100
Manhattan,120
Manhattan,300
Manhattan,100
Manhattan,108
Manhattan,121
Manhattan,180
Manhattan,180
Manhattan,250
Manhattan,175
Manhattan,175
Manhattan,190
Manhattan,160
Manhattan,51
Manhattan,150
Manhattan,150
Manhattan,110
Manhattan,275
Manhattan,60
Manhattan,65
Manhattan,110
Manhattan,60
Manhattan,90
Manhattan,69
Manhattan,120
Manhattan,95
Manhattan,210
Manhattan,300
Manhattan,180
Manhattan,70
Manhattan,95
Manhattan,62
Manhattan,40
Manhattan,70
Manhattan,115
Manhattan,275
Manhattan,55
Manhattan,125
Manhattan,130
Manhattan,78
Manhattan,150
Manhattan,90
Manhattan,70
Manhattan,185
Manhattan,49
Manhattan,110
Manhattan,450
Manhattan,150
Manhattan,80
Manhattan,80
Manhattan,310
Manhattan,70
Manhattan,325
Manhattan,125
Manhattan,150
Manhattan,145
Manhattan,199
Manhattan,214
Manhattan,70
Manhattan,240
Manhattan,45
Manhattan,45
Manhattan,90
Manhattan,225
Manhattan,150
Manhattan,182
Manhattan,62
Manhattan,175
Manhattan,98
Manhattan,61
Manhattan,159
Manhattan,125
Manhattan,85
Manhattan,209
Manhattan,225
Manhattan,100
Manhattan,280
Manhattan,175
Manhattan,150
Manhattan,180
Manhattan,250
Manhattan,295
Manhattan,40
Manhattan,150
Manhattan,40
Manhattan,180
Manhattan,145
Manhattan,275
Manhattan,175
Manhattan,345
Manhattan,150
Manhattan,75
Manhattan,219
Manhattan,225
Manhattan,275
Manhattan,350
Manhattan,175
Manhattan,175
Manhattan,299
Manhattan,99
Manhattan,95
Manhattan,655
Manhattan,99
Manhattan,250
Manhattan,190
Manhattan,325
Manhattan,95
Manhattan,500
Manhattan,160
Manhattan,303
Manhattan,400
Manhattan,132
Manhattan,125
Manhattan,165
Manhattan,150
Manhattan,300
Manhattan,200
Manhattan,110
Manhattan,166
Manhattan,220
Manhattan,80
Manhattan,50
Manhattan,50
Manhattan,185
Manhattan,300
Manhattan,199
Manhattan,150
Manhattan,299
Manhattan,98
Manhattan,150
Manhattan,1200
Manhattan,300
Manhattan,200
Manhattan,80
Manhattan,60
Manhattan,126
Manhattan,55
Manhattan,325
Manhattan,9999
Manhattan,150
Manhattan,99
Manhattan,290
Manhattan,43
Manhattan,85
Manhattan,95
Manhattan,180
Manhattan,100
Manhattan,129
Manhattan,85
Manhattan,195
Manhattan,95
Manhattan,50
Manhattan,83
Manhattan,200
Manhattan,265
Manhattan,350
Manhattan,80
Manhattan,130
Manhattan,130
Manhattan,200
Manhattan,350
Manhattan,265
Manhattan,228
Manhattan,90
Manhattan,65
Manhattan,225
Manhattan,500
Manhattan,300
Manhattan,299
Manhattan,85
Manhattan,80
Manhattan,250
Manhattan,49
Manhattan,300
Manhattan,300
Manhattan,90
Manhattan,289
Manhattan,44
Manhattan,110
Manhattan,100
Manhattan,100
Manhattan,375
Manhattan,245
Manhattan,250
Manhattan,225
Manhattan,68
Manhattan,220
Manhattan,120
Manhattan,199
Manhattan,92
Manhattan,179
Manhattan,80
Manhattan,80
Manhattan,100
Manhattan,166
Manhattan,63
Manhattan,115
Manhattan,140
Manhattan,150
Manhattan,39
Manhattan,450
Manhattan,80
Manhattan,75
Manhattan,450
Manhattan,150
Manhattan,125
Manhattan,260
Manhattan,85
Manhattan,199
Manhattan,99
Manhattan,200
Manhattan,135
Manhattan,99
Manhattan,145
Manhattan,349
Manhattan,75
Manhattan,119
Manhattan,65
Manhattan,50
Manhattan,199
Manhattan,80
Manhattan,55
Manhattan,235
Manhattan,120
Manhattan,195
Manhattan,109
Manhattan,150
Manhattan,450
Manhattan,60
Manhattan,70
Manhattan,120
Manhattan,75
Manhattan,160
Manhattan,199
Manhattan,260
Manhattan,395
Manhattan,60
Manhattan,107
Manhattan,230
Manhattan,288
Manhattan,85
Manhattan,84
Manhattan,125
Manhattan,269
Manhattan,150
Manhattan,190
Manhattan,89
Manhattan,400
Manhattan,200
Manhattan,110
Manhattan,95
Manhattan,145
Manhattan,550
Manhattan,95
Manhattan,160
Manhattan,77
Manhattan,200
Manhattan,160
Manhattan,224
Manhattan,300
Manhattan,100
Manhattan,100
Manhattan,139
Manhattan,112
Manhattan,85
Manhattan,390
Manhattan,55
Manhattan,85
Manhattan,155
Manhattan,200
Manhattan,58
Manhattan,70
Manhattan,50
Manhattan,200
Manhattan,250
Manhattan,150
Manhattan,100
Manhattan,177
Manhattan,108
Manhattan,101
Manhattan,62
Manhattan,65
Manhattan,150
Manhattan,160
Manhattan,135
Manhattan,170
Manhattan,85
Manhattan,450
Manhattan,140
Manhattan,135
Manhattan,200
Manhattan,280
Manhattan,200
Manhattan,197
Manhattan,100
Manhattan,84
Manhattan,150
Manhattan,195
Manhattan,37
Manhattan,200
Manhattan,125
Manhattan,100
Manhattan,70
Manhattan,199
Manhattan,189
Manhattan,120
Manhattan,140
Manhattan,120
Manhattan,195
Manhattan,250
Manhattan,149
Manhattan,180
Manhattan,110
Manhattan,425
Manhattan,195
Manhattan,260
Manhattan,499
Manhattan,75
Manhattan,250
Manhattan,275
Manhattan,300
Manhattan,45
Manhattan,89
Manhattan,75
Manhattan,175
Manhattan,75
Manhattan,102
Manhattan,250
Manhattan,190
Manhattan,120
Manhattan,130
Manhattan,140
Manhattan,90
Manhattan,1000
Manhattan,99
Manhattan,250
Manhattan,80
Manhattan,300
Manhattan,45
Manhattan,200
Manhattan,65
Manhattan,70
Manhattan,240
Manhattan,50
Manhattan,100
Manhattan,200
Manhattan,125
Manhattan,90
Manhattan,45
Manhattan,188
Manhattan,88
Manhattan,65
Manhattan,129
Manhattan,500
Manhattan,750
Manhattan,150
Manhattan,195
Manhattan,275
Manhattan,699
Manhattan,180
Manhattan,140
Manhattan,1200
Manhattan,130
Manhattan,200
Manhattan,125
Manhattan,62
Manhattan,144
Manhattan,45
Manhattan,50
Manhattan,86
Manhattan,372
Manhattan,29
Manhattan,124
Manhattan,90
Manhattan,300
Manhattan,70
Manhattan,100
Manhattan,139
Manhattan,200
Manhattan,300
Manhattan,260
Manhattan,120
Manhattan,110
Manhattan,90
Manhattan,83
Manhattan,65
Manhattan,140
Manhattan,799
Manhattan,1100
Manhattan,140
Manhattan,100
Manhattan,110
Manhattan,75
Manhattan,150
Manhattan,70
Manhattan,85
Manhattan,150
Manhattan,145
Manhattan,77
Manhattan,200
Manhattan,365
Manhattan,180
Manhattan,230
Manhattan,79
Manhattan,165
Manhattan,72
Manhattan,369
Manhattan,63
Manhattan,165
Manhattan,112
Manhattan,160
Manhattan,500
Manhattan,48
Manhattan,150
Manhattan,199
Manhattan,60
Manhattan,125
Manhattan,62
Manhattan,60
Manhattan,600
Manhattan,195
Manhattan,68
Manhattan,45
Manhattan,200
Manhattan,80
Manhattan,125
Manhattan,199
Manhattan,85
Manhattan,69
Manhattan,120
Manhattan,130
Manhattan,210
Manhattan,110
Manhattan,250
Manhattan,80
Manhattan,325
Manhattan,300
Manhattan,197
Manhattan,60
Manhattan,250
Manhattan,100
Manhattan,28
Manhattan,149
Manhattan,225
Manhattan,120
Manhattan,99
Manhattan,120
Manhattan,275
Manhattan,290
Manhattan,300
Manhattan,75
Manhattan,80
Manhattan,210
Manhattan,150
Manhattan,100
Manhattan,60
Manhattan,180
Manhattan,45
Manhattan,90
Manhattan,200
Manhattan,239
Manhattan,139
Manhattan,279
Manhattan,70
Manhattan,90
Manhattan,250
Manhattan,850
Manhattan,369
Manhattan,200
Manhattan,65
Manhattan,239
Manhattan,239
Manhattan,239
Manhattan,239
Manhattan,175
Manhattan,200
Manhattan,103
Manhattan,80
Manhattan,145
Manhattan,275
Manhattan,150
Manhattan,229
Manhattan,200
Manhattan,300
Manhattan,200
Manhattan,200
Manhattan,180
Manhattan,270
Manhattan,30
Manhattan,55
Manhattan,139
Manhattan,101
Manhattan,85
Manhattan,325
Manhattan,275
Manhattan,249
Manhattan,249
Manhattan,239
Manhattan,100
Manhattan,239
Manhattan,239
Manhattan,239
Manhattan,200
Manhattan,50
Manhattan,190
Manhattan,369
Manhattan,100
Manhattan,115
Manhattan,150
Manhattan,400
Manhattan,180
Manhattan,149
Manhattan,89
Manhattan,85
Manhattan,67
Manhattan,94
Manhattan,70
Manhattan,60
Manhattan,149
Manhattan,100
Manhattan,120
Manhattan,150
Manhattan,135
Manhattan,225
Manhattan,45
Manhattan,140
Manhattan,160
Manhattan,160
Manhattan,180
Manhattan,179
Manhattan,120
Manhattan,100
Manhattan,300
Manhattan,152
Manhattan,100
Manhattan,200
Manhattan,250
Manhattan,200
Manhattan,200
Manhattan,245
Manhattan,79
Manhattan,175
Manhattan,180
Manhattan,139
Manhattan,55
Manhattan,380
Manhattan,200
Manhattan,180
Manhattan,60
Manhattan,150
Manhattan,120
Manhattan,250
Manhattan,125
Manhattan,146
Manhattan,42
Manhattan,90
Manhattan,70
Manhattan,169
Manhattan,200
Manhattan,200
Manhattan,369
Manhattan,215
Manhattan,249
Manhattan,110
Manhattan,110
Manhattan,79
Manhattan,199
Manhattan,50
Manhattan,140
Manhattan,330
Manhattan,91
Manhattan,225
Manhattan,66
Manhattan,174
Manhattan,150
Manhattan,85
Manhattan,135
Manhattan,175
Manhattan,145
Manhattan,50
Manhattan,120
Manhattan,50
Manhattan,199
Manhattan,90
Manhattan,49
Manhattan,65
Manhattan,100
Manhattan,130
Manhattan,225
Manhattan,97
Manhattan,150
Manhattan,200
Manhattan,139
Manhattan,140
Manhattan,95
Manhattan,110
Manhattan,250
Manhattan,90
Manhattan,139
Manhattan,150
Manhattan,170
Manhattan,75
Manhattan,120
Manhattan,80
Manhattan,100
Manhattan,100
Manhattan,129
Manhattan,199
Manhattan,60
Manhattan,219
Manhattan,150
Manhattan,500
Manhattan,120
Manhattan,59
Manhattan,70
Manhattan,100
Manhattan,150
Manhattan,70
Manhattan,199
Manhattan,89
Manhattan,154
Manhattan,220
Manhattan,59
Manhattan,95
Manhattan,129
Manhattan,105
Manhattan,40
Manhattan,170
Manhattan,75
Manhattan,199
Manhattan,485
Manhattan,125
Manhattan,150
Manhattan,95
Manhattan,200
Manhattan,90
Manhattan,120
Manhattan,100
Manhattan,110
Manhattan,70
Manhattan,75
Manhattan,110
Manhattan,80
Manhattan,170
Manhattan,155
Manhattan,65
Manhattan,165
Manhattan,115
Manhattan,150
Manhattan,125
Manhattan,150
Manhattan,170
Manhattan,150
Manhattan,150
Manhattan,45
Manhattan,55
Manhattan,100
Manhattan,100
Manhattan,78
Manhattan,148
Manhattan,100
Manhattan,196
Manhattan,101
Manhattan,50
Manhattan,150
Manhattan,102
Manhattan,250
Manhattan,115
Manhattan,129
Manhattan,90
Manhattan,120
Manhattan,150
Manhattan,146
Manhattan,70
Manhattan,115
Manhattan,49
Manhattan,200
Manhattan,166
Manhattan,150
Manhattan,150
Manhattan,175
Manhattan,150
Manhattan,425
Manhattan,75
Manhattan,170
Manhattan,120
Manhattan,67
Manhattan,80
Manhattan,220
Manhattan,79
Manhattan,226
Manhattan,169
Manhattan,98
Manhattan,150
Manhattan,125
Manhattan,179
Manhattan,90
Manhattan,99
Manhattan,140
Manhattan,55
Manhattan,90
Manhattan,175
Manhattan,117
Manhattan,39
Manhattan,190
Manhattan,249
Manhattan,159
Manhattan,125
Manhattan,299
Manhattan,175
Manhattan,42
Manhattan,179
Manhattan,95
Manhattan,125
Manhattan,45
Manhattan,95
Manhattan,200
Manhattan,85
Manhattan,315
Manhattan,350
Manhattan,150
Manhattan,140
Manhattan,100
Manhattan,140
Manhattan,800
Manhattan,110
Manhattan,90
Manhattan,65
Manhattan,60
Manhattan,60
Manhattan,150
Manhattan,587
Manhattan,175
Manhattan,166
Manhattan,120
Manhattan,145
Manhattan,80
Manhattan,239
Manhattan,550
Manhattan,195
Manhattan,90
Manhattan,99
Manhattan,75
Manhattan,100
Manhattan,118
Manhattan,97
Manhattan,210
Manhattan,185
Manhattan,200
Manhattan,125
Manhattan,102
Manhattan,449
Manhattan,200
Manhattan,84
Manhattan,95
Manhattan,152
Manhattan,124
Manhattan,58
Manhattan,159
Manhattan,250
Manhattan,150
Manhattan,250
Manhattan,500
Manhattan,55
Manhattan,36
Manhattan,165
Manhattan,179
Manhattan,209
Manhattan,149
Manhattan,150
Manhattan,275
Manhattan,110
Manhattan,99
Manhattan,85
Manhattan,189
Manhattan,100
Manhattan,75
Manhattan,125
Manhattan,150
Manhattan,105
Manhattan,99
Manhattan,60
Manhattan,150
Manhattan,52
Manhattan,115
Manhattan,105
Manhattan,80
Manhattan,225
Manhattan,120
Manhattan,65
Manhattan,160
Manhattan,60
Manhattan,90
Manhattan,230
Manhattan,250
Manhattan,299
Manhattan,499
Manhattan,70
Manhattan,165
Manhattan,180
Manhattan,119
Manhattan,37
Manhattan,50
Manhattan,199
Manhattan,85
Manhattan,275
Manhattan,250
Manhattan,105
Manhattan,100
Manhattan,70
Manhattan,65
Manhattan,180
Manhattan,220
Manhattan,135
Manhattan,140
Manhattan,180
Manhattan,165
Manhattan,100
Manhattan,91
Manhattan,175
Manhattan,110
Manhattan,199
Manhattan,99
Manhattan,40
Manhattan,235
Manhattan,155
Manhattan,135
Manhattan,295
Manhattan,77
Manhattan,230
Manhattan,285
Manhattan,200
Manhattan,300
Manhattan,250
Manhattan,135
Manhattan,135
Manhattan,50
Manhattan,125
Manhattan,139
Manhattan,360
Manhattan,60
Manhattan,60
Manhattan,35
Manhattan,65
Manhattan,160
Manhattan,225
Manhattan,250
Manhattan,65
Manhattan,125
Manhattan,260
Manhattan,79
Manhattan,1731
Manhattan,90
Manhattan,69
Manhattan,81
Manhattan,85
Manhattan,100
Manhattan,200
Manhattan,80
Manhattan,122
Manhattan,400
Manhattan,110
Manhattan,110
Manhattan,135
Manhattan,45
Manhattan,145
Manhattan,305
Manhattan,100
Manhattan,180
Manhattan,90
Manhattan,135
Manhattan,87
Manhattan,83
Manhattan,70
Manhattan,30
Manhattan,45
Manhattan,200
Manhattan,600
Manhattan,135
Manhattan,75
Manhattan,80
Manhattan,120
Manhattan,144
Manhattan,90
Manhattan,250
Manhattan,120
Manhattan,100
Manhattan,140
Manhattan,90
Manhattan,150
Manhattan,219
Manhattan,80
Manhattan,45
Manhattan,47
Manhattan,65
Manhattan,229
Manhattan,500
Manhattan,139
Manhattan,400
Manhattan,87
Manhattan,115
Manhattan,125
Manhattan,85
Manhattan,85
Manhattan,85
Manhattan,220
Manhattan,275
Manhattan,46
Manhattan,65
Manhattan,95
Manhattan,196
Manhattan,80
Manhattan,82
Manhattan,136
Manhattan,75
Manhattan,68
Manhattan,450
Manhattan,99
Manhattan,180
Manhattan,90
Manhattan,125
Manhattan,200
Manhattan,70
Manhattan,300
Manhattan,250
Manhattan,140
Manhattan,59
Manhattan,80
Manhattan,150
Manhattan,129
Manhattan,75
Manhattan,63
Manhattan,120
Manhattan,125
Manhattan,450
Manhattan,1250
Manhattan,70
Manhattan,180
Manhattan,185
Manhattan,70
Manhattan,110
Manhattan,100
Manhattan,125
Manhattan,225
Manhattan,175
Manhattan,325
Manhattan,275
Manhattan,130
Manhattan,179
Manhattan,80
Manhattan,99
Manhattan,135
Manhattan,75
Manhattan,200
Manhattan,80
Manhattan,90
Manhattan,70
Manhattan,132
Manhattan,250
Manhattan,199
Manhattan,99
Manhattan,100
Manhattan,200
Manhattan,70
Manhattan,39
Manhattan,150
Manhattan,60
Manhattan,89
Manhattan,200
Manhattan,70
Manhattan,117
Manhattan,100
Manhattan,150
Manhattan,120
Manhattan,320
Manhattan,115
Manhattan,120
Manhattan,150
Manhattan,165
Manhattan,200
Manhattan,175
Manhattan,270
Manhattan,80
Manhattan,110
Manhattan,129
Manhattan,50
Manhattan,83
Manhattan,40
Manhattan,85
Manhattan,400
Manhattan,64
Manhattan,130
Manhattan,65
Manhattan,200
Manhattan,60
Manhattan,80
Manhattan,90
Manhattan,80
Manhattan,100
Manhattan,200
Manhattan,130
Manhattan,82
Manhattan,105
Manhattan,169
Manhattan,45
Manhattan,100
Manhattan,219
Manhattan,75
Manhattan,250
Manhattan,149
Manhattan,45
Manhattan,325
Manhattan,200
Manhattan,149
Manhattan,295
Manhattan,150
Manhattan,245
Manhattan,99
Manhattan,110
Manhattan,133
Manhattan,400
Manhattan,150
Manhattan,36
Manhattan,45
Manhattan,90
Manhattan,80
Manhattan,128
Manhattan,40
Manhattan,295
Manhattan,199
Manhattan,60
Manhattan,175
Manhattan,150
Manhattan,105
Manhattan,195
Manhattan,135
Manhattan,199
Manhattan,125
Manhattan,1100
Manhattan,52
Manhattan,119
Manhattan,70
Manhattan,100
Manhattan,250
Manhattan,150
Manhattan,150
Manhattan,35
Manhattan,200
Manhattan,99
Manhattan,170
Manhattan,399
Manhattan,87
Manhattan,75
Manhattan,140
Manhattan,395
Manhattan,80
Manhattan,198
Manhattan,199
Manhattan,65
Manhattan,150
Manhattan,50
Manhattan,40
Manhattan,259
Manhattan,125
Manhattan,160
Manhattan,265
Manhattan,85
Manhattan,79
Manhattan,100
Manhattan,90
Manhattan,200
Manhattan,150
Manhattan,125
Manhattan,369
Manhattan,60
Manhattan,250
Manhattan,189
Manhattan,814
Manhattan,100
Manhattan,300
Manhattan,65
Manhattan,150
Manhattan,80
Manhattan,200
Manhattan,69
Manhattan,150
Manhattan,79
Manhattan,199
Manhattan,450
Manhattan,550
Manhattan,120
Manhattan,90
Manhattan,70
Manhattan,70
Manhattan,150
Manhattan,200
Manhattan,145
Manhattan,95
Manhattan,83
Manhattan,50
Manhattan,200
Manhattan,100
Manhattan,110
Manhattan,500
Manhattan,550
Manhattan,57
Manhattan,120
Manhattan,90
Manhattan,180
Manhattan,90
Manhattan,250
Manhattan,550
Manhattan,50
Manhattan,112
Manhattan,117
Manhattan,235
Manhattan,75
Manhattan,180
Manhattan,100
Manhattan,125
Manhattan,130
Manhattan,120
Manhattan,83
Manhattan,138
Manhattan,150
Manhattan,90
Manhattan,154
Manhattan,110
Manhattan,185
Manhattan,108
Manhattan,98
Manhattan,125
Manhattan,245
Manhattan,230
Manhattan,200
Manhattan,40
Manhattan,75
Manhattan,255
Manhattan,199
Manhattan,90
Manhattan,150
Manhattan,229
Manhattan,115
Manhattan,70
Manhattan,120
Manhattan,135
Manhattan,2000
Manhattan,160
Manhattan,70
Manhattan,140
Manhattan,125
Manhattan,700
Manhattan,30
Manhattan,200
Manhattan,145
Manhattan,170
Manhattan,70
Manhattan,168
Manhattan,250
Manhattan,55
Manhattan,85
Manhattan,60
Manhattan,165
Manhattan,145
Manhattan,125
Manhattan,250
Manhattan,140
Manhattan,278
Manhattan,285
Manhattan,29
Manhattan,65
Manhattan,130
Manhattan,39
Manhattan,145
Manhattan,79
Manhattan,35
Manhattan,325
Manhattan,40
Manhattan,105
Manhattan,43
Manhattan,175
Manhattan,200
Manhattan,95
Manhattan,65
Manhattan,200
Manhattan,1200
Manhattan,65
Manhattan,110
Manhattan,75
Manhattan,80
Manhattan,177
Manhattan,190
Manhattan,240
Manhattan,150
Manhattan,110
Manhattan,199
Manhattan,65
Manhattan,140
Manhattan,200
Manhattan,100
Manhattan,499
Manhattan,175
Manhattan,80
Manhattan,175
Manhattan,159
Manhattan,91
Manhattan,175
Manhattan,100
Manhattan,140
Manhattan,55
Manhattan,180
Manhattan,200
Manhattan,90
Manhattan,180
Manhattan,228
Manhattan,250
Manhattan,65
Manhattan,188
Manhattan,130
Manhattan,130
Manhattan,50
Manhattan,200
Manhattan,230
Manhattan,170
Manhattan,79
Manhattan,125
Manhattan,285
Manhattan,421
Manhattan,110
Manhattan,169
Manhattan,150
Manhattan,120
Manhattan,140
Manhattan,160
Manhattan,600
Manhattan,76
Manhattan,75
Manhattan,140
Manhattan,225
Manhattan,87
Manhattan,131
Manhattan,198
Manhattan,450
Manhattan,100
Manhattan,250
Manhattan,280
Manhattan,1100
Manhattan,165
Manhattan,84
Manhattan,375
Manhattan,135
Manhattan,165
Manhattan,300
Manhattan,45
Manhattan,400
Manhattan,60
Manhattan,250
Manhattan,199
Manhattan,44
Manhattan,200
Manhattan,139
Manhattan,120
Manhattan,120
Manhattan,70
Manhattan,89
Manhattan,200
Manhattan,90
Manhattan,190
Manhattan,150
Manhattan,85
Manhattan,65
Manhattan,110
Manhattan,70
Manhattan,75
Manhattan,59
Manhattan,85
Manhattan,138
Manhattan,90
Manhattan,225
Manhattan,150
Manhattan,150
Manhattan,140
Manhattan,205
Manhattan,190
Manhattan,110
Manhattan,100
Manhattan,75
Manhattan,190
Manhattan,200
Manhattan,500
Manhattan,140
Manhattan,50
Manhattan,135
Manhattan,109
Manhattan,95
Manhattan,40
Manhattan,101
Manhattan,99
Manhattan,110
Manhattan,299
Manhattan,79
Manhattan,52
Manhattan,95
Manhattan,110
Manhattan,215
Manhattan,450
Manhattan,220
Manhattan,355
Manhattan,185
Manhattan,297
Manhattan,133
Manhattan,100
Manhattan,250
Manhattan,135
Manhattan,75
Manhattan,142
Manhattan,200
Manhattan,97
Manhattan,229
Manhattan,175
Manhattan,185
Manhattan,50
Manhattan,175
Manhattan,133
Manhattan,32
Manhattan,80
Manhattan,65
Manhattan,100
Manhattan,26
Manhattan,100
Manhattan,90
Manhattan,89
Manhattan,285
Manhattan,46
Manhattan,275
Manhattan,250
Manhattan,140
Manhattan,133
Manhattan,150
Manhattan,142
Manhattan,95
Manhattan,165
Manhattan,99
Manhattan,133
Manhattan,119
Manhattan,99
Manhattan,129
Manhattan,229
Manhattan,350
Manhattan,205
Manhattan,150
Manhattan,186
Manhattan,172
Manhattan,250
Manhattan,133
Manhattan,150
Manhattan,290
Manhattan,120
Manhattan,165
Manhattan,180
Manhattan,145
Manhattan,117
Manhattan,180
Manhattan,140
Manhattan,119
Manhattan,125
Manhattan,120
Manhattan,95
Manhattan,110
Manhattan,159
Manhattan,220
Manhattan,159
Manhattan,70
Manhattan,40
Manhattan,81
Manhattan,190
Manhattan,225
Manhattan,360
Manhattan,125
Manhattan,150
Manhattan,130
Manhattan,140
Manhattan,60
Manhattan,142
Manhattan,125
Manhattan,133
Manhattan,625
Manhattan,100
Manhattan,175
Manhattan,245
Manhattan,125
Manhattan,159
Manhattan,150
Manhattan,148
Manhattan,165
Manhattan,225
Manhattan,70
Manhattan,50
Manhattan,400
Manhattan,100
Manhattan,199
Manhattan,200
Manhattan,200
Manhattan,50
Manhattan,102
Manhattan,152
Manhattan,250
Manhattan,450
Manhattan,96
Manhattan,130
Manhattan,120
Manhattan,122
Manhattan,400
Manhattan,250
Manhattan,120
Manhattan,130
Manhattan,154
Manhattan,100
Manhattan,130
Manhattan,60
Manhattan,133
Manhattan,275
Manhattan,112
Manhattan,142
Manhattan,200
Manhattan,425
Manhattan,110
Manhattan,70
Manhattan,65
Manhattan,140
Manhattan,150
Manhattan,74
Manhattan,275
Manhattan,69
Manhattan,110
Manhattan,142
Manhattan,75
Manhattan,133
Manhattan,79
Manhattan,239
Manhattan,100
Manhattan,140
Manhattan,250
Manhattan,75
Manhattan,195
Manhattan,70
Manhattan,199
Manhattan,65
Manhattan,150
Manhattan,650
Manhattan,92
Manhattan,105
Manhattan,89
Manhattan,100
Manhattan,175
Manhattan,290
Manhattan,70
Manhattan,60
Manhattan,160
Manhattan,595
Manhattan,200
Manhattan,160
Manhattan,300
Manhattan,65
Manhattan,500
Manhattan,60
Manhattan,148
Manhattan,133
Manhattan,160
Manhattan,250
Manhattan,69
Manhattan,40
Manhattan,75
Manhattan,125
Manhattan,225
Manhattan,40
Manhattan,110
Manhattan,117
Manhattan,800
Manhattan,105
Manhattan,90
Manhattan,160
Manhattan,250
Manhattan,106
Manhattan,95
Manhattan,69
Manhattan,198
Manhattan,199
Manhattan,239
Manhattan,239
Manhattan,239
Manhattan,239
Manhattan,239
Manhattan,239
Manhattan,239
Manhattan,80
Manhattan,240
Manhattan,200
Manhattan,159
Manhattan,70
Manhattan,369
Manhattan,120
Manhattan,239
Manhattan,125
Manhattan,50
Manhattan,120
Manhattan,100
Manhattan,140
Manhattan,70
Manhattan,450
Manhattan,350
Manhattan,68
Manhattan,52
Manhattan,75
Manhattan,65
Manhattan,999
Manhattan,150
Manhattan,150
Manhattan,325
Manhattan,170
Manhattan,75
Manhattan,72
Manhattan,175
Manhattan,125
Manhattan,200
Manhattan,1000
Manhattan,175
Manhattan,84
Manhattan,149
Manhattan,160
Manhattan,32
Manhattan,380
Manhattan,239
Manhattan,200
Manhattan,129
Manhattan,239
Manhattan,140
Manhattan,239
Manhattan,56
Manhattan,239
Manhattan,239
Manhattan,239
Manhattan,170
Manhattan,35
Manhattan,239
Manhattan,239
Manhattan,175
Manhattan,239
Manhattan,65
Manhattan,125
Manhattan,325
Manhattan,333
Manhattan,90
Manhattan,245
Manhattan,999
Manhattan,400
Manhattan,160
Manhattan,206
Manhattan,70
Manhattan,239
Manhattan,82
Manhattan,369
Manhattan,369
Manhattan,99
Manhattan,160
Manhattan,220
Manhattan,99
Manhattan,75
Manhattan,300
Manhattan,140
Manhattan,98
Manhattan,99
Manhattan,178
Manhattan,60
Manhattan,268
Manhattan,177
Manhattan,60
Manhattan,139
Manhattan,100
Manhattan,55
Manhattan,175
Manhattan,45
Manhattan,250
Manhattan,80
Manhattan,136
Manhattan,149
Manhattan,89
Manhattan,110
Manhattan,179
Manhattan,65
Manhattan,500
Manhattan,85
Manhattan,150
Manhattan,200
Manhattan,95
Manhattan,100
Manhattan,85
Manhattan,111
Manhattan,84
Manhattan,95
Manhattan,225
Manhattan,90
Manhattan,60
Manhattan,175
Manhattan,115
Manhattan,120
Manhattan,155
Manhattan,185
Manhattan,60
Manhattan,160
Manhattan,210
Manhattan,200
Manhattan,65
Manhattan,140
Manhattan,143
Manhattan,85
Manhattan,449
Manhattan,35
Manhattan,369
Manhattan,70
Manhattan,110
Manhattan,65
Manhattan,109
Manhattan,275
Manhattan,110
Manhattan,78
Manhattan,49
Manhattan,109
Manhattan,65
Manhattan,150
Manhattan,225
Manhattan,100
Manhattan,125
Manhattan,115
Manhattan,200
Manhattan,159
Manhattan,150
Manhattan,250
Manhattan,160
Manhattan,175
Manhattan,77
Manhattan,359
Manhattan,219
Manhattan,140
Manhattan,99
Manhattan,198
Manhattan,350
Manhattan,80
Manhattan,135
Manhattan,60
Manhattan,75
Manhattan,69
Manhattan,239
Manhattan,150
Manhattan,42
Manhattan,195
Manhattan,194
Manhattan,165
Manhattan,70
Manhattan,200
Manhattan,139
Manhattan,339
Manhattan,190
Manhattan,2500
Manhattan,105
Manhattan,70
Manhattan,120
Manhattan,100
Manhattan,525
Manhattan,350
Manhattan,60
Manhattan,80
Manhattan,359
Manhattan,200
Manhattan,120
Manhattan,140
Manhattan,249
Manhattan,300
Manhattan,94
Manhattan,399
Manhattan,80
Manhattan,220
Manhattan,80
Manhattan,99
Manhattan,250
Manhattan,180
Manhattan,115
Manhattan,299
Manhattan,89
Manhattan,100
Manhattan,300
Manhattan,65
Manhattan,50
Manhattan,120
Manhattan,125
Manhattan,56
Manhattan,219
Manhattan,197
Manhattan,115
Manhattan,500
Manhattan,175
Manhattan,140
Manhattan,359
Manhattan,75
Manhattan,62
Manhattan,96
Manhattan,350
Manhattan,100
Manhattan,50
Manhattan,150
Manhattan,81
Manhattan,150
Manhattan,154
Manhattan,140
Manhattan,130
Manhattan,250
Manhattan,290
Manhattan,85
Manhattan,150
Manhattan,195
Manhattan,186
Manhattan,99
Manhattan,155
Manhattan,500
Manhattan,175
Manhattan,148
Manhattan,130
Manhattan,80
Manhattan,150
Manhattan,70
Manhattan,150
Manhattan,82
Manhattan,200
Manhattan,150
Manhattan,159
Manhattan,38
Manhattan,155
Manhattan,150
Manhattan,100
Manhattan,110
Manhattan,325
Manhattan,225
Manhattan,190
Manhattan,650
Manhattan,175
Manhattan,40
Manhattan,125
Manhattan,85
Manhattan,90
Manhattan,53
Manhattan,45
Manhattan,110
Manhattan,6000
Manhattan,199
Manhattan,200
Manhattan,274
Manhattan,45
Manhattan,350
Manhattan,350
Manhattan,180
Manhattan,225
Manhattan,55
Manhattan,150
Manhattan,35
Manhattan,53
Manhattan,300
Manhattan,299
Manhattan,500
Manhattan,185
Manhattan,98
Manhattan,399
Manhattan,170
Manhattan,80
Manhattan,376
Manhattan,200
Manhattan,60
Manhattan,250
Manhattan,209
Manhattan,60
Manhattan,218
Manhattan,160
Manhattan,200
Manhattan,120
Manhattan,70
Manhattan,235
Manhattan,275
Manhattan,49
Manhattan,85
Manhattan,85
Manhattan,218
Manhattan,135
Manhattan,43
Manhattan,115
Manhattan,39
Manhattan,45
Manhattan,25
Manhattan,125
Manhattan,110
Manhattan,185
Manhattan,40
Manhattan,150
Manhattan,100
Manhattan,136
Manhattan,180
Manhattan,980
Manhattan,100
Manhattan,73
Manhattan,99
Manhattan,180
Manhattan,87
Manhattan,69
Manhattan,150
Manhattan,75
Manhattan,150
Manhattan,100
Manhattan,224
Manhattan,125
Manhattan,60
Manhattan,115
Manhattan,105
Manhattan,69
Manhattan,200
Manhattan,197
Manhattan,35
Manhattan,90
Manhattan,170
Manhattan,180
Manhattan,142
Manhattan,98
Manhattan,59
Manhattan,250
Manhattan,50
Manhattan,140
Manhattan,184
Manhattan,50
Manhattan,240
Manhattan,45
Manhattan,38
Manhattan,85
Manhattan,259
Manhattan,50
Manhattan,60
Manhattan,80
Manhattan,115
Manhattan,250
Manhattan,75
Manhattan,90
Manhattan,46
Manhattan,35
Manhattan,175
Manhattan,155
Manhattan,143
Manhattan,140
Manhattan,120
Manhattan,50
Manhattan,90
Manhattan,49
Manhattan,55
Manhattan,105
Manhattan,50
Manhattan,90
Manhattan,140
Manhattan,95
Manhattan,75
Manhattan,244
Manhattan,75
Manhattan,105
Manhattan,150
Manhattan,35
Manhattan,51
Manhattan,105
Manhattan,84
Manhattan,150
Manhattan,100
Manhattan,100
Manhattan,85
Manhattan,120
Manhattan,90
Manhattan,65
Manhattan,99
Manhattan,1000
Manhattan,177
Manhattan,59
Manhattan,190
Manhattan,1000
Manhattan,195
Manhattan,55
Manhattan,100
Manhattan,195
Manhattan,90
Manhattan,85
Manhattan,150
Manhattan,199
Manhattan,60
Manhattan,100
Manhattan,163
Manhattan,187
Manhattan,225
Manhattan,92
Manhattan,100
Manhattan,225
Manhattan,150
Manhattan,50
Manhattan,80
Manhattan,260
Manhattan,133
Manhattan,154
Manhattan,150
Manhattan,125
Manhattan,60
Manhattan,75
Manhattan,100
Manhattan,100
Manhattan,65
Manhattan,200
Manhattan,180
Manhattan,112
Manhattan,230
Manhattan,375
Manhattan,130
Manhattan,120
Manhattan,900
Manhattan,150
Manhattan,191
Manhattan,219
Manhattan,115
Manhattan,145
Manhattan,399
Manhattan,95
Manhattan,480
Manhattan,180
Manhattan,140
Manhattan,197
Manhattan,310
Manhattan,128
Manhattan,150
Manhattan,280
Manhattan,93
Manhattan,390
Manhattan,115
Manhattan,256
Manhattan,250
Manhattan,200
Manhattan,41
Manhattan,100
Manhattan,75
Manhattan,300
Manhattan,50
Manhattan,72
Manhattan,150
Manhattan,200
Manhattan,50
Manhattan,45
Manhattan,90
Manhattan,85
Manhattan,80
Manhattan,149
Manhattan,67
Manhattan,179
Manhattan,180
Manhattan,140
Manhattan,59
Manhattan,200
Manhattan,450
Manhattan,120
Manhattan,250
Manhattan,180
Manhattan,180
Manhattan,65
Manhattan,87
Manhattan,225
Manhattan,77
Manhattan,239
Manhattan,30
Manhattan,67
Manhattan,700
Manhattan,150
Manhattan,60
Manhattan,50
Manhattan,125
Manhattan,125
Manhattan,198
Manhattan,150
Manhattan,150
Manhattan,46
Manhattan,145
Manhattan,220
Manhattan,225
Manhattan,2000
Manhattan,175
Manhattan,110
Manhattan,350
Manhattan,329
Manhattan,160
Manhattan,169
Manhattan,115
Manhattan,60
Manhattan,142
Manhattan,40
Manhattan,100
Manhattan,175
Manhattan,399
Manhattan,110
Manhattan,100
Manhattan,177
Manhattan,158
Manhattan,135
Manhattan,100
Manhattan,315
Manhattan,45
Manhattan,125
Manhattan,49
Manhattan,220
Manhattan,220
Manhattan,74
Manhattan,290
Manhattan,199
Manhattan,95
Manhattan,95
Manhattan,300
Manhattan,259
Manhattan,120
Manhattan,150
Manhattan,120
Manhattan,225
Manhattan,49
Manhattan,150
Manhattan,100
Manhattan,275
Manhattan,195
Manhattan,170
Manhattan,160
Manhattan,350
Manhattan,350
Manhattan,100
Manhattan,850
Manhattan,180
Manhattan,70
Manhattan,170
Manhattan,90
Manhattan,45
Manhattan,45
Manhattan,45
Manhattan,45
Manhattan,90
Manhattan,150
Manhattan,125
Manhattan,295
Manhattan,75
Manhattan,175
Manhattan,90
Manhattan,100
Manhattan,55
Manhattan,249
Manhattan,180
Manhattan,87
Manhattan,145
Manhattan,99
Manhattan,186
Manhattan,210
Manhattan,75
Manhattan,400
Manhattan,190
Manhattan,245
Manhattan,245
Manhattan,192
Manhattan,219
Manhattan,179
Manhattan,199
Manhattan,238
Manhattan,49
Manhattan,115
Manhattan,100
Manhattan,300
Manhattan,100
Manhattan,400
Manhattan,199
Manhattan,163
Manhattan,126
Manhattan,150
Manhattan,199
Manhattan,256
Manhattan,289
Manhattan,219
Manhattan,239
Manhattan,150
Manhattan,200
Manhattan,126
Manhattan,200
Manhattan,175
Manhattan,159
Manhattan,130
Manhattan,170
Manhattan,100
Manhattan,140
Manhattan,175
Manhattan,198
Manhattan,110
Manhattan,160
Manhattan,270
Manhattan,205
Manhattan,205
Manhattan,230
Manhattan,159
Manhattan,250
Manhattan,180
Manhattan,190
Manhattan,294
Manhattan,559
Manhattan,250
Manhattan,269
Manhattan,206
Manhattan,40
Manhattan,105
Manhattan,75
Manhattan,165
Manhattan,55
Manhattan,250
Manhattan,200
Manhattan,100
Manhattan,60
Manhattan,215
Manhattan,250
Manhattan,200
Manhattan,135
Manhattan,80
Manhattan,60
Manhattan,123
Manhattan,235
Manhattan,90
Manhattan,75
Manhattan,99
Manhattan,199
Manhattan,138
Manhattan,119
Manhattan,75
Manhattan,70
Manhattan,600
Manhattan,225
Manhattan,100
Manhattan,202
Manhattan,60
Manhattan,70
Manhattan,200
Manhattan,105
Manhattan,130
Manhattan,100
Manhattan,175
Manhattan,325
Manhattan,80
Manhattan,278
Manhattan,195
Manhattan,225
Manhattan,65
Manhattan,119
Manhattan,154
Manhattan,80
Manhattan,250
Manhattan,142
Manhattan,199
Manhattan,99
Manhattan,62
Manhattan,350
Manhattan,180
Manhattan,115
Manhattan,150
Manhattan,70
Manhattan,50
Manhattan,150
Manhattan,140
Manhattan,99
Manhattan,99
Manhattan,165
Manhattan,189
Manhattan,85
Manhattan,268
Manhattan,55
Manhattan,179
Manhattan,245
Manhattan,300
Manhattan,369
Manhattan,40
Manhattan,65
Manhattan,100
Manhattan,40
Manhattan,165
Manhattan,295
Manhattan,219
Manhattan,160
Manhattan,109
Manhattan,95
Manhattan,100
Manhattan,50
Manhattan,115
Manhattan,350
Manhattan,131
Manhattan,99
Manhattan,250
Manhattan,250
Manhattan,150
Manhattan,100
Manhattan,85
Manhattan,225
Manhattan,105
Manhattan,275
Manhattan,149
Manhattan,90
Manhattan,129
Manhattan,160
Manhattan,100
Manhattan,115
Manhattan,79
Manhattan,36
Manhattan,138
Manhattan,138
Manhattan,175
Manhattan,59
Manhattan,50
Manhattan,104
Manhattan,110
Manhattan,199
Manhattan,150
Manhattan,99
Manhattan,52
Manhattan,171
Manhattan,120
Manhattan,165
Manhattan,69
Manhattan,79
Manhattan,160
Manhattan,170
Manhattan,249
Manhattan,66
Manhattan,200
Manhattan,80
Manhattan,125
Manhattan,65
Manhattan,79
Manhattan,2000
Manhattan,100
Manhattan,75
Manhattan,240
Manhattan,200
Manhattan,250
Manhattan,120
Manhattan,80
Manhattan,120
Manhattan,120
Manhattan,200
Manhattan,100
Manhattan,55
Manhattan,110
Manhattan,70
Manhattan,100
Manhattan,50
Manhattan,150
Manhattan,150
Manhattan,110
Manhattan,110
Manhattan,110
Manhattan,149
Manhattan,79
Manhattan,185
Manhattan,85
Manhattan,200
Manhattan,250
Manhattan,300
Manhattan,133
Manhattan,75
Manhattan,299
Manhattan,115
Manhattan,150
Manhattan,83
Manhattan,150
Manhattan,150
Manhattan,75
Manhattan,195
Manhattan,250
Manhattan,225
Manhattan,450
Manhattan,84
Manhattan,172
Manhattan,110
Manhattan,180
Manhattan,150
Manhattan,67
Manhattan,159
Manhattan,199
Manhattan,70
Manhattan,150
Manhattan,60
Manhattan,250
Manhattan,239
Manhattan,110
Manhattan,110
Manhattan,150
Manhattan,165
Manhattan,239
Manhattan,245
Manhattan,150
Manhattan,200
Manhattan,35
Manhattan,200
Manhattan,120
Manhattan,199
Manhattan,55
Manhattan,199
Manhattan,140
Manhattan,375
Manhattan,99
Manhattan,350
Manhattan,119
Manhattan,160
Manhattan,85
Manhattan,97
Manhattan,91
Manhattan,80
Manhattan,54
Manhattan,67
Manhattan,80
Manhattan,77
Manhattan,139
Manhattan,117
Manhattan,279
Manhattan,140
Manhattan,200
Manhattan,257
Manhattan,149
Manhattan,250
Manhattan,85
Manhattan,259
Manhattan,90
Manhattan,89
Manhattan,199
Manhattan,76
Manhattan,125
Manhattan,180
Manhattan,300
Manhattan,80
Manhattan,150
Manhattan,450
Manhattan,139
Manhattan,200
Manhattan,70
Manhattan,85
Manhattan,275
Manhattan,185
Manhattan,150
Manhattan,145
Manhattan,88
Manhattan,64
Manhattan,185
Manhattan,165
Manhattan,140
Manhattan,100
Manhattan,250
Manhattan,154
Manhattan,175
Manhattan,50
Manhattan,199
Manhattan,239
Manhattan,235
Manhattan,239
Manhattan,79
Manhattan,239
Manhattan,279
Manhattan,239
Manhattan,200
Manhattan,239
Manhattan,239
Manhattan,239
Manhattan,229
Manhattan,239
Manhattan,179
Manhattan,239
Manhattan,239
Manhattan,107
Manhattan,125
Manhattan,230
Manhattan,150
Manhattan,150
Manhattan,219
Manhattan,142
Manhattan,48
Manhattan,301
Manhattan,52
Manhattan,1100
Manhattan,160
Manhattan,106
Manhattan,176
Manhattan,70
Manhattan,125
Manhattan,76
Manhattan,240
Manhattan,130
Manhattan,50
Manhattan,149
Manhattan,169
Manhattan,120
Manhattan,120
Manhattan,105
Manhattan,191
Manhattan,288
Manhattan,150
Manhattan,79
Manhattan,200
Manhattan,78
Manhattan,234
Manhattan,325
Manhattan,119
Manhattan,95
Manhattan,99
Manhattan,175
Manhattan,137
Manhattan,165
Manhattan,101
Manhattan,95
Manhattan,119
Manhattan,170
Manhattan,150
Manhattan,157
Manhattan,49
Manhattan,101
Manhattan,69
Manhattan,199
Manhattan,175
Manhattan,45
Manhattan,139
Manhattan,90
Manhattan,225
Manhattan,65
Manhattan,190
Manhattan,48
Manhattan,196
Manhattan,80
Manhattan,90
Manhattan,65
Manhattan,110
Manhattan,100
Manhattan,200
Manhattan,360
Manhattan,75
Manhattan,69
Manhattan,169
Manhattan,79
Manhattan,230
Manhattan,175
Manhattan,140
Manhattan,372
Manhattan,80
Manhattan,225
Manhattan,100
Manhattan,109
Manhattan,75
Manhattan,100
Manhattan,50
Manhattan,130
Manhattan,90
Manhattan,67
Manhattan,219
Manhattan,167
Manhattan,180
Manhattan,250
Manhattan,115
Manhattan,150
Manhattan,225
Manhattan,99
Manhattan,90
Manhattan,110
Manhattan,189
Manhattan,150
Manhattan,150
Manhattan,90
Manhattan,90
Manhattan,199
Manhattan,70
Manhattan,36
Manhattan,59
Manhattan,185
Manhattan,150
Manhattan,161
Manhattan,260
Manhattan,100
Manhattan,210
Manhattan,245
Manhattan,220
Manhattan,95
Manhattan,250
Manhattan,167
Manhattan,200
Manhattan,199
Manhattan,140
Manhattan,57
Manhattan,150
Manhattan,125
Manhattan,179
Manhattan,295
Manhattan,67
Manhattan,199
Manhattan,200
Manhattan,149
Manhattan,125
Manhattan,73
Manhattan,200
Manhattan,300
Manhattan,220
Manhattan,36
Manhattan,200
Manhattan,100
Manhattan,175
Manhattan,81
Manhattan,95
Manhattan,150
Manhattan,40
Manhattan,150
Manhattan,99
Manhattan,69
Manhattan,259
Manhattan,129
Manhattan,49
Manhattan,300
Manhattan,185
Manhattan,110
Manhattan,185
Manhattan,85
Manhattan,295
Manhattan,123
Manhattan,89
Manhattan,140
Manhattan,169
Manhattan,145
Manhattan,165
Manhattan,110
Manhattan,115
Manhattan,175
Manhattan,65
Manhattan,79
Manhattan,50
Manhattan,115
Manhattan,70
Manhattan,110
Manhattan,89
Manhattan,259
Manhattan,160
Manhattan,113
Manhattan,300
Manhattan,125
Manhattan,105
Manhattan,275
Manhattan,400
Manhattan,159
Manhattan,200
Manhattan,225
Manhattan,199
Manhattan,75
Manhattan,408
Manhattan,273
Manhattan,275
Manhattan,200
Manhattan,199
Manhattan,265
Manhattan,700
Manhattan,80
Manhattan,135
Manhattan,70
Manhattan,99
Manhattan,128
Manhattan,85
Manhattan,75
Manhattan,349
Manhattan,50
Manhattan,110
Manhattan,325
Manhattan,134
Manhattan,150
Manhattan,150
Manhattan,150
Manhattan,165
Manhattan,75
Manhattan,130
Manhattan,130
Manhattan,145
Manhattan,60
Manhattan,60
Manhattan,99
Manhattan,250
Manhattan,129
Manhattan,150
Manhattan,198
Manhattan,61
Manhattan,45
Manhattan,150
Manhattan,80
Manhattan,80
Manhattan,129
Manhattan,200
Manhattan,90
Manhattan,90
Manhattan,110
Manhattan,150
Manhattan,115
Manhattan,189
Manhattan,125
Manhattan,175
Manhattan,99
Manhattan,185
Manhattan,177
Manhattan,102
Manhattan,120
Manhattan,155
Manhattan,67
Manhattan,55
Manhattan,125
Manhattan,125
Manhattan,133
Manhattan,100
Manhattan,69
Manhattan,158
Manhattan,176
Manhattan,150
Manhattan,250
Manhattan,50
Manhattan,65
Manhattan,118
Manhattan,189
Manhattan,79
Manhattan,200
Manhattan,125
Manhattan,124
Manhattan,86
Manhattan,69
Manhattan,50
Manhattan,155
Manhattan,90
Manhattan,499
Manhattan,118
Manhattan,57
Manhattan,95
Manhattan,40
Manhattan,65
Manhattan,40
Manhattan,215
Manhattan,199
Manhattan,59
Manhattan,150
Manhattan,110
Manhattan,300
Manhattan,75
Manhattan,99
Manhattan,51
Manhattan,120
Manhattan,49
Manhattan,175
Manhattan,350
Manhattan,119
Manhattan,110
Manhattan,185
Manhattan,50
Manhattan,95
Manhattan,30
Manhattan,225
Manhattan,199
Manhattan,300
Manhattan,200
Manhattan,129
Manhattan,495
Manhattan,125
Manhattan,92
Manhattan,119
Manhattan,500
Manhattan,124
Manhattan,85
Manhattan,150
Manhattan,250
Manhattan,115
Manhattan,65
Manhattan,175
Manhattan,250
Manhattan,250
Manhattan,350
Manhattan,124
Manhattan,150
Manhattan,210
Manhattan,125
Manhattan,112
Manhattan,200
Manhattan,135
Manhattan,42
Manhattan,105
Manhattan,240
Manhattan,140
Manhattan,199
Manhattan,65
Manhattan,70
Manhattan,69
Manhattan,250
Manhattan,70
Manhattan,175
Manhattan,110
Manhattan,75
Manhattan,75
Manhattan,70
Manhattan,200
Manhattan,120
Manhattan,200
Manhattan,230
Manhattan,48
Manhattan,135
Manhattan,150
Manhattan,100
Manhattan,55
Manhattan,80
Manhattan,399
Manhattan,150
Manhattan,80
Manhattan,155
Manhattan,120
Manhattan,95
Manhattan,199
Manhattan,90
Manhattan,150
Manhattan,60
Manhattan,210
Manhattan,55
Manhattan,70
Manhattan,95
Manhattan,76
Manhattan,195
Manhattan,80
Manhattan,199
Manhattan,40
Manhattan,39
Manhattan,175
Manhattan,80
Manhattan,100
Manhattan,100
Manhattan,200
Manhattan,80
Manhattan,69
Manhattan,123
Manhattan,130
Manhattan,325
Manhattan,95
Manhattan,165
Manhattan,250
Manhattan,130
Manhattan,200
Manhattan,70
Manhattan,172
Manhattan,100
Manhattan,150
Manhattan,133
Manhattan,65
Manhattan,125
Manhattan,140
Manhattan,300
Manhattan,80
Manhattan,200
Manhattan,74
Manhattan,135
Manhattan,90
Manhattan,200
Manhattan,165
Manhattan,500
Manhattan,97
Manhattan,150
Manhattan,100
Manhattan,169
Manhattan,70
Manhattan,1000
Manhattan,60
Manhattan,105
Manhattan,315
Manhattan,65
Manhattan,50
Manhattan,110
Manhattan,95
Manhattan,150
Manhattan,3800
Manhattan,147
Manhattan,110
Manhattan,100
Manhattan,110
Manhattan,140
Manhattan,479
Manhattan,270
Manhattan,85
Manhattan,350
Manhattan,89
Manhattan,450
Manhattan,113
Manhattan,120
Manhattan,99
Manhattan,120
Manhattan,195
Manhattan,69
Manhattan,150
Manhattan,250
Manhattan,99
Manhattan,129
Manhattan,160
Manhattan,70
Manhattan,250
Manhattan,150
Manhattan,155
Manhattan,99
Manhattan,45
Manhattan,130
Manhattan,40
Manhattan,95
Manhattan,140
Manhattan,250
Manhattan,85
Manhattan,85
Manhattan,106
Manhattan,129
Manhattan,100
Manhattan,100
Manhattan,140
Manhattan,225
Manhattan,219
Manhattan,69
Manhattan,280
Manhattan,120
Manhattan,159
Manhattan,650
Manhattan,275
Manhattan,108
Manhattan,190
Manhattan,124
Manhattan,175
Manhattan,88
Manhattan,133
Manhattan,125
Manhattan,150
Manhattan,51
Manhattan,105
Manhattan,225
Manhattan,89
Manhattan,70
Manhattan,69
Manhattan,79
Manhattan,45
Manhattan,90
Manhattan,150
Manhattan,155
Manhattan,109
Manhattan,275
Manhattan,215
Manhattan,40
Manhattan,500
Manhattan,79
Manhattan,140
Manhattan,150
Manhattan,150
Manhattan,150
Manhattan,99
Manhattan,75
Manhattan,107
Manhattan,400
Manhattan,210
Manhattan,275
Manhattan,150
Manhattan,152
Manhattan,822
Manhattan,350
Manhattan,120
Manhattan,122
Manhattan,64
Manhattan,135
Manhattan,320
Manhattan,130
Manhattan,95
Manhattan,90
Manhattan,350
Manhattan,120
Manhattan,250
Manhattan,85
Manhattan,100
Manhattan,40
Manhattan,165
Manhattan,175
Manhattan,99
Manhattan,38
Manhattan,235
Manhattan,250
Manhattan,125
Manhattan,90
Manhattan,170
Manhattan,156
Manhattan,170
Manhattan,110
Manhattan,115
Manhattan,70
Manhattan,250
Manhattan,200
Manhattan,197
Manhattan,150
Manhattan,165
Manhattan,92
Manhattan,159
Manhattan,325
Manhattan,120
Manhattan,61
Manhattan,90
Manhattan,178
Manhattan,1100
Manhattan,100
Manhattan,250
Manhattan,240
Manhattan,265
Manhattan,86
Manhattan,145
Manhattan,100
Manhattan,75
Manhattan,150
Manhattan,100
Manhattan,150
Manhattan,79
Manhattan,220
Manhattan,300
Manhattan,267
Manhattan,149
Manhattan,195
Manhattan,90
Manhattan,49
Manhattan,190
Manhattan,69
Manhattan,250
Manhattan,400
Manhattan,249
Manhattan,125
Manhattan,96
Manhattan,179
Manhattan,155
Manhattan,499
Manhattan,250
Manhattan,90
Manhattan,56
Manhattan,174
Manhattan,75
Manhattan,119
Manhattan,150
Manhattan,295
Manhattan,70
Manhattan,75
Manhattan,153
Manhattan,150
Manhattan,142
Manhattan,179
Manhattan,63
Manhattan,90
Manhattan,143
Manhattan,85
Manhattan,67
Manhattan,175
Manhattan,65
Manhattan,95
Manhattan,98
Manhattan,100
Manhattan,74
Manhattan,50
Manhattan,150
Manhattan,200
Manhattan,375
Manhattan,215
Manhattan,100
Manhattan,79
Manhattan,120
Manhattan,228
Manhattan,85
Manhattan,115
Manhattan,109
Manhattan,65
Manhattan,560
Manhattan,110
Manhattan,175
Manhattan,75
Manhattan,210
Manhattan,221
Manhattan,350
Manhattan,65
Manhattan,407
Manhattan,60
Manhattan,215
Manhattan,290
Manhattan,70
Manhattan,150
Manhattan,100
Manhattan,238
Manhattan,379
Manhattan,45
Manhattan,700
Manhattan,150
Manhattan,200
Manhattan,349
Manhattan,200
Manhattan,115
Manhattan,150
Manhattan,100
Manhattan,95
Manhattan,200
Manhattan,199
Manhattan,195
Manhattan,349
Manhattan,270
Manhattan,230
Manhattan,165
Manhattan,196
Manhattan,103
Manhattan,150
Manhattan,294
Manhattan,110
Manhattan,90
Manhattan,316
Manhattan,200
Manhattan,300
Manhattan,489
Manhattan,80
Manhattan,200
Manhattan,150
Manhattan,120
Manhattan,175
Manhattan,49
Manhattan,195
Manhattan,189
Manhattan,100
Manhattan,185
Manhattan,99
Manhattan,350
Manhattan,69
Manhattan,100
Manhattan,240
Manhattan,165
Manhattan,65
Manhattan,185
Manhattan,80
Manhattan,55
Manhattan,110
Manhattan,115
Manhattan,239
Manhattan,295
Manhattan,425
Manhattan,90
Manhattan,118
Manhattan,75
Manhattan,105
Manhattan,80
Manhattan,60
Manhattan,49
Manhattan,179
Manhattan,245
Manhattan,85
Manhattan,109
Manhattan,179
Manhattan,95
Manhattan,54
Manhattan,175
Manhattan,229
Manhattan,300
Manhattan,250
Manhattan,250
Manhattan,105
Manhattan,180
Manhattan,210
Manhattan,85
Manhattan,150
Manhattan,2500
Manhattan,130
Manhattan,180
Manhattan,125
Manhattan,150
Manhattan,89
Manhattan,64
Manhattan,139
Manhattan,149
Manhattan,129
Manhattan,150
Manhattan,125
Manhattan,100
Manhattan,198
Manhattan,239
Manhattan,82
Manhattan,215
Manhattan,180
Manhattan,150
Manhattan,199
Manhattan,69
Manhattan,170
Manhattan,310
Manhattan,149
Manhattan,252
Manhattan,130
Manhattan,650
Manhattan,249
Manhattan,795
Manhattan,800
Manhattan,289
Manhattan,399
Manhattan,330
Manhattan,140
Manhattan,162
Manhattan,160
Manhattan,98
Manhattan,95
Manhattan,200
Manhattan,499
Manhattan,189
Manhattan,79
Manhattan,149
Manhattan,250
Manhattan,105
Manhattan,30
Manhattan,175
Manhattan,189
Manhattan,95
Manhattan,61
Manhattan,190
Manhattan,80
Manhattan,84
Manhattan,43
Manhattan,190
Manhattan,174
Manhattan,170
Manhattan,200
Manhattan,250
Manhattan,95
Manhattan,250
Manhattan,160
Manhattan,70
Manhattan,289
Manhattan,375
Manhattan,129
Manhattan,219
Manhattan,75
Manhattan,250
Manhattan,99
Manhattan,225
Manhattan,106
Manhattan,279
Manhattan,94
Manhattan,999
Manhattan,125
Manhattan,122
Manhattan,60
Manhattan,159
Manhattan,117
Manhattan,100
Manhattan,175
Manhattan,40
Manhattan,195
Manhattan,440
Manhattan,65
Manhattan,100
Manhattan,99
Manhattan,120
Manhattan,149
Manhattan,153
Manhattan,180
Manhattan,60
Manhattan,199
Manhattan,75
Manhattan,300
Manhattan,750
Manhattan,225
Manhattan,120
Manhattan,160
Manhattan,350
Manhattan,110
Manhattan,56
Manhattan,175
Manhattan,175
Manhattan,672
Manhattan,250
Manhattan,300
Manhattan,100
Manhattan,175
Manhattan,75
Manhattan,200
Manhattan,125
Manhattan,125
Manhattan,100
Manhattan,65
Manhattan,180
Manhattan,227
Manhattan,90
Manhattan,133
Manhattan,175
Manhattan,250
Manhattan,295
Manhattan,105
Manhattan,60
Manhattan,3000
Manhattan,41
Manhattan,399
Manhattan,175
Manhattan,53
Manhattan,150
Manhattan,100
Manhattan,95
Manhattan,200
Manhattan,33
Manhattan,80
Manhattan,97
Manhattan,164
Manhattan,199
Manhattan,200
Manhattan,75
Manhattan,200
Manhattan,100
Manhattan,58
Manhattan,250
Manhattan,160
Manhattan,50
Manhattan,180
Manhattan,100
Manhattan,125
Manhattan,120
Manhattan,195
Manhattan,99
Manhattan,300
Manhattan,105
Manhattan,129
Manhattan,65
Manhattan,100
Manhattan,120
Manhattan,199
Manhattan,85
Manhattan,120
Manhattan,120
Manhattan,100
Manhattan,270
Manhattan,179
Manhattan,200
Manhattan,800
Manhattan,49
Manhattan,129
Manhattan,200
Manhattan,95
Manhattan,215
Manhattan,110
Manhattan,100
Manhattan,195
Manhattan,49
Manhattan,500
Manhattan,295
Manhattan,90
Manhattan,71
Manhattan,199
Manhattan,65
Manhattan,100
Manhattan,150
Manhattan,300
Manhattan,125
Manhattan,60
Manhattan,200
Manhattan,75
Manhattan,198
Manhattan,109
Manhattan,165
Manhattan,415
Manhattan,80
Manhattan,235
Manhattan,180
Manhattan,60
Manhattan,129
Manhattan,110
Manhattan,129
Manhattan,199
Manhattan,129
Manhattan,75
Manhattan,85
Manhattan,279
Manhattan,41
Manhattan,165
Manhattan,40
Manhattan,120
Manhattan,60
Manhattan,130
Manhattan,249
Manhattan,260
Manhattan,219
Manhattan,70
Manhattan,85
Manhattan,225
Manhattan,55
Manhattan,195
Manhattan,170
Manhattan,300
Manhattan,185
Manhattan,69
Manhattan,250
Manhattan,69
Manhattan,270
Manhattan,175
Manhattan,200
Manhattan,150
Manhattan,129
Manhattan,220
Manhattan,378
Manhattan,80
Manhattan,151
Manhattan,180
Manhattan,112
Manhattan,168
Manhattan,250
Manhattan,142
Manhattan,199
Manhattan,60
Manhattan,85
Manhattan,99
Manhattan,77
Manhattan,55
Manhattan,95
Manhattan,60
Manhattan,249
Manhattan,584
Manhattan,135
Manhattan,267
Manhattan,350
Manhattan,99
Manhattan,90
Manhattan,225
Manhattan,115
Manhattan,105
Manhattan,110
Manhattan,47
Manhattan,150
Manhattan,225
Manhattan,64
Manhattan,750
Manhattan,215
Manhattan,79
Manhattan,140
Manhattan,150
Manhattan,110
Manhattan,175
Manhattan,399
Manhattan,80
Manhattan,105
Manhattan,250
Manhattan,200
Manhattan,225
Manhattan,110
Manhattan,185
Manhattan,165
Manhattan,300
Manhattan,132
Manhattan,95
Manhattan,85
Manhattan,119
Manhattan,200
Manhattan,163
Manhattan,169
Manhattan,105
Manhattan,475
Manhattan,100
Manhattan,110
Manhattan,249
Manhattan,110
Manhattan,149
Manhattan,120
Manhattan,894
Manhattan,643
Manhattan,180
Manhattan,299
Manhattan,300
Manhattan,160
Manhattan,120
Manhattan,699
Manhattan,67
Manhattan,117
Manhattan,350
Manhattan,40
Manhattan,95
Manhattan,124
Manhattan,93
Manhattan,160
Manhattan,89
Manhattan,150
Manhattan,462
Manhattan,198
Manhattan,198
Manhattan,89
Manhattan,110
Manhattan,80
Manhattan,749
Manhattan,799
Manhattan,599
Manhattan,79
Manhattan,699
Manhattan,499
Manhattan,189
Manhattan,150
Manhattan,799
Manhattan,499
Manhattan,189
Manhattan,649
Manhattan,799
Manhattan,275
Manhattan,100
Manhattan,70
Manhattan,35
Manhattan,140
Manhattan,75
Manhattan,302
Manhattan,65
Manhattan,399
Manhattan,321
Manhattan,499
Manhattan,534
Manhattan,748
Manhattan,748
Manhattan,33
Manhattan,534
Manhattan,300
Manhattan,748
Manhattan,748
Manhattan,200
Manhattan,214
Manhattan,75
Manhattan,100
Manhattan,49
Manhattan,375
Manhattan,69
Manhattan,59
Manhattan,110
Manhattan,175
Manhattan,175
Manhattan,850
Manhattan,128
Manhattan,305
Manhattan,450
Manhattan,82
Manhattan,200
Manhattan,120
Manhattan,125
Manhattan,39
Manhattan,350
Manhattan,85
Manhattan,550
Manhattan,110
Manhattan,118
Manhattan,118
Manhattan,250
Manhattan,118
Manhattan,252
Manhattan,300
Manhattan,60
Manhattan,73
Manhattan,120
Manhattan,199
Manhattan,199
Manhattan,1000
Manhattan,179
Manhattan,120
Manhattan,110
Manhattan,269
Manhattan,65
Manhattan,150
Manhattan,85
Manhattan,600
Manhattan,75
Manhattan,225
Manhattan,100
Manhattan,2000
Manhattan,245
Manhattan,50
Manhattan,120
Manhattan,55
Manhattan,300
Manhattan,90
Manhattan,78
Manhattan,99
Manhattan,77
Manhattan,120
Manhattan,90
Manhattan,115
Manhattan,130
Manhattan,100
Manhattan,183
Manhattan,90
Manhattan,1500
Manhattan,100
Manhattan,99
Manhattan,80
Manhattan,200
Manhattan,200
Manhattan,95
Manhattan,198
Manhattan,85
Manhattan,275
Manhattan,108
Manhattan,110
Manhattan,50
Manhattan,200
Manhattan,174
Manhattan,65
Manhattan,100
Manhattan,100
Manhattan,200
Manhattan,375
Manhattan,249
Manhattan,80
Manhattan,290
Manhattan,180
Manhattan,205
Manhattan,379
Manhattan,69
Manhattan,125
Manhattan,98
Manhattan,130
Manhattan,49
Manhattan,80
Manhattan,145
Manhattan,90
Manhattan,65
Manhattan,120
Manhattan,75
Manhattan,149
Manhattan,120
Manhattan,150
Manhattan,250
Manhattan,375
Manhattan,95
Manhattan,129
Manhattan,53
Manhattan,125
Manhattan,534
Manhattan,534
Manhattan,534
Manhattan,534
Manhattan,534
Manhattan,99
Manhattan,748
Manhattan,748
Manhattan,190
Manhattan,748
Manhattan,229
Manhattan,189
Manhattan,202
Manhattan,250
Manhattan,85
Manhattan,52
Manhattan,90
Manhattan,75
Manhattan,250
Manhattan,40
Manhattan,200
Manhattan,65
Manhattan,135
Manhattan,335
Manhattan,120
Manhattan,51
Manhattan,140
Manhattan,150
Manhattan,200
Manhattan,65
Manhattan,235
Manhattan,180
Manhattan,100
Manhattan,195
Manhattan,175
Manhattan,230
Manhattan,110
Manhattan,120
Manhattan,350
Manhattan,90
Manhattan,487
Manhattan,300
Manhattan,115
Manhattan,135
Manhattan,209
Manhattan,185
Manhattan,154
Manhattan,78
Manhattan,163
Manhattan,129
Manhattan,110
Manhattan,170
Manhattan,125
Manhattan,140
Manhattan,144
Manhattan,210
Manhattan,186
Manhattan,60
Manhattan,180
Manhattan,145
Manhattan,140
Manhattan,95
Manhattan,249
Manhattan,175
Manhattan,40
Manhattan,236
Manhattan,120
Manhattan,60
Manhattan,125
Manhattan,300
Manhattan,220
Manhattan,155
Manhattan,133
Manhattan,179
Manhattan,100
Manhattan,100
Manhattan,250
Manhattan,180
Manhattan,95
Manhattan,218
Manhattan,89
Manhattan,160
Manhattan,70
Manhattan,95
Manhattan,90
Manhattan,175
Manhattan,100
Manhattan,265
Manhattan,333
Manhattan,100
Manhattan,155
Manhattan,125
Manhattan,150
Manhattan,369
Manhattan,150
Manhattan,196
Manhattan,65
Manhattan,100
Manhattan,92
Manhattan,300
Manhattan,119
Manhattan,99
Manhattan,270
Manhattan,190
Manhattan,205
Manhattan,499
Manhattan,275
Manhattan,1500
Manhattan,275
Manhattan,150
Manhattan,99
Manhattan,160
Manhattan,160
Manhattan,75
Manhattan,125
Manhattan,50
Manhattan,229
Manhattan,375
Manhattan,120
Manhattan,175
Manhattan,75
Manhattan,80
Manhattan,110
Manhattan,67
Manhattan,178
Manhattan,60
Manhattan,369
Manhattan,86
Manhattan,159
Manhattan,85
Manhattan,160
Manhattan,69
Manhattan,400
Manhattan,75
Manhattan,175
Manhattan,289
Manhattan,117
Manhattan,250
Manhattan,50
Manhattan,145
Manhattan,221
Manhattan,80
Manhattan,150
Manhattan,40
Manhattan,295
Manhattan,300
Manhattan,2000
Manhattan,1020
Manhattan,143
Manhattan,164
Manhattan,164
Manhattan,65
Manhattan,70
Manhattan,60
Manhattan,99
Manhattan,140
Manhattan,65
Manhattan,125
Manhattan,265
Manhattan,100
Manhattan,60
Manhattan,65
Manhattan,150
Manhattan,61
Manhattan,197
Manhattan,125
Manhattan,250
Manhattan,119
Manhattan,128
Manhattan,115
Manhattan,115
Manhattan,100
Manhattan,200
Manhattan,220
Manhattan,45
Manhattan,203
Manhattan,180
Manhattan,190
Manhattan,180
Manhattan,125
Manhattan,130
Manhattan,85
Manhattan,110
Manhattan,119
Manhattan,60
Manhattan,110
Manhattan,180
Manhattan,300
Manhattan,255
Manhattan,240
Manhattan,147
Manhattan,200
Manhattan,100
Manhattan,350
Manhattan,50
Manhattan,160
Manhattan,375
Manhattan,135
Manhattan,175
Manhattan,200
Manhattan,400
Manhattan,80
Manhattan,85
Manhattan,150
Manhattan,75
Manhattan,75
Manhattan,150
Manhattan,500
Manhattan,42
Manhattan,198
Manhattan,45
Manhattan,250
Manhattan,50
Manhattan,45
Manhattan,78
Manhattan,80
Manhattan,200
Manhattan,78
Manhattan,35
Manhattan,129
Manhattan,103
Manhattan,150
Manhattan,76
Manhattan,167
Manhattan,99
Manhattan,150
Manhattan,65
Manhattan,198
Manhattan,125
Manhattan,265
Manhattan,110
Manhattan,55
Manhattan,115
Manhattan,265
Manhattan,228
Manhattan,280
Manhattan,250
Manhattan,350
Manhattan,135
Manhattan,110
Manhattan,899
Manhattan,40
Manhattan,90
Manhattan,155
Manhattan,190
Manhattan,700
Manhattan,109
Manhattan,198
Manhattan,149
Manhattan,150
Manhattan,135
Manhattan,220
Manhattan,80
Manhattan,100
Manhattan,175
Manhattan,130
Manhattan,88
Manhattan,110
Manhattan,200
Manhattan,100
Manhattan,190
Manhattan,160
Manhattan,280
Manhattan,89
Manhattan,95
Manhattan,599
Manhattan,80
Manhattan,65
Manhattan,131
Manhattan,120
Manhattan,175
Manhattan,85
Manhattan,170
Manhattan,200
Manhattan,799
Manhattan,1599
Manhattan,69
Manhattan,150
Manhattan,649
Manhattan,699
Manhattan,799
Manhattan,199
Manhattan,200
Manhattan,181
Manhattan,300
Manhattan,250
Manhattan,175
Manhattan,156
Manhattan,500
Manhattan,65
Manhattan,68
Manhattan,60
Manhattan,150
Manhattan,279
Manhattan,110
Manhattan,500
Manhattan,49
Manhattan,100
Manhattan,44
Manhattan,200
Manhattan,80
Manhattan,100
Manhattan,110
Manhattan,295
Manhattan,699
Manhattan,80
Manhattan,265
Manhattan,225
Manhattan,210
Manhattan,220
Manhattan,130
Manhattan,110
Manhattan,400
Manhattan,799
Manhattan,800
Manhattan,176
Manhattan,113
Manhattan,100
Manhattan,199
Manhattan,146
Manhattan,98
Manhattan,200
Manhattan,150
Manhattan,60
Manhattan,48
Manhattan,110
Manhattan,120
Manhattan,58
Manhattan,150
Manhattan,1200
Manhattan,89
Manhattan,500
Manhattan,142
Manhattan,114
Manhattan,350
Manhattan,60
Manhattan,100
Manhattan,85
Manhattan,150
Manhattan,330
Manhattan,120
Manhattan,100
Manhattan,80
Manhattan,55
Manhattan,199
Manhattan,387
Manhattan,90
Manhattan,189
Manhattan,240
Manhattan,225
Manhattan,139
Manhattan,45
Manhattan,90
Manhattan,190
Manhattan,75
Manhattan,110
Manhattan,132
Manhattan,119
Manhattan,120
Manhattan,77
Manhattan,200
Manhattan,400
Manhattan,200
Manhattan,80
Manhattan,75
Manhattan,91
Manhattan,120
Manhattan,160
Manhattan,74
Manhattan,37
Manhattan,127
Manhattan,250
Manhattan,200
Manhattan,85
Manhattan,90
Manhattan,128
Manhattan,220
Manhattan,300
Manhattan,350
Manhattan,50
Manhattan,68
Manhattan,80
Manhattan,150
Manhattan,54
Manhattan,50
Manhattan,99
Manhattan,129
Manhattan,90
Manhattan,250
Manhattan,100
Manhattan,250
Manhattan,98
Manhattan,165
Manhattan,100
Manhattan,40
Manhattan,75
Manhattan,100
Manhattan,45
Manhattan,200
Manhattan,850
Manhattan,225
Manhattan,54
Manhattan,79
Manhattan,425
Manhattan,80
Manhattan,66
Manhattan,52
Manhattan,130
Manhattan,585
Manhattan,166
Manhattan,250
Manhattan,97
Manhattan,120
Manhattan,151
Manhattan,70
Manhattan,95
Manhattan,198
Manhattan,100
Manhattan,799
Manhattan,85
Manhattan,250
Manhattan,100
Manhattan,55
Manhattan,65
Manhattan,75
Manhattan,190
Manhattan,70
Manhattan,85
Manhattan,215
Manhattan,120
Manhattan,350
Manhattan,159
Manhattan,300
Manhattan,300
Manhattan,245
Manhattan,130
Manhattan,160
Manhattan,130
Manhattan,95
Manhattan,155
Manhattan,900
Manhattan,90
Manhattan,35
Manhattan,110
Manhattan,50
Manhattan,55
Manhattan,200
Manhattan,129
Manhattan,255
Manhattan,177
Manhattan,109
Manhattan,280
Manhattan,149
Manhattan,2590
Manhattan,400
Manhattan,220
Manhattan,147
Manhattan,65
Manhattan,59
Manhattan,165
Manhattan,100
Manhattan,50
Manhattan,145
Manhattan,100
Manhattan,120
Manhattan,32
Manhattan,68
Manhattan,105
Manhattan,95
Manhattan,39
Manhattan,149
Manhattan,290
Manhattan,119
Manhattan,45
Manhattan,400
Manhattan,100
Manhattan,65
Manhattan,200
Manhattan,60
Manhattan,132
Manhattan,240
Manhattan,499
Manhattan,110
Manhattan,200
Manhattan,150
Manhattan,190
Manhattan,215
Manhattan,79
Manhattan,105
Manhattan,75
Manhattan,190
Manhattan,230
Manhattan,80
Manhattan,100
Manhattan,190
Manhattan,70
Manhattan,100
Manhattan,135
Manhattan,85
Manhattan,85
Manhattan,295
Manhattan,89
Manhattan,150
Manhattan,40
Manhattan,99
Manhattan,65
Manhattan,100
Manhattan,120
Manhattan,70
Manhattan,100
Manhattan,150
Manhattan,95
Manhattan,180
Manhattan,200
Manhattan,95
Manhattan,205
Manhattan,279
Manhattan,299
Manhattan,90
Manhattan,79
Manhattan,110
Manhattan,105
Manhattan,89
Manhattan,200
Manhattan,120
Manhattan,180
Manhattan,150
Manhattan,65
Manhattan,50
Manhattan,105
Manhattan,53
Manhattan,50
Manhattan,205
Manhattan,142
Manhattan,230
Manhattan,135
Manhattan,125
Manhattan,150
Manhattan,300
Manhattan,86
Manhattan,180
Manhattan,100
Manhattan,190
Manhattan,150
Manhattan,599
Manhattan,275
Manhattan,125
Manhattan,85
Manhattan,400
Manhattan,75
Manhattan,200
Manhattan,150
Manhattan,350
Manhattan,87
Manhattan,50
Manhattan,130
Manhattan,100
Manhattan,120
Manhattan,105
Manhattan,96
Manhattan,72
Manhattan,200
Manhattan,145
Manhattan,90
Manhattan,190
Manhattan,83
Manhattan,300
Manhattan,200
Manhattan,77
Manhattan,113
Manhattan,450
Manhattan,119
Manhattan,35
Manhattan,120
Manhattan,119
Manhattan,190
Manhattan,110
Manhattan,120
Manhattan,85
Manhattan,200
Manhattan,599
Manhattan,38
Manhattan,375
Manhattan,999
Manhattan,200
Manhattan,99
Manhattan,79
Manhattan,175
Manhattan,200
Manhattan,50
Manhattan,125
Manhattan,60
Manhattan,225
Manhattan,99
Manhattan,85
Manhattan,69
Manhattan,165
Manhattan,75
Manhattan,349
Manhattan,259
Manhattan,160
Manhattan,52
Manhattan,160
Manhattan,200
Manhattan,550
Manhattan,100
Manhattan,275
Manhattan,99
Manhattan,100
Manhattan,180
Manhattan,115
Manhattan,50
Manhattan,80
Manhattan,95
Manhattan,87
Manhattan,225
Manhattan,100
Manhattan,185
Manhattan,100
Manhattan,895
Manhattan,196
Manhattan,40
Manhattan,95
Manhattan,90
Manhattan,75
Manhattan,25
Manhattan,40
Manhattan,220
Manhattan,85
Manhattan,91
Manhattan,47
Manhattan,80
Manhattan,69
Manhattan,55
Manhattan,50
Manhattan,190
Manhattan,80
Manhattan,235
Manhattan,67
Manhattan,232
Manhattan,96
Manhattan,225
Manhattan,120
Manhattan,66
Manhattan,70
Manhattan,180
Manhattan,159
Manhattan,60
Manhattan,77
Manhattan,80
Manhattan,175
Manhattan,85
Manhattan,144
Manhattan,899
Manhattan,141
Manhattan,50
Manhattan,115
Manhattan,200
Manhattan,100
Manhattan,64
Manhattan,91
Manhattan,122
Manhattan,250
Manhattan,75
Manhattan,120
Manhattan,233
Manhattan,220
Manhattan,105
Manhattan,165
Manhattan,75
Manhattan,200
Manhattan,50
Manhattan,98
Manhattan,130
Manhattan,100
Manhattan,75
Manhattan,61
Manhattan,110
Manhattan,99
Manhattan,120
Manhattan,164
Manhattan,95
Manhattan,160
Manhattan,95
Manhattan,199
Manhattan,200
Manhattan,100
Manhattan,140
Manhattan,99
Manhattan,97
Manhattan,500
Manhattan,75
Manhattan,124
Manhattan,100
Manhattan,30
Manhattan,158
Manhattan,100
Manhattan,90
Manhattan,210
Manhattan,175
Manhattan,190
Manhattan,68
Manhattan,200
Manhattan,50
Manhattan,189
Manhattan,39
Manhattan,60
Manhattan,175
Manhattan,119
Manhattan,135
Manhattan,25
Manhattan,103
Manhattan,55
Manhattan,99
Manhattan,75
Manhattan,117
Manhattan,195
Manhattan,100
Manhattan,150
Manhattan,69
Manhattan,88
Manhattan,98
Manhattan,60
Manhattan,115
Manhattan,130
Manhattan,230
Manhattan,179
Manhattan,100
Manhattan,100
Manhattan,174
Manhattan,173
Manhattan,120
Manhattan,130
Manhattan,250
Manhattan,155
Manhattan,130
Manhattan,64
Manhattan,200
Manhattan,130
Manhattan,170
Manhattan,60
Manhattan,200
Manhattan,170
Manhattan,995
Manhattan,399
Manhattan,98
Manhattan,149
Manhattan,640
Manhattan,325
Manhattan,125
Manhattan,130
Manhattan,249
Manhattan,360
Manhattan,55
Manhattan,200
Manhattan,200
Manhattan,190
Manhattan,210
Manhattan,224
Manhattan,200
Manhattan,120
Manhattan,195
Manhattan,53
Manhattan,110
Manhattan,95
Manhattan,459
Manhattan,350
Manhattan,90
Manhattan,73
Manhattan,60
Manhattan,135
Manhattan,91
Manhattan,52
Manhattan,12
Manhattan,65
Manhattan,110
Manhattan,85
Manhattan,49
Manhattan,150
Manhattan,59
Manhattan,110
Manhattan,95
Manhattan,69
Manhattan,73
Manhattan,48
Manhattan,63
Manhattan,97
Manhattan,99
Manhattan,175
Manhattan,159
Manhattan,153
Manhattan,243
Manhattan,125
Manhattan,140
Manhattan,45
Manhattan,140
Manhattan,200
Manhattan,400
Manhattan,240
Manhattan,189
Manhattan,225
Manhattan,85
Manhattan,100
Manhattan,118
Manhattan,100
Manhattan,200
Manhattan,215
Manhattan,80
Manhattan,71
Manhattan,250
Manhattan,100
Manhattan,80
Manhattan,115
Manhattan,70
Manhattan,46
Manhattan,99
Manhattan,65
Manhattan,275
Manhattan,165
Manhattan,65
Manhattan,103
Manhattan,300
Manhattan,80
Manhattan,160
Manhattan,175
Manhattan,75
Manhattan,125
Manhattan,600
Manhattan,89
Manhattan,135
Manhattan,125
Manhattan,70
Manhattan,65
Manhattan,489
Manhattan,70
Manhattan,120
Manhattan,160
Manhattan,125
Manhattan,85
Manhattan,115
Manhattan,600
Manhattan,100
Manhattan,47
Manhattan,230
Manhattan,125
Manhattan,35
Manhattan,450
Manhattan,100
Manhattan,80
Manhattan,98
Manhattan,54
Manhattan,120
Manhattan,100
Manhattan,60
Manhattan,85
Manhattan,350
Manhattan,285
Manhattan,125
Manhattan,109
Manhattan,545
Manhattan,48
Manhattan,78
Manhattan,160
Manhattan,180
Manhattan,650
Manhattan,70
Manhattan,65
Manhattan,100
Manhattan,150
Manhattan,200
Manhattan,50
Manhattan,63
Manhattan,98
Manhattan,110
Manhattan,170
Manhattan,118
Manhattan,239
Manhattan,195
Manhattan,159
Manhattan,190
Manhattan,160
Manhattan,300
Manhattan,190
Manhattan,180
Manhattan,235
Manhattan,175
Manhattan,145
Manhattan,140
Manhattan,74
Manhattan,150
Manhattan,49
Manhattan,200
Manhattan,131
Manhattan,500
Manhattan,355
Manhattan,50
Manhattan,58
Manhattan,158
Manhattan,185
Manhattan,260
Manhattan,300
Manhattan,250
Manhattan,60
Manhattan,150
Manhattan,150
Manhattan,60
Manhattan,110
Manhattan,160
Manhattan,150
Manhattan,95
Manhattan,100
Manhattan,55
Manhattan,50
Manhattan,200
Manhattan,175
Manhattan,175
Manhattan,175
Manhattan,99
Manhattan,250
Manhattan,91
Manhattan,75
Manhattan,69
Manhattan,103
Manhattan,73
Manhattan,79
Manhattan,100
Manhattan,58
Manhattan,140
Manhattan,250
Manhattan,160
Manhattan,70
Manhattan,289
Manhattan,82
Manhattan,75
Manhattan,178
Manhattan,325
Manhattan,209
Manhattan,600
Manhattan,135
Manhattan,250
Manhattan,120
Manhattan,125
Manhattan,126
Manhattan,110
Manhattan,105
Manhattan,75
Manhattan,150
Manhattan,155
Manhattan,500
Manhattan,10
Manhattan,55
Manhattan,80
Manhattan,184
Manhattan,65
Manhattan,65
Manhattan,98
Manhattan,400
Manhattan,250
Manhattan,249
Manhattan,175
Manhattan,198
Manhattan,69
Manhattan,103
Manhattan,135
Manhattan,200
Manhattan,72
Manhattan,123
Manhattan,50
Manhattan,78
Manhattan,70
Manhattan,250
Manhattan,133
Manhattan,200
Manhattan,99
Manhattan,122
Manhattan,85
Manhattan,125
Manhattan,100
Manhattan,80
Manhattan,150
Manhattan,85
Manhattan,180
Manhattan,199
Manhattan,35
Manhattan,195
Manhattan,169
Manhattan,195
Manhattan,195
Manhattan,195
Manhattan,243
Manhattan,195
Manhattan,115
Manhattan,150
Manhattan,150
Manhattan,155
Manhattan,135
Manhattan,300
Manhattan,197
Manhattan,155
Manhattan,100
Manhattan,185
Manhattan,125
Manhattan,150
Manhattan,95
Manhattan,150
Manhattan,120
Manhattan,100
Manhattan,74
Manhattan,110
Manhattan,75
Manhattan,55
Manhattan,99
Manhattan,69
Manhattan,4000
Manhattan,119
Manhattan,105
Manhattan,46
Manhattan,150
Manhattan,275
Manhattan,100
Manhattan,35
Manhattan,35
Manhattan,73
Manhattan,75
Manhattan,380
Manhattan,80
Manhattan,160
Manhattan,130
Manhattan,90
Manhattan,63
Manhattan,195
Manhattan,60
Manhattan,51
Manhattan,160
Manhattan,110
Manhattan,200
Manhattan,220
Manhattan,130
Manhattan,75
Manhattan,190
Manhattan,80
Manhattan,148
Manhattan,63
Manhattan,99
Manhattan,250
Manhattan,90
Manhattan,500
Manhattan,100
Manhattan,117
Manhattan,175
Manhattan,25
Manhattan,70
Manhattan,100
Manhattan,178
Manhattan,158
Manhattan,225
Manhattan,225
Manhattan,49
Manhattan,169
Manhattan,130
Manhattan,255
Manhattan,80
Manhattan,219
Manhattan,122
Manhattan,199
Manhattan,125
Manhattan,2250
Manhattan,215
Manhattan,134
Manhattan,60
Manhattan,55
Manhattan,150
Manhattan,60
Manhattan,180
Manhattan,79
Manhattan,139
Manhattan,365
Manhattan,86
Manhattan,251
Manhattan,325
Manhattan,220
Manhattan,199
Manhattan,126
Manhattan,230
Manhattan,129
Manhattan,119
Manhattan,50
Manhattan,200
Manhattan,150
Manhattan,250
Manhattan,100
Manhattan,199
Manhattan,75
Manhattan,150
Manhattan,249
Manhattan,105
Manhattan,89
Manhattan,65
Manhattan,99
Manhattan,99
Manhattan,89
Manhattan,800
Manhattan,325
Manhattan,68
Manhattan,700
Manhattan,139
Manhattan,103
Manhattan,90
Manhattan,227
Manhattan,97
Manhattan,150
Manhattan,62
Manhattan,115
Manhattan,30
Manhattan,100
Manhattan,115
Manhattan,89
Manhattan,127
Manhattan,120
Manhattan,170
Manhattan,25
Manhattan,95
Manhattan,105
Manhattan,79
Manhattan,62
Manhattan,110
Manhattan,185
Manhattan,177
Manhattan,235
Manhattan,80
Manhattan,115
Manhattan,130
Manhattan,79
Manhattan,100
Manhattan,70
Manhattan,64
Manhattan,47
Manhattan,250
Manhattan,250
Manhattan,250
Manhattan,484
Manhattan,141
Manhattan,199
Manhattan,140
Manhattan,79
Manhattan,337
Manhattan,149
Manhattan,220
Manhattan,380
Manhattan,110
Manhattan,75
Manhattan,65
Manhattan,125
Manhattan,429
Manhattan,75
Manhattan,95
Manhattan,90
Manhattan,250
Manhattan,38
Manhattan,127
Manhattan,100
Manhattan,100
Manhattan,200
Manhattan,147
Manhattan,95
Manhattan,157
Manhattan,95
Manhattan,110
Manhattan,130
Manhattan,99
Manhattan,125
Manhattan,395
Manhattan,150
Manhattan,115
Manhattan,55
Manhattan,110
Manhattan,300
Manhattan,350
Manhattan,210
Manhattan,150
Manhattan,155
Manhattan,95
Manhattan,139
Manhattan,65
Manhattan,90
Manhattan,376
Manhattan,99
Manhattan,69
Manhattan,100
Manhattan,45
Manhattan,10
Manhattan,48
Manhattan,57
Manhattan,100
Manhattan,100
Manhattan,317
Manhattan,61
Manhattan,200
Manhattan,150
Manhattan,45
Manhattan,170
Manhattan,150
Manhattan,250
Manhattan,195
Manhattan,230
Manhattan,130
Manhattan,100
Manhattan,150
Manhattan,105
Manhattan,375
Manhattan,95
Manhattan,45
Manhattan,105
Manhattan,208
Manhattan,105
Manhattan,120
Manhattan,134
Manhattan,150
Manhattan,60
Manhattan,67
Manhattan,67
Manhattan,195
Manhattan,175
Manhattan,2800
Manhattan,100
Manhattan,499
Manhattan,80
Manhattan,510
Manhattan,100
Manhattan,199
Manhattan,90
Manhattan,175
Manhattan,50
Manhattan,350
Manhattan,150
Manhattan,40
Manhattan,250
Manhattan,55
Manhattan,124
Manhattan,130
Manhattan,219
Manhattan,2250
Manhattan,179
Manhattan,270
Manhattan,115
Manhattan,80
Manhattan,100
Manhattan,100
Manhattan,105
Manhattan,80
Manhattan,180
Manhattan,79
Manhattan,250
Manhattan,120
Manhattan,199
Manhattan,150
Manhattan,229
Manhattan,120
Manhattan,50
Manhattan,229
Manhattan,136
Manhattan,120
Manhattan,119
Manhattan,99
Manhattan,31
Manhattan,69
Manhattan,350
Manhattan,200
Manhattan,200
Manhattan,379
Manhattan,300
Manhattan,49
Manhattan,110
Manhattan,50
Manhattan,50
Manhattan,35
Manhattan,165
Manhattan,285
Manhattan,329
Manhattan,225
Manhattan,100
Manhattan,200
Manhattan,115
Manhattan,40
Manhattan,235
Manhattan,134
Manhattan,330
Manhattan,90
Manhattan,148
Manhattan,94
Manhattan,490
Manhattan,200
Manhattan,77
Manhattan,140
Manhattan,100
Manhattan,186
Manhattan,100
Manhattan,400
Manhattan,85
Manhattan,51
Manhattan,140
Manhattan,85
Manhattan,30
Manhattan,116
Manhattan,70
Manhattan,250
Manhattan,140
Manhattan,150
Manhattan,168
Manhattan,99
Manhattan,145
Manhattan,39
Manhattan,300
Manhattan,99
Manhattan,850
Manhattan,100
Manhattan,179
Manhattan,43
Manhattan,145
Manhattan,50
Manhattan,99
Manhattan,80
Manhattan,118
Manhattan,150
Manhattan,145
Manhattan,99
Manhattan,195
Manhattan,53
Manhattan,99
Manhattan,210
Manhattan,177
Manhattan,145
Manhattan,44
Manhattan,85
Manhattan,125
Manhattan,200
Manhattan,215
Manhattan,125
Manhattan,100
Manhattan,39
Manhattan,1475
Manhattan,100
Manhattan,180
Manhattan,160
Manhattan,110
Manhattan,193
Manhattan,325
Manhattan,180
Manhattan,278
Manhattan,100
Manhattan,350
Manhattan,200
Manhattan,110
Manhattan,250
Manhattan,55
Manhattan,65
Manhattan,150
Manhattan,120
Manhattan,150
Manhattan,130
Manhattan,95
Manhattan,115
Manhattan,195
Manhattan,350
Manhattan,145
Manhattan,149
Manhattan,75
Manhattan,46
Manhattan,130
Manhattan,150
Manhattan,220
Manhattan,145
Manhattan,89
Manhattan,149
Manhattan,142
Manhattan,120
Manhattan,99
Manhattan,60
Manhattan,75
Manhattan,70
Manhattan,190
Manhattan,37
Manhattan,110
Manhattan,100
Manhattan,295
Manhattan,70
Manhattan,55
Manhattan,99
Manhattan,60
Manhattan,259
Manhattan,159
Manhattan,300
Manhattan,195
Manhattan,96
Manhattan,160
Manhattan,35
Manhattan,80
Manhattan,35
Manhattan,40
Manhattan,159
Manhattan,150
Manhattan,86
Manhattan,57
Manhattan,200
Manhattan,120
Manhattan,100
Manhattan,35
Manhattan,86
Manhattan,199
Manhattan,55
Manhattan,226
Manhattan,170
Manhattan,100
Manhattan,119
Manhattan,80
Manhattan,43
Manhattan,199
Manhattan,90
Manhattan,80
Manhattan,200
Manhattan,50
Manhattan,185
Manhattan,37
Manhattan,85
Manhattan,134
Manhattan,78
Manhattan,205
Manhattan,99
Manhattan,615
Manhattan,275
Manhattan,75
Manhattan,79
Manhattan,139
Manhattan,100
Manhattan,175
Manhattan,206
Manhattan,175
Manhattan,169
Manhattan,94
Manhattan,134
Manhattan,419
Manhattan,90
Manhattan,198
Manhattan,65
Manhattan,99
Manhattan,350
Manhattan,199
Manhattan,70
Manhattan,65
Manhattan,295
Manhattan,67
Manhattan,50
Manhattan,105
Manhattan,150
Manhattan,150
Manhattan,232
Manhattan,200
Manhattan,80
Manhattan,100
Manhattan,180
Manhattan,299
Manhattan,350
Manhattan,90
Manhattan,200
Manhattan,125
Manhattan,100
Manhattan,275
Manhattan,125
Manhattan,168
Manhattan,125
Manhattan,85
Manhattan,60
Manhattan,76
Manhattan,2000
Manhattan,55
Manhattan,65
Manhattan,70
Manhattan,210
Manhattan,120
Manhattan,2900
Manhattan,199
Manhattan,70
Manhattan,110
Manhattan,200
Manhattan,170
Manhattan,133
Manhattan,75
Manhattan,120
Manhattan,50
Manhattan,45
Manhattan,123
Manhattan,55
Manhattan,133
Manhattan,75
Manhattan,287
Manhattan,200
Manhattan,222
Manhattan,70
Manhattan,85
Manhattan,60
Manhattan,75
Manhattan,52
Manhattan,60
Manhattan,180
Manhattan,95
Manhattan,70
Manhattan,275
Manhattan,195
Manhattan,135
Manhattan,145
Manhattan,160
Manhattan,150
Manhattan,128
Manhattan,55
Manhattan,60
Manhattan,50
Manhattan,110
Manhattan,80
Manhattan,104
Manhattan,235
Manhattan,180
Manhattan,135
Manhattan,164
Manhattan,63
Manhattan,110
Manhattan,55
Manhattan,105
Manhattan,115
Manhattan,75
Manhattan,40
Manhattan,95
Manhattan,50
Manhattan,44
Manhattan,125
Manhattan,130
Manhattan,500
Manhattan,225
Manhattan,150
Manhattan,120
Manhattan,195
Manhattan,75
Manhattan,200
Manhattan,260
Manhattan,60
Manhattan,254
Manhattan,58
Manhattan,295
Manhattan,45
Manhattan,50
Manhattan,150
Manhattan,70
Manhattan,265
Manhattan,399
Manhattan,160
Manhattan,184
Manhattan,315
Manhattan,150
Manhattan,150
Manhattan,95
Manhattan,69
Manhattan,195
Manhattan,125
Manhattan,299
Manhattan,165
Manhattan,250
Manhattan,73
Manhattan,50
Manhattan,50
Manhattan,305
Manhattan,150
Manhattan,68
Manhattan,275
Manhattan,150
Manhattan,70
Manhattan,130
Manhattan,160
Manhattan,275
Manhattan,119
Manhattan,75
Manhattan,160
Manhattan,10
Manhattan,350
Manhattan,76
Manhattan,205
Manhattan,190
Manhattan,135
Manhattan,80
Manhattan,49
Manhattan,51
Manhattan,149
Manhattan,270
Manhattan,75
Manhattan,55
Manhattan,142
Manhattan,100
Manhattan,100
Manhattan,250
Manhattan,79
Manhattan,80
Manhattan,55
Manhattan,150
Manhattan,50
Manhattan,175
Manhattan,175
Manhattan,148
Manhattan,118
Manhattan,350
Manhattan,170
Manhattan,80
Manhattan,155
Manhattan,254
Manhattan,110
Manhattan,150
Manhattan,75
Manhattan,200
Manhattan,200
Manhattan,90
Manhattan,515
Manhattan,200
Manhattan,125
Manhattan,45
Manhattan,112
Manhattan,105
Manhattan,175
Manhattan,78
Manhattan,49
Manhattan,55
Manhattan,100
Manhattan,200
Manhattan,88
Manhattan,55
Manhattan,90
Manhattan,55
Manhattan,199
Manhattan,145
Manhattan,220
Manhattan,115
Manhattan,160
Manhattan,129
Manhattan,120
Manhattan,122
Manhattan,200
Manhattan,138
Manhattan,158
Manhattan,70
Manhattan,79
Manhattan,51
Manhattan,176
Manhattan,170
Manhattan,350
Manhattan,465
Manhattan,100
Manhattan,200
Manhattan,218
Manhattan,99
Manhattan,100
Manhattan,150
Manhattan,35
Manhattan,250
Manhattan,117
Manhattan,179
Manhattan,1599
Manhattan,85
Manhattan,80
Manhattan,350
Manhattan,100
Manhattan,125
Manhattan,80
Manhattan,300
Manhattan,389
Manhattan,90
Manhattan,60
Manhattan,51
Manhattan,125
Manhattan,60
Manhattan,55
Manhattan,89
Manhattan,90
Manhattan,95
Manhattan,35
Manhattan,150
Manhattan,350
Manhattan,165
Manhattan,75
Manhattan,279
Manhattan,140
Manhattan,80
Manhattan,115
Manhattan,36
Manhattan,49
Manhattan,108
Manhattan,578
Manhattan,55
Manhattan,150
Manhattan,36
Manhattan,113
Manhattan,300
Manhattan,115
Manhattan,100
Manhattan,99
Manhattan,175
Manhattan,125
Manhattan,100
Manhattan,53
Manhattan,52
Manhattan,29
Manhattan,320
Manhattan,40
Manhattan,1200
Manhattan,207
Manhattan,145
Manhattan,68
Manhattan,175
Manhattan,100
Manhattan,180
Manhattan,200
Manhattan,160
Manhattan,290
Manhattan,149
Manhattan,70
Manhattan,50
Manhattan,950
Manhattan,350
Manhattan,475
Manhattan,225
Manhattan,40
Manhattan,90
Manhattan,250
Manhattan,119
Manhattan,150
Manhattan,275
Manhattan,125
Manhattan,130
Manhattan,250
Manhattan,278
Manhattan,800
Manhattan,275
Manhattan,195
Manhattan,150
Manhattan,98
Manhattan,236
Manhattan,200
Manhattan,75
Manhattan,100
Manhattan,90
Manhattan,60
Manhattan,250
Manhattan,349
Manhattan,101
Manhattan,106
Manhattan,200
Manhattan,70
Manhattan,249
Manhattan,225
Manhattan,135
Manhattan,108
Manhattan,1000
Manhattan,280
Manhattan,70
Manhattan,40
Manhattan,60
Manhattan,280
Manhattan,160
Manhattan,60
Manhattan,125
Manhattan,37
Manhattan,98
Manhattan,128
Manhattan,100
Manhattan,90
Manhattan,115
Manhattan,110
Manhattan,155
Manhattan,275
Manhattan,150
Manhattan,135
Manhattan,99
Manhattan,120
Manhattan,219
Manhattan,65
Manhattan,90
Manhattan,90
Manhattan,52
Manhattan,120
Manhattan,315
Manhattan,399
Manhattan,110
Manhattan,118
Manhattan,100
Manhattan,95
Manhattan,76
Manhattan,287
Manhattan,100
Manhattan,290
Manhattan,196
Manhattan,250
Manhattan,70
Manhattan,102
Manhattan,100
Manhattan,115
Manhattan,148
Manhattan,72
Manhattan,90
Manhattan,120
Manhattan,75
Manhattan,110
Manhattan,225
Manhattan,122
Manhattan,190
Manhattan,120
Manhattan,60
Manhattan,175
Manhattan,77
Manhattan,350
Manhattan,50
Manhattan,319
Manhattan,46
Manhattan,120
Manhattan,250
Manhattan,400
Manhattan,180
Manhattan,200
Manhattan,120
Manhattan,30
Manhattan,150
Manhattan,180
Manhattan,183
Manhattan,140
Manhattan,84
Manhattan,125
Manhattan,215
Manhattan,135
Manhattan,250
Manhattan,195
Manhattan,352
Manhattan,225
Manhattan,87
Manhattan,230
Manhattan,69
Manhattan,278
Manhattan,79
Manhattan,500
Manhattan,210
Manhattan,180
Manhattan,145
Manhattan,60
Manhattan,250
Manhattan,90
Manhattan,220
Manhattan,225
Manhattan,120
Manhattan,69
Manhattan,55
Manhattan,152
Manhattan,57
Manhattan,100
Manhattan,60
Manhattan,165
Manhattan,390
Manhattan,69
Manhattan,61
Manhattan,165
Manhattan,200
Manhattan,180
Manhattan,115
Manhattan,185
Manhattan,165
Manhattan,170
Manhattan,150
Manhattan,90
Manhattan,70
Manhattan,210
Manhattan,113
Manhattan,85
Manhattan,260
Manhattan,100
Manhattan,100
Manhattan,325
Manhattan,80
Manhattan,150
Manhattan,200
Manhattan,43
Manhattan,198
Manhattan,50
Manhattan,75
Manhattan,50
Manhattan,49
Manhattan,60
Manhattan,125
Manhattan,80
Manhattan,69
Manhattan,75
Manhattan,300
Manhattan,55
Manhattan,94
Manhattan,50
Manhattan,299
Manhattan,100
Manhattan,52
Manhattan,185
Manhattan,191
Manhattan,80
Manhattan,250
Manhattan,70
Manhattan,45
Manhattan,200
Manhattan,135
Manhattan,190
Manhattan,130
Manhattan,72
Manhattan,179
Manhattan,120
Manhattan,140
Manhattan,89
Manhattan,50
Manhattan,95
Manhattan,180
Manhattan,100
Manhattan,88
Manhattan,200
Manhattan,127
Manhattan,35
Manhattan,375
Manhattan,135
Manhattan,175
Manhattan,175
Manhattan,125
Manhattan,140
Manhattan,145
Manhattan,225
Manhattan,102
Manhattan,400
Manhattan,150
Manhattan,119
Manhattan,10
Manhattan,175
Manhattan,132
Manhattan,200
Manhattan,150
Manhattan,250
Manhattan,130
Manhattan,99
Manhattan,120
Manhattan,103
Manhattan,125
Manhattan,189
Manhattan,100
Manhattan,105
Manhattan,36
Manhattan,99
Manhattan,48
Manhattan,135
Manhattan,100
Manhattan,150
Manhattan,49
Manhattan,65
Manhattan,250
Manhattan,60
Manhattan,100
Manhattan,250
Manhattan,250
Manhattan,265
Manhattan,173
Manhattan,85
Manhattan,150
Manhattan,250
Manhattan,28
Manhattan,70
Manhattan,65
Manhattan,72
Manhattan,40
Manhattan,230
Manhattan,119
Manhattan,180
Manhattan,300
Manhattan,135
Manhattan,139
Manhattan,50
Manhattan,54
Manhattan,38
Manhattan,99
Manhattan,99
Manhattan,82
Manhattan,225
Manhattan,165
Manhattan,149
Manhattan,350
Manhattan,275
Manhattan,200
Manhattan,110
Manhattan,145
Manhattan,130
Manhattan,180
Manhattan,75
Manhattan,176
Manhattan,200
Manhattan,80
Manhattan,70
Manhattan,400
Manhattan,100
Manhattan,125
Manhattan,220
Manhattan,175
Manhattan,499
Manhattan,60
Manhattan,175
Manhattan,129
Manhattan,68
Manhattan,250
Manhattan,80
Manhattan,220
Manhattan,2500
Manhattan,60
Manhattan,300
Manhattan,50
Manhattan,175
Manhattan,140
Manhattan,70
Manhattan,77
Manhattan,100
Manhattan,175
Manhattan,106
Manhattan,150
Manhattan,140
Manhattan,94
Manhattan,79
Manhattan,145
Manhattan,190
Manhattan,120
Manhattan,157
Manhattan,120
Manhattan,160
Manhattan,150
Manhattan,160
Manhattan,85
Manhattan,45
Manhattan,250
Manhattan,165
Manhattan,101
Manhattan,50
Manhattan,90
Manhattan,105
Manhattan,150
Manhattan,325
Manhattan,155
Manhattan,75
Manhattan,100
Manhattan,175
Manhattan,148
Manhattan,110
Manhattan,200
Manhattan,200
Manhattan,120
Manhattan,250
Manhattan,116
Manhattan,215
Manhattan,70
Manhattan,55
Manhattan,163
Manhattan,110
Manhattan,102
Manhattan,130
Manhattan,69
Manhattan,130
Manhattan,125
Manhattan,75
Manhattan,117
Manhattan,42
Manhattan,80
Manhattan,350
Manhattan,105
Manhattan,80
Manhattan,180
Manhattan,550
Manhattan,125
Manhattan,100
Manhattan,115
Manhattan,170
Manhattan,200
Manhattan,175
Manhattan,220
Manhattan,138
Manhattan,115
Manhattan,150
Manhattan,140
Manhattan,400
Manhattan,102
Manhattan,275
Manhattan,145
Manhattan,700
Manhattan,239
Manhattan,65
Manhattan,60
Manhattan,150
Manhattan,700
Manhattan,100
Manhattan,73
Manhattan,100
Manhattan,140
Manhattan,98
Manhattan,150
Manhattan,80
Manhattan,60
Manhattan,51
Manhattan,150
Manhattan,67
Manhattan,159
Manhattan,175
Manhattan,1000
Manhattan,60
Manhattan,45
Manhattan,200
Manhattan,56
Manhattan,70
Manhattan,300
Manhattan,79
Manhattan,250
Manhattan,150
Manhattan,70
Manhattan,67
Manhattan,100
Manhattan,46
Manhattan,115
Manhattan,135
Manhattan,45
Manhattan,72
Manhattan,198
Manhattan,100
Manhattan,70
Manhattan,150
Manhattan,275
Manhattan,59
Manhattan,95
Manhattan,50
Manhattan,200
Manhattan,100
Manhattan,94
Manhattan,155
Manhattan,100
Manhattan,200
Manhattan,350
Manhattan,145
Manhattan,60
Manhattan,150
Manhattan,123
Manhattan,81
Manhattan,305
Manhattan,85
Manhattan,176
Manhattan,187
Manhattan,76
Manhattan,175
Manhattan,43
Manhattan,65
Manhattan,300
Manhattan,135
Manhattan,135
Manhattan,72
Manhattan,120
Manhattan,200
Manhattan,128
Manhattan,300
Manhattan,190
Manhattan,50
Manhattan,229
Manhattan,95
Manhattan,80
Manhattan,210
Manhattan,125
Manhattan,69
Manhattan,135
Manhattan,50
Manhattan,125
Manhattan,129
Manhattan,129
Manhattan,129
Manhattan,190
Manhattan,99
Manhattan,60
Manhattan,187
Manhattan,140
Manhattan,69
Manhattan,110
Manhattan,50
Manhattan,125
Manhattan,325
Manhattan,120
Manhattan,120
Manhattan,55
Manhattan,100
Manhattan,75
Manhattan,120
Manhattan,325
Manhattan,150
Manhattan,500
Manhattan,50
Manhattan,500
Manhattan,87
Manhattan,115
Manhattan,150
Manhattan,77
Manhattan,85
Manhattan,250
Manhattan,99
Manhattan,48
Manhattan,55
Manhattan,200
Manhattan,150
Manhattan,225
Manhattan,255
Manhattan,320
Manhattan,60
Manhattan,199
Manhattan,320
Manhattan,115
Manhattan,176
Manhattan,100
Manhattan,100
Manhattan,150
Manhattan,250
Manhattan,160
Manhattan,175
Manhattan,150
Manhattan,192
Manhattan,280
Manhattan,110
Manhattan,80
Manhattan,89
Manhattan,200
Manhattan,199
Manhattan,246
Manhattan,150
Manhattan,130
Manhattan,350
Manhattan,150
Manhattan,150
Manhattan,219
Manhattan,200
Manhattan,599
Manhattan,350
Manhattan,105
Manhattan,160
Manhattan,89
Manhattan,225
Manhattan,130
Manhattan,125
Manhattan,65
Manhattan,55
Manhattan,65
Manhattan,111
Manhattan,210
Manhattan,100
Manhattan,280
Manhattan,795
Manhattan,130
Manhattan,110
Manhattan,50
Manhattan,55
Manhattan,110
Manhattan,87
Manhattan,125
Manhattan,115
Manhattan,449
Manhattan,350
Manhattan,110
Manhattan,80
Manhattan,120
Manhattan,239
Manhattan,44
Manhattan,100
Manhattan,500
Manhattan,46
Manhattan,41
Manhattan,137
Manhattan,150
Manhattan,197
Manhattan,45
Manhattan,90
Manhattan,33
Manhattan,75
Manhattan,279
Manhattan,51
Manhattan,130
Manhattan,99
Manhattan,120
Manhattan,170
Manhattan,70
Manhattan,198
Manhattan,80
Manhattan,250
Manhattan,95
Manhattan,1795
Manhattan,210
Manhattan,90
Manhattan,130
Manhattan,230
Manhattan,690
Manhattan,53
Manhattan,275
Manhattan,113
Manhattan,82
Manhattan,55
Manhattan,35
Manhattan,108
Manhattan,99
Manhattan,250
Manhattan,299
Manhattan,65
Manhattan,175
Manhattan,175
Manhattan,500
Manhattan,150
Manhattan,160
Manhattan,230
Manhattan,199
Manhattan,280
Manhattan,140
Manhattan,265
Manhattan,69
Manhattan,82
Manhattan,220
Manhattan,160
Manhattan,85
Manhattan,58
Manhattan,179
Manhattan,150
Manhattan,200
Manhattan,125
Manhattan,70
Manhattan,88
Manhattan,370
Manhattan,100
Manhattan,122
Manhattan,60
Manhattan,75
Manhattan,98
Manhattan,99
Manhattan,120
Manhattan,500
Manhattan,169
Manhattan,120
Manhattan,72
Manhattan,120
Manhattan,190
Manhattan,82
Manhattan,99
Manhattan,75
Manhattan,190
Manhattan,99
Manhattan,120
Manhattan,69
Manhattan,60
Manhattan,333
Manhattan,135
Manhattan,76
Manhattan,200
Manhattan,65
Manhattan,199
Manhattan,63
Manhattan,140
Manhattan,135
Manhattan,154
Manhattan,175
Manhattan,80
Manhattan,125
Manhattan,174
Manhattan,100
Manhattan,175
Manhattan,130
Manhattan,275
Manhattan,130
Manhattan,154
Manhattan,180
Manhattan,200
Manhattan,75
Manhattan,105
Manhattan,350
Manhattan,185
Manhattan,359
Manhattan,200
Manhattan,206
Manhattan,222
Manhattan,175
Manhattan,170
Manhattan,899
Manhattan,399
Manhattan,120
Manhattan,80
Manhattan,68
Manhattan,300
Manhattan,147
Manhattan,175
Manhattan,80
Manhattan,129
Manhattan,199
Manhattan,80
Manhattan,126
Manhattan,51
Manhattan,140
Manhattan,600
Manhattan,40
Manhattan,150
Manhattan,149
Manhattan,69
Manhattan,300
Manhattan,120
Manhattan,270
Manhattan,200
Manhattan,120
Manhattan,290
Manhattan,300
Manhattan,55
Manhattan,130
Manhattan,114
Manhattan,60
Manhattan,130
Manhattan,115
Manhattan,150
Manhattan,90
Manhattan,80
Manhattan,350
Manhattan,164
Manhattan,325
Manhattan,140
Manhattan,95
Manhattan,115
Manhattan,60
Manhattan,90
Manhattan,1500
Manhattan,120
Manhattan,200
Manhattan,185
Manhattan,90
Manhattan,615
Manhattan,180
Manhattan,179
Manhattan,110
Manhattan,60
Manhattan,219
Manhattan,150
Manhattan,289
Manhattan,55
Manhattan,139
Manhattan,239
Manhattan,110
Manhattan,89
Manhattan,55
Manhattan,55
Manhattan,164
Manhattan,65
Manhattan,70
Manhattan,82
Manhattan,56
Manhattan,139
Manhattan,70
Manhattan,69
Manhattan,58
Manhattan,80
Manhattan,273
Manhattan,212
Manhattan,102
Manhattan,86
Manhattan,136
Manhattan,71
Manhattan,170
Manhattan,50
Manhattan,80
Manhattan,129
Manhattan,99
Manhattan,49
Manhattan,150
Manhattan,185
Manhattan,174
Manhattan,60
Manhattan,73
Manhattan,105
Manhattan,300
Manhattan,150
Manhattan,69
Manhattan,79
Manhattan,409
Manhattan,185
Manhattan,115
Manhattan,250
Manhattan,162
Manhattan,250
Manhattan,61
Manhattan,340
Manhattan,170
Manhattan,80
Manhattan,120
Manhattan,250
Manhattan,181
Manhattan,85
Manhattan,115
Manhattan,65
Manhattan,672
Manhattan,130
Manhattan,200
Manhattan,350
Manhattan,90
Manhattan,144
Manhattan,350
Manhattan,127
Manhattan,60
Manhattan,125
Manhattan,200
Manhattan,120
Manhattan,95
Manhattan,70
Manhattan,50
Manhattan,226
Manhattan,250
Manhattan,530
Manhattan,125
Manhattan,245
Manhattan,400
Manhattan,65
Manhattan,77
Manhattan,99
Manhattan,127
Manhattan,69
Manhattan,195
Manhattan,50
Manhattan,75
Manhattan,265
Manhattan,160
Manhattan,75
Manhattan,495
Manhattan,233
Manhattan,85
Manhattan,133
Manhattan,200
Manhattan,190
Manhattan,78
Manhattan,250
Manhattan,198
Manhattan,75
Manhattan,260
Manhattan,70
Manhattan,115
Manhattan,95
Manhattan,65
Manhattan,50
Manhattan,50
Manhattan,151
Manhattan,325
Manhattan,300
Manhattan,168
Manhattan,250
Manhattan,250
Manhattan,449
Manhattan,250
Manhattan,55
Manhattan,79
Manhattan,40
Manhattan,275
Manhattan,130
Manhattan,150
Manhattan,300
Manhattan,275
Manhattan,120
Manhattan,59
Manhattan,150
Manhattan,154
Manhattan,250
Manhattan,200
Manhattan,115
Manhattan,150
Manhattan,140
Manhattan,70
Manhattan,188
Manhattan,252
Manhattan,799
Manhattan,180
Manhattan,186
Manhattan,82
Manhattan,172
Manhattan,52
Manhattan,145
Manhattan,100
Manhattan,200
Manhattan,175
Manhattan,130
Manhattan,200
Manhattan,205
Manhattan,389
Manhattan,250
Manhattan,699
Manhattan,135
Manhattan,83
Manhattan,65
Manhattan,270
Manhattan,120
Manhattan,85
Manhattan,225
Manhattan,389
Manhattan,400
Manhattan,125
Manhattan,99
Manhattan,139
Manhattan,229
Manhattan,77
Manhattan,65
Manhattan,220
Manhattan,165
Manhattan,75
Manhattan,100
Manhattan,49
Manhattan,49
Manhattan,499
Manhattan,275
Manhattan,125
Manhattan,150
Manhattan,110
Manhattan,180
Manhattan,120
Manhattan,130
Manhattan,135
Manhattan,70
Manhattan,290
Manhattan,100
Manhattan,138
Manhattan,115
Manhattan,379
Manhattan,37
Manhattan,175
Manhattan,173
Manhattan,225
Manhattan,176
Manhattan,239
Manhattan,104
Manhattan,225
Manhattan,178
Manhattan,150
Manhattan,150
Manhattan,100
Manhattan,3900
Manhattan,89
Manhattan,170
Manhattan,325
Manhattan,350
Manhattan,90
Manhattan,216
Manhattan,110
Manhattan,300
Manhattan,158
Manhattan,95
Manhattan,65
Manhattan,55
Manhattan,100
Manhattan,95
Manhattan,175
Manhattan,180
Manhattan,50
Manhattan,150
Manhattan,133
Manhattan,75
Manhattan,100
Manhattan,80
Manhattan,123
Manhattan,69
Manhattan,105
Manhattan,69
Manhattan,85
Manhattan,120
Manhattan,250
Manhattan,87
Manhattan,85
Manhattan,90
Manhattan,89
Manhattan,60
Manhattan,62
Manhattan,175
Manhattan,175
Manhattan,60
Manhattan,175
Manhattan,220
Manhattan,60
Manhattan,175
Manhattan,75
Manhattan,174
Manhattan,260
Manhattan,100
Manhattan,211
Manhattan,125
Manhattan,145
Manhattan,50
Manhattan,175
Manhattan,99
Manhattan,69
Manhattan,150
Manhattan,125
Manhattan,50
Manhattan,69
Manhattan,145
Manhattan,175
Manhattan,100
Manhattan,135
Manhattan,120
Manhattan,435
Manhattan,93
Manhattan,88
Manhattan,65
Manhattan,50
Manhattan,269
Manhattan,70
Manhattan,422
Manhattan,250
Manhattan,65
Manhattan,149
Manhattan,75
Manhattan,200
Manhattan,160
Manhattan,65
Manhattan,220
Manhattan,225
Manhattan,225
Manhattan,245
Manhattan,183
Manhattan,250
Manhattan,89
Manhattan,55
Manhattan,125
Manhattan,300
Manhattan,170
Manhattan,243
Manhattan,150
Manhattan,181
Manhattan,53
Manhattan,130
Manhattan,350
Manhattan,114
Manhattan,220
Manhattan,50
Manhattan,308
Manhattan,150
Manhattan,150
Manhattan,65
Manhattan,140
Manhattan,175
Manhattan,367
Manhattan,80
Manhattan,95
Manhattan,150
Manhattan,99
Manhattan,200
Manhattan,150
Manhattan,164
Manhattan,209
Manhattan,300
Manhattan,160
Manhattan,120
Manhattan,53
Manhattan,225
Manhattan,161
Manhattan,75
Manhattan,115
Manhattan,83
Manhattan,125
Manhattan,125
Manhattan,198
Manhattan,350
Manhattan,140
Manhattan,525
Manhattan,200
Manhattan,79
Manhattan,87
Manhattan,210
Manhattan,150
Manhattan,260
Manhattan,121
Manhattan,129
Manhattan,330
Manhattan,125
Manhattan,78
Manhattan,65
Manhattan,103
Manhattan,65
Manhattan,0
Manhattan,65
Manhattan,120
Manhattan,225
Manhattan,435
Manhattan,100
Manhattan,235
Manhattan,134
Manhattan,150
Manhattan,148
Manhattan,150
Manhattan,50
Manhattan,85
Manhattan,186
Manhattan,110
Manhattan,110
Manhattan,38
Manhattan,110
Manhattan,199
Manhattan,195
Manhattan,195
Manhattan,250
Manhattan,225
Manhattan,58
Manhattan,70
Manhattan,40
Manhattan,111
Manhattan,325
Manhattan,107
Manhattan,200
Manhattan,135
Manhattan,175
Manhattan,100
Manhattan,400
Manhattan,245
Manhattan,700
Manhattan,90
Manhattan,30
Manhattan,135
Manhattan,200
Manhattan,196
Manhattan,78
Manhattan,50
Manhattan,215
Manhattan,160
Manhattan,650
Manhattan,695
Manhattan,280
Manhattan,175
Manhattan,80
Manhattan,250
Manhattan,155
Manhattan,100
Manhattan,92
Manhattan,425
Manhattan,85
Manhattan,250
Manhattan,70
Manhattan,150
Manhattan,125
Manhattan,299
Manhattan,1177
Manhattan,110
Manhattan,790
Manhattan,225
Manhattan,99
Manhattan,125
Manhattan,180
Manhattan,129
Manhattan,160
Manhattan,86
Manhattan,210
Manhattan,80
Manhattan,130
Manhattan,113
Manhattan,222
Manhattan,65
Manhattan,90
Manhattan,65
Manhattan,55
Manhattan,185
Manhattan,80
Manhattan,70
Manhattan,75
Manhattan,100
Manhattan,150
Manhattan,139
Manhattan,80
Manhattan,273
Manhattan,225
Manhattan,400
Manhattan,150
Manhattan,222
Manhattan,175
Manhattan,70
Manhattan,175
Manhattan,130
Manhattan,150
Manhattan,90
Manhattan,99
Manhattan,145
Manhattan,180
Manhattan,126
Manhattan,190
Manhattan,95
Manhattan,195
Manhattan,32
Manhattan,300
Manhattan,100
Manhattan,199
Manhattan,275
Manhattan,115
Manhattan,290
Manhattan,110
Manhattan,110
Manhattan,170
Manhattan,90
Manhattan,159
Manhattan,110
Manhattan,115
Manhattan,85
Manhattan,50
Manhattan,120
Manhattan,100
Manhattan,239
Manhattan,71
Manhattan,120
Manhattan,145
Manhattan,100
Manhattan,126
Manhattan,114
Manhattan,185
Manhattan,165
Manhattan,225
Manhattan,150
Manhattan,125
Manhattan,1500
Manhattan,85
Manhattan,70
Manhattan,128
Manhattan,130
Manhattan,120
Manhattan,47
Manhattan,181
Manhattan,50
Manhattan,99
Manhattan,169
Manhattan,150
Manhattan,169
Manhattan,125
Manhattan,140
Manhattan,80
Manhattan,275
Manhattan,150
Manhattan,150
Manhattan,150
Manhattan,195
Manhattan,125
Manhattan,135
Manhattan,129
Manhattan,142
Manhattan,55
Manhattan,175
Manhattan,222
Manhattan,175
Manhattan,175
Manhattan,80
Manhattan,125
Manhattan,153
Manhattan,165
Manhattan,45
Manhattan,149
Manhattan,175
Manhattan,108
Manhattan,50
Manhattan,95
Manhattan,85
Manhattan,160
Manhattan,85
Manhattan,60
Manhattan,250
Manhattan,50
Manhattan,155
Manhattan,220
Manhattan,250
Manhattan,378
Manhattan,96
Manhattan,110
Manhattan,60
Manhattan,125
Manhattan,250
Manhattan,99
Manhattan,125
Manhattan,125
Manhattan,295
Manhattan,200
Manhattan,200
Manhattan,100
Manhattan,100
Manhattan,160
Manhattan,200
Manhattan,45
Manhattan,150
Manhattan,525
Manhattan,253
Manhattan,275
Manhattan,110
Manhattan,573
Manhattan,170
Manhattan,1100
Manhattan,120
Manhattan,766
Manhattan,200
Manhattan,125
Manhattan,140
Manhattan,83
Manhattan,135
Manhattan,231
Manhattan,155
Manhattan,95
Manhattan,250
Manhattan,75
Manhattan,840
Manhattan,250
Manhattan,250
Manhattan,300
Manhattan,100
Manhattan,200
Manhattan,160
Manhattan,230
Manhattan,130
Manhattan,105
Manhattan,120
Manhattan,55
Manhattan,150
Manhattan,175
Manhattan,250
Manhattan,250
Manhattan,150
Manhattan,70
Manhattan,200
Manhattan,170
Manhattan,100
Manhattan,68
Manhattan,80
Manhattan,100
Manhattan,300
Manhattan,99
Manhattan,115
Manhattan,540
Manhattan,85
Manhattan,150
Manhattan,90
Manhattan,121
Manhattan,79
Manhattan,250
Manhattan,180
Manhattan,200
Manhattan,75
Manhattan,50
Manhattan,125
Manhattan,188
Manhattan,100
Manhattan,249
Manhattan,130
Manhattan,90
Manhattan,160
Manhattan,85
Manhattan,148
Manhattan,89
Manhattan,200
Manhattan,140
Manhattan,170
Manhattan,57
Manhattan,395
Manhattan,350
Manhattan,237
Manhattan,72
Manhattan,90
Manhattan,175
Manhattan,115
Manhattan,300
Manhattan,577
Manhattan,104
Manhattan,49
Manhattan,91
Manhattan,200
Manhattan,96
Manhattan,135
Manhattan,95
Manhattan,300
Manhattan,300
Manhattan,174
Manhattan,199
Manhattan,30
Manhattan,50
Manhattan,86
Manhattan,325
Manhattan,95
Manhattan,50
Manhattan,250
Manhattan,150
Manhattan,156
Manhattan,85
Manhattan,85
Manhattan,127
Manhattan,195
Manhattan,25
Manhattan,250
Manhattan,139
Manhattan,150
Manhattan,82
Manhattan,350
Manhattan,40
Manhattan,185
Manhattan,215
Manhattan,190
Manhattan,60
Manhattan,175
Manhattan,250
Manhattan,288
Manhattan,95
Manhattan,200
Manhattan,60
Manhattan,143
Manhattan,350
Manhattan,150
Manhattan,589
Manhattan,138
Manhattan,200
Manhattan,245
Manhattan,51
Manhattan,230
Manhattan,119
Manhattan,233
Manhattan,150
Manhattan,150
Manhattan,75
Manhattan,210
Manhattan,145
Manhattan,180
Manhattan,75
Manhattan,128
Manhattan,36
Manhattan,173
Manhattan,180
Manhattan,100
Manhattan,150
Manhattan,79
Manhattan,125
Manhattan,56
Manhattan,129
Manhattan,180
Manhattan,130
Manhattan,150
Manhattan,70
Manhattan,145
Manhattan,200
Manhattan,225
Manhattan,200
Manhattan,85
Manhattan,150
Manhattan,299
Manhattan,200
Manhattan,105
Manhattan,175
Manhattan,160
Manhattan,299
Manhattan,103
Manhattan,225
Manhattan,750
Manhattan,249
Manhattan,175
Manhattan,250
Manhattan,110
Manhattan,170
Manhattan,550
Manhattan,215
Manhattan,95
Manhattan,150
Manhattan,160
Manhattan,143
Manhattan,120
Manhattan,150
Manhattan,250
Manhattan,70
Manhattan,110
Manhattan,200
Manhattan,250
Manhattan,67
Manhattan,300
Manhattan,100
Manhattan,140
Manhattan,949
Manhattan,80
Manhattan,300
Manhattan,99
Manhattan,75
Manhattan,400
Manhattan,165
Manhattan,315
Manhattan,75
Manhattan,80
Manhattan,69
Manhattan,200
Manhattan,350
Manhattan,150
Manhattan,150
Manhattan,230
Manhattan,75
Manhattan,80
Manhattan,190
Manhattan,70
Manhattan,190
Manhattan,170
Manhattan,133
Manhattan,59
Manhattan,68
Manhattan,110
Manhattan,145
Manhattan,125
Manhattan,275
Manhattan,125
Manhattan,90
Manhattan,185
Manhattan,85
Manhattan,200
Manhattan,160
Manhattan,120
Manhattan,130
Manhattan,157
Manhattan,100
Manhattan,375
Manhattan,118
Manhattan,116
Manhattan,55
Manhattan,80
Manhattan,59
Manhattan,489
Manhattan,90
Manhattan,35
Manhattan,50
Manhattan,80
Manhattan,379
Manhattan,210
Manhattan,249
Manhattan,150
Manhattan,80
Manhattan,60
Manhattan,75
Manhattan,199
Manhattan,385
Manhattan,47
Manhattan,60
Manhattan,33
Manhattan,29
Manhattan,60
Manhattan,33
Manhattan,80
Manhattan,80
Manhattan,225
Manhattan,265
Manhattan,200
Manhattan,80
Manhattan,111
Manhattan,55
Manhattan,400
Manhattan,64
Manhattan,169
Manhattan,75
Manhattan,139
Manhattan,50
Manhattan,190
Manhattan,150
Manhattan,225
Manhattan,140
Manhattan,105
Manhattan,100
Manhattan,250
Manhattan,75
Manhattan,125
Manhattan,239
Manhattan,250
Manhattan,1000
Manhattan,80
Manhattan,248
Manhattan,180
Manhattan,200
Manhattan,485
Manhattan,175
Manhattan,200
Manhattan,108
Manhattan,89
Manhattan,120
Manhattan,130
Manhattan,225
Manhattan,125
Manhattan,80
Manhattan,500
Manhattan,320
Manhattan,100
Manhattan,141
Manhattan,225
Manhattan,78
Manhattan,199
Manhattan,98
Manhattan,63
Manhattan,125
Manhattan,175
Manhattan,2200
Manhattan,135
Manhattan,126
Manhattan,150
Manhattan,395
Manhattan,165
Manhattan,850
Manhattan,47
Manhattan,75
Manhattan,47
Manhattan,400
Manhattan,175
Manhattan,138
Manhattan,110
Manhattan,195
Manhattan,101
Manhattan,185
Manhattan,99
Manhattan,497
Manhattan,350
Manhattan,550
Manhattan,250
Manhattan,175
Manhattan,50
Manhattan,125
Manhattan,75
Manhattan,69
Manhattan,185
Manhattan,125
Manhattan,175
Manhattan,500
Manhattan,130
Manhattan,200
Manhattan,195
Manhattan,45
Manhattan,225
Manhattan,150
Manhattan,150
Manhattan,220
Manhattan,187
Manhattan,89
Manhattan,97
Manhattan,147
Manhattan,120
Manhattan,80
Manhattan,133
Manhattan,95
Manhattan,255
Manhattan,225
Manhattan,275
Manhattan,159
Manhattan,495
Manhattan,130
Manhattan,200
Manhattan,165
Manhattan,159
Manhattan,50
Manhattan,226
Manhattan,250
Manhattan,193
Manhattan,220
Manhattan,200
Manhattan,145
Manhattan,50
Manhattan,135
Manhattan,339
Manhattan,60
Manhattan,60
Manhattan,750
Manhattan,200
Manhattan,325
Manhattan,129
Manhattan,60
Manhattan,1000
Manhattan,499
Manhattan,108
Manhattan,175
Manhattan,230
Manhattan,299
Manhattan,270
Manhattan,48
Manhattan,300
Manhattan,99
Manhattan,65
Manhattan,325
Manhattan,139
Manhattan,500
Manhattan,600
Manhattan,125
Manhattan,196
Manhattan,299
Manhattan,111
Manhattan,184
Manhattan,70
Manhattan,210
Manhattan,170
Manhattan,175
Manhattan,120
Manhattan,105
Manhattan,165
Manhattan,195
Manhattan,100
Manhattan,228
Manhattan,150
Manhattan,90
Manhattan,125
Manhattan,120
Manhattan,138
Manhattan,126
Manhattan,35
Manhattan,46
Manhattan,60
Manhattan,340
Manhattan,150
Manhattan,45
Manhattan,400
Manhattan,400
Manhattan,125
Manhattan,100
Manhattan,99
Manhattan,275
Manhattan,200
Manhattan,96
Manhattan,180
Manhattan,125
Manhattan,36
Manhattan,150
Manhattan,190
Manhattan,130
Manhattan,180
Manhattan,1066
Manhattan,200
Manhattan,130
Manhattan,70
Manhattan,150
Manhattan,345
Manhattan,110
Manhattan,150
Manhattan,265
Manhattan,95
Manhattan,130
Manhattan,250
Manhattan,71
Manhattan,155
Manhattan,135
Manhattan,89
Manhattan,150
Manhattan,450
Manhattan,200
Manhattan,450
Manhattan,398
Manhattan,398
Manhattan,200
Manhattan,120
Manhattan,160
Manhattan,37
Manhattan,245
Manhattan,150
Manhattan,69
Manhattan,250
Manhattan,88
Manhattan,200
Manhattan,150
Manhattan,150
Manhattan,200
Manhattan,425
Manhattan,50
Manhattan,412
Manhattan,93
Manhattan,160
Manhattan,210
Manhattan,250
Manhattan,90
Manhattan,225
Manhattan,215
Manhattan,90
Manhattan,170
Manhattan,200
Manhattan,95
Manhattan,350
Manhattan,125
Manhattan,133
Manhattan,150
Manhattan,12
Manhattan,40
Manhattan,120
Manhattan,55
Manhattan,160
Manhattan,80
Manhattan,125
Manhattan,76
Manhattan,120
Manhattan,195
Manhattan,200
Manhattan,45
Manhattan,350
Manhattan,65
Manhattan,85
Manhattan,400
Manhattan,333
Manhattan,85
Manhattan,89
Manhattan,375
Manhattan,90
Manhattan,100
Manhattan,50
Manhattan,130
Manhattan,250
Manhattan,40
Manhattan,85
Manhattan,50
Manhattan,250
Manhattan,650
Manhattan,150
Manhattan,89
Manhattan,100
Manhattan,175
Manhattan,20
Manhattan,275
Manhattan,185
Manhattan,220
Manhattan,70
Manhattan,200
Manhattan,150
Manhattan,78
Manhattan,200
Manhattan,40
Manhattan,350
Manhattan,850
Manhattan,400
Manhattan,95
Manhattan,130
Manhattan,850
Manhattan,105
Manhattan,395
Manhattan,190
Manhattan,160
Manhattan,220
Manhattan,130
Manhattan,300
Manhattan,55
Manhattan,200
Manhattan,150
Manhattan,100
Manhattan,210
Manhattan,150
Manhattan,161
Manhattan,245
Manhattan,800
Manhattan,350
Manhattan,349
Manhattan,35
Manhattan,649
Manhattan,80
Manhattan,300
Manhattan,130
Manhattan,35
Manhattan,250
Manhattan,485
Manhattan,85
Manhattan,150
Manhattan,300
Manhattan,100
Manhattan,275
Manhattan,100
Manhattan,650
Manhattan,100
Manhattan,88
Manhattan,150
Manhattan,150
Manhattan,43
Manhattan,150
Manhattan,130
Manhattan,225
Manhattan,274
Manhattan,107
Manhattan,115
Manhattan,250
Manhattan,99
Manhattan,120
Manhattan,75
Manhattan,88
Manhattan,300
Manhattan,205
Manhattan,69
Manhattan,150
Manhattan,250
Manhattan,475
Manhattan,299
Manhattan,215
Manhattan,150
Manhattan,60
Manhattan,150
Manhattan,125
Manhattan,65
Manhattan,150
Manhattan,85
Manhattan,99
Manhattan,135
Manhattan,69
Manhattan,54
Manhattan,120
Manhattan,73
Manhattan,94
Manhattan,186
Manhattan,70
Manhattan,325
Manhattan,487
Manhattan,80
Manhattan,34
Manhattan,200
Manhattan,45
Manhattan,115
Manhattan,150
Manhattan,200
Manhattan,45
Manhattan,60
Manhattan,200
Manhattan,120
Manhattan,128
Manhattan,145
Manhattan,300
Manhattan,200
Manhattan,90
Manhattan,110
Manhattan,150
Manhattan,100
Manhattan,175
Manhattan,455
Manhattan,58
Manhattan,125
Manhattan,55
Manhattan,65
Manhattan,90
Manhattan,160
Manhattan,175
Manhattan,200
Manhattan,50
Manhattan,105
Manhattan,115
Manhattan,170
Manhattan,190
Manhattan,150
Manhattan,143
Manhattan,200
Manhattan,55
Manhattan,65
Manhattan,50
Manhattan,55
Manhattan,250
Manhattan,300
Manhattan,150
Manhattan,80
Manhattan,350
Manhattan,132
Manhattan,150
Manhattan,189
Manhattan,400
Manhattan,250
Manhattan,100
Manhattan,299
Manhattan,125
Manhattan,60
Manhattan,195
Manhattan,91
Manhattan,400
Manhattan,100
Manhattan,149
Manhattan,400
Manhattan,250
Manhattan,49
Manhattan,175
Manhattan,150
Manhattan,374
Manhattan,75
Manhattan,143
Manhattan,170
Manhattan,200
Manhattan,100
Manhattan,142
Manhattan,185
Manhattan,179
Manhattan,195
Manhattan,99
Manhattan,140
Manhattan,70
Manhattan,250
Manhattan,99
Manhattan,189
Manhattan,450
Manhattan,175
Manhattan,400
Manhattan,85
Manhattan,150
Manhattan,210
Manhattan,150
Manhattan,50
Manhattan,130
Manhattan,285
Manhattan,250
Manhattan,110
Manhattan,150
Manhattan,53
Manhattan,95
Manhattan,485
Manhattan,150
Manhattan,200
Manhattan,109
Manhattan,75
Manhattan,50
Manhattan,215
Manhattan,249
Manhattan,200
Manhattan,200
Manhattan,625
Manhattan,69
Manhattan,195
Manhattan,125
Manhattan,175
Manhattan,50
Manhattan,200
Manhattan,75
Manhattan,190
Manhattan,200
Manhattan,149
Manhattan,195
Manhattan,260
Manhattan,79
Manhattan,130
Manhattan,90
Manhattan,250
Manhattan,100
Manhattan,200
Manhattan,39
Manhattan,295
Manhattan,170
Manhattan,90
Manhattan,70
Manhattan,150
Manhattan,220
Manhattan,90
Manhattan,320
Manhattan,199
Manhattan,99
Manhattan,200
Manhattan,85
Manhattan,75
Manhattan,229
Manhattan,248
Manhattan,299
Manhattan,67
Manhattan,150
Manhattan,200
Manhattan,277
Manhattan,600
Manhattan,500
Manhattan,239
Manhattan,500
Manhattan,200
Manhattan,150
Manhattan,135
Manhattan,125
Manhattan,50
Manhattan,110
Manhattan,70
Manhattan,70
Manhattan,400
Manhattan,220
Manhattan,350
Manhattan,90
Manhattan,75
Manhattan,125
Manhattan,110
Manhattan,115
Manhattan,300
Manhattan,225
Manhattan,95
Manhattan,91
Manhattan,33
Manhattan,42
Manhattan,75
Manhattan,225
Manhattan,225
Manhattan,225
Manhattan,35
Manhattan,250
Manhattan,80
Manhattan,225
Manhattan,105
Manhattan,199
Manhattan,400
Manhattan,20
Manhattan,221
Manhattan,69
Manhattan,250
Manhattan,225
Manhattan,135
Manhattan,175
Manhattan,82
Manhattan,200
Manhattan,135
Manhattan,75
Manhattan,225
Manhattan,34
Manhattan,249
Manhattan,115
Manhattan,105
Manhattan,79
Manhattan,720
Manhattan,237
Manhattan,250
Manhattan,400
Manhattan,210
Manhattan,290
Manhattan,165
Manhattan,180
Manhattan,325
Manhattan,70
Manhattan,167
Manhattan,151
Manhattan,150
Manhattan,125
Manhattan,115
Manhattan,225
Manhattan,128
Manhattan,65
Manhattan,135
Manhattan,3000
Manhattan,240
Manhattan,150
Manhattan,65
Manhattan,150
Manhattan,180
Manhattan,50
Manhattan,329
Manhattan,43
Manhattan,85
Manhattan,149
Manhattan,69
Manhattan,400
Manhattan,350
Manhattan,140
Manhattan,129
Manhattan,60
Manhattan,135
Manhattan,30
Manhattan,200
Manhattan,200
Manhattan,65
Manhattan,109
Manhattan,70
Manhattan,85
Manhattan,100
Manhattan,110
Manhattan,285
Manhattan,180
Manhattan,69
Manhattan,199
Manhattan,99
Manhattan,225
Manhattan,130
Manhattan,150
Manhattan,80
Manhattan,220
Manhattan,129
Manhattan,245
Manhattan,500
Manhattan,135
Manhattan,80
Manhattan,150
Manhattan,2010
Manhattan,3210
Manhattan,4160
Manhattan,1046
Manhattan,152
Manhattan,70
Manhattan,200
Manhattan,162
Manhattan,400
Manhattan,90
Manhattan,105
Manhattan,210
Manhattan,150
Manhattan,170
Manhattan,150
Manhattan,42
Manhattan,130
Manhattan,199
Manhattan,84
Manhattan,80
Manhattan,70
Manhattan,75
Manhattan,150
Manhattan,87
Manhattan,140
Manhattan,75
Manhattan,65
Manhattan,41
Manhattan,249
Manhattan,250
Manhattan,150
Manhattan,299
Manhattan,34
Manhattan,75
Manhattan,180
Manhattan,220
Manhattan,205
Manhattan,100
Manhattan,200
Manhattan,100
Manhattan,175
Manhattan,115
Manhattan,70
Manhattan,90
Manhattan,65
Manhattan,95
Manhattan,60
Manhattan,150
Manhattan,220
Manhattan,365
Manhattan,1000
Manhattan,191
Manhattan,150
Manhattan,185
Manhattan,110
Manhattan,50
Manhattan,60
Manhattan,175
Manhattan,190
Manhattan,100
Manhattan,111
Manhattan,130
Manhattan,100
Manhattan,44
Manhattan,100
Manhattan,140
Manhattan,47
Manhattan,160
Manhattan,110
Manhattan,400
Manhattan,225
Manhattan,190
Manhattan,275
Manhattan,90
Manhattan,159
Manhattan,65
Manhattan,120
Manhattan,78
Manhattan,271
Manhattan,100
Manhattan,158
Manhattan,61
Manhattan,160
Manhattan,330
Manhattan,190
Manhattan,185
Manhattan,50
Manhattan,110
Manhattan,130
Manhattan,150
Manhattan,199
Manhattan,450
Manhattan,39
Manhattan,70
Manhattan,100
Manhattan,90
Manhattan,37
Manhattan,115
Manhattan,89
Manhattan,47
Manhattan,159
Manhattan,90
Manhattan,80
Manhattan,60
Manhattan,240
Manhattan,120
Manhattan,450
Manhattan,250
Manhattan,300
Manhattan,119
Manhattan,110
Manhattan,499
Manhattan,499
Manhattan,92
Manhattan,129
Manhattan,95
Manhattan,65
Manhattan,225
Manhattan,68
Manhattan,180
Manhattan,68
Manhattan,1500
Manhattan,10000
Manhattan,165
Manhattan,125
Manhattan,150
Manhattan,199
Manhattan,180
Manhattan,109
Manhattan,80
Manhattan,109
Manhattan,145
Manhattan,150
Manhattan,150
Manhattan,160
Manhattan,78
Manhattan,225
Manhattan,220
Manhattan,90
Manhattan,200
Manhattan,240
Manhattan,150
Manhattan,250
Manhattan,210
Manhattan,220
Manhattan,170
Manhattan,170
Manhattan,80
Manhattan,96
Manhattan,70
Manhattan,235
Manhattan,140
Manhattan,200
Manhattan,208
Manhattan,250
Manhattan,101
Manhattan,168
Manhattan,85
Manhattan,140
Manhattan,140
Manhattan,140
Manhattan,75
Manhattan,125
Manhattan,125
Manhattan,60
Manhattan,80
Manhattan,250
Manhattan,100
Manhattan,60
Manhattan,350
Manhattan,95
Manhattan,70
Manhattan,132
Manhattan,45
Manhattan,78
Manhattan,50
Manhattan,105
Manhattan,149
Manhattan,54
Manhattan,100
Manhattan,132
Manhattan,350
Manhattan,65
Manhattan,180
Manhattan,255
Manhattan,30
Manhattan,110
Manhattan,160
Manhattan,39
Manhattan,88
Manhattan,70
Manhattan,161
Manhattan,275
Manhattan,94
Manhattan,80
Manhattan,150
Manhattan,70
Manhattan,170
Manhattan,450
Manhattan,490
Manhattan,100
Manhattan,160
Manhattan,35
Manhattan,280
Manhattan,130
Manhattan,60
Manhattan,140
Manhattan,50
Manhattan,90
Manhattan,175
Manhattan,25
Manhattan,32
Manhattan,100
Manhattan,100
Manhattan,230
Manhattan,34
Manhattan,103
Manhattan,95
Manhattan,416
Manhattan,99
Manhattan,125
Manhattan,75
Manhattan,200
Manhattan,38
Manhattan,225
Manhattan,200
Manhattan,100
Manhattan,110
Manhattan,200
Manhattan,115
Manhattan,75
Manhattan,100
Manhattan,200
Manhattan,225
Manhattan,30
Manhattan,545
Manhattan,200
Manhattan,65
Manhattan,125
Manhattan,395
Manhattan,155
Manhattan,165
Manhattan,80
Manhattan,90
Manhattan,170
Manhattan,95
Manhattan,150
Manhattan,173
Manhattan,170
Manhattan,135
Manhattan,85
Manhattan,175
Manhattan,175
Manhattan,300
Manhattan,800
Manhattan,170
Manhattan,120
Manhattan,99
Manhattan,65
Manhattan,70
Manhattan,80
Manhattan,35
Manhattan,109
Manhattan,375
Manhattan,90
Manhattan,90
Manhattan,150
Manhattan,150
Manhattan,100
Manhattan,120
Manhattan,48
Manhattan,78
Manhattan,339
Manhattan,40
Manhattan,85
Manhattan,275
Manhattan,265
Manhattan,155
Manhattan,115
Manhattan,100
Manhattan,120
Manhattan,450
Manhattan,52
Manhattan,175
Manhattan,150
Manhattan,200
Manhattan,180
Manhattan,7703
Manhattan,3518
Manhattan,6419
Manhattan,75
Manhattan,220
Manhattan,50
Manhattan,980
Manhattan,79
Manhattan,49
Manhattan,1100
Manhattan,1500
Manhattan,69
Manhattan,69
Manhattan,65
Manhattan,150
Manhattan,200
Manhattan,69
Manhattan,60
Manhattan,69
Manhattan,55
Manhattan,65
Manhattan,65
Manhattan,250
Manhattan,100
Manhattan,120
Manhattan,60
Manhattan,46
Manhattan,150
Manhattan,149
Manhattan,60
Manhattan,69
Manhattan,150
Manhattan,280
Manhattan,139
Manhattan,125
Manhattan,110
Manhattan,86
Manhattan,165
Manhattan,150
Manhattan,169
Manhattan,145
Manhattan,199
Manhattan,100
Manhattan,90
Manhattan,59
Manhattan,110
Manhattan,188
Manhattan,275
Manhattan,220
Manhattan,190
Manhattan,60
Manhattan,189
Manhattan,170
Manhattan,30
Manhattan,300
Manhattan,119
Manhattan,159
Manhattan,120
Manhattan,189
Manhattan,75
Manhattan,84
Manhattan,295
Manhattan,220
Manhattan,70
Manhattan,75
Manhattan,60
Manhattan,89
Manhattan,130
Manhattan,110
Manhattan,170
Manhattan,50
Manhattan,175
Manhattan,299
Manhattan,190
Manhattan,130
Manhattan,400
Manhattan,160
Manhattan,90
Manhattan,120
Manhattan,150
Manhattan,350
Manhattan,250
Manhattan,90
Manhattan,350
Manhattan,110
Manhattan,148
Manhattan,150
Manhattan,65
Manhattan,150
Manhattan,70
Manhattan,115
Manhattan,399
Manhattan,100
Manhattan,495
Manhattan,120
Manhattan,145
Manhattan,125
Manhattan,117
Manhattan,350
Manhattan,145
Manhattan,125
Manhattan,300
Manhattan,135
Manhattan,225
Manhattan,300
Manhattan,250
Manhattan,300
Manhattan,525
Manhattan,150
Manhattan,75
Manhattan,99
Manhattan,55
Manhattan,29
Manhattan,72
Manhattan,150
Manhattan,150
Manhattan,85
Manhattan,135
Manhattan,100
Manhattan,25
Manhattan,329
Manhattan,48
Manhattan,180
Manhattan,365
Manhattan,150
Manhattan,325
Manhattan,850
Manhattan,160
Manhattan,225
Manhattan,100
Manhattan,90
Manhattan,40
Manhattan,295
Manhattan,70
Manhattan,65
Manhattan,95
Manhattan,225
Manhattan,100
Manhattan,67
Manhattan,495
Manhattan,112
Manhattan,160
Manhattan,95
Manhattan,115
Manhattan,160
Manhattan,300
Manhattan,169
Manhattan,115
Manhattan,127
Manhattan,160
Manhattan,200
Manhattan,30
Manhattan,92
Manhattan,180
Manhattan,117
Manhattan,130
Manhattan,127
Manhattan,63
Manhattan,75
Manhattan,80
Manhattan,145
Manhattan,135
Manhattan,33
Manhattan,85
Manhattan,90
Manhattan,120
Manhattan,100
Manhattan,145
Manhattan,250
Manhattan,150
Manhattan,65
Manhattan,159
Manhattan,159
Manhattan,150
Manhattan,80
Manhattan,210
Manhattan,47
Manhattan,99
Manhattan,80
Manhattan,189
Manhattan,123
Manhattan,339
Manhattan,92
Manhattan,50
Manhattan,180
Manhattan,93
Manhattan,289
Manhattan,80
Manhattan,35
Manhattan,69
Manhattan,105
Manhattan,500
Manhattan,250
Manhattan,200
Manhattan,300
Manhattan,500
Manhattan,145
Manhattan,60
Manhattan,100
Manhattan,172
Manhattan,75
Manhattan,118
Manhattan,240
Manhattan,79
Manhattan,55
Manhattan,165
Manhattan,70
Manhattan,140
Manhattan,700
Manhattan,100
Manhattan,125
Manhattan,295
Manhattan,127
Manhattan,125
Manhattan,146
Manhattan,35
Manhattan,149
Manhattan,169
Manhattan,395
Manhattan,60
Manhattan,75
Manhattan,60
Manhattan,179
Manhattan,120
Manhattan,98
Manhattan,117
Manhattan,149
Manhattan,8500
Manhattan,125
Manhattan,115
Manhattan,67
Manhattan,62
Manhattan,32
Manhattan,39
Manhattan,60
Manhattan,110
Manhattan,110
Manhattan,81
Manhattan,68
Manhattan,409
Manhattan,60
Manhattan,400
Manhattan,80
Manhattan,66
Manhattan,50
Manhattan,95
Manhattan,240
Manhattan,200
Manhattan,225
Manhattan,225
Manhattan,145
Manhattan,335
Manhattan,100
Manhattan,225
Manhattan,175
Manhattan,75
Manhattan,89
Manhattan,100
Manhattan,77
Manhattan,80
Manhattan,99
Manhattan,60
Manhattan,150
Manhattan,80
Manhattan,130
Manhattan,90
Manhattan,75
Manhattan,450
Manhattan,130
Manhattan,479
Manhattan,36
Manhattan,170
Manhattan,126
Manhattan,55
Manhattan,159
Manhattan,250
Manhattan,550
Manhattan,150
Manhattan,83
Manhattan,165
Manhattan,158
Manhattan,174
Manhattan,380
Manhattan,89
Manhattan,98
Manhattan,305
Manhattan,75
Manhattan,70
Manhattan,200
Manhattan,290
Manhattan,96
Manhattan,250
Manhattan,135
Manhattan,220
Manhattan,186
Manhattan,175
Manhattan,125
Manhattan,150
Manhattan,85
Manhattan,120
Manhattan,165
Manhattan,39
Manhattan,250
Manhattan,200
Manhattan,55
Manhattan,130
Manhattan,275
Manhattan,175
Manhattan,150
Manhattan,46
Manhattan,70
Manhattan,125
Manhattan,100
Manhattan,245
Manhattan,110
Manhattan,53
Manhattan,45
Manhattan,95
Manhattan,300
Manhattan,250
Manhattan,115
Manhattan,140
Manhattan,180
Manhattan,400
Manhattan,199
Manhattan,194
Manhattan,500
Manhattan,105
Manhattan,70
Manhattan,187
Manhattan,250
Manhattan,53
Manhattan,110
Manhattan,185
Manhattan,45
Manhattan,120
Manhattan,200
Manhattan,179
Manhattan,110
Manhattan,374
Manhattan,133
Manhattan,350
Manhattan,115
Manhattan,75
Manhattan,139
Manhattan,150
Manhattan,90
Manhattan,120
Manhattan,120
Manhattan,107
Manhattan,137
Manhattan,163
Manhattan,153
Manhattan,120
Manhattan,137
Manhattan,120
Manhattan,163
Manhattan,153
Manhattan,137
Manhattan,120
Manhattan,208
Manhattan,153
Manhattan,163
Manhattan,400
Manhattan,65
Manhattan,120
Manhattan,400
Manhattan,90
Manhattan,400
Manhattan,245
Manhattan,100
Manhattan,220
Manhattan,110
Manhattan,175
Manhattan,81
Manhattan,75
Manhattan,200
Manhattan,108
Manhattan,91
Manhattan,212
Manhattan,105
Manhattan,147
Manhattan,205
Manhattan,92
Manhattan,55
Manhattan,80
Manhattan,205
Manhattan,70
Manhattan,80
Manhattan,220
Manhattan,215
Manhattan,119
Manhattan,199
Manhattan,190
Manhattan,178
Manhattan,175
Manhattan,30
Manhattan,150
Manhattan,89
Manhattan,800
Manhattan,325
Manhattan,219
Manhattan,99
Manhattan,250
Manhattan,150
Manhattan,175
Manhattan,95
Manhattan,220
Manhattan,227
Manhattan,280
Manhattan,165
Manhattan,200
Manhattan,159
Manhattan,200
Manhattan,93
Manhattan,100
Manhattan,50
Manhattan,120
Manhattan,210
Manhattan,222
Manhattan,100
Manhattan,227
Manhattan,172
Manhattan,162
Manhattan,600
Manhattan,166
Manhattan,30
Manhattan,300
Manhattan,160
Manhattan,300
Manhattan,90
Manhattan,375
Manhattan,89
Manhattan,60
Manhattan,600
Manhattan,99
Manhattan,50
Manhattan,270
Manhattan,110
Manhattan,80
Manhattan,85
Manhattan,125
Manhattan,129
Manhattan,139
Manhattan,129
Manhattan,400
Manhattan,240
Manhattan,375
Manhattan,30
Manhattan,200
Manhattan,65
Manhattan,39
Manhattan,199
Manhattan,45
Manhattan,196
Manhattan,240
Manhattan,45
Manhattan,171
Manhattan,70
Manhattan,170
Manhattan,150
Manhattan,80
Manhattan,149
Manhattan,2990
Manhattan,140
Manhattan,179
Manhattan,187
Manhattan,50
Manhattan,179
Manhattan,182
Manhattan,115
Manhattan,72
Manhattan,250
Manhattan,1000
Manhattan,163
Manhattan,75
Manhattan,339
Manhattan,339
Manhattan,269
Manhattan,269
Manhattan,269
Manhattan,300
Manhattan,180
Manhattan,200
Manhattan,63
Manhattan,65
Manhattan,300
Manhattan,64
Manhattan,115
Manhattan,105
Manhattan,199
Manhattan,100
Manhattan,105
Manhattan,125
Manhattan,148
Manhattan,1000
Manhattan,159
Manhattan,50
Manhattan,49
Manhattan,600
Manhattan,295
Manhattan,100
Manhattan,80
Manhattan,70
Manhattan,70
Manhattan,75
Manhattan,120
Manhattan,200
Manhattan,210
Manhattan,80
Manhattan,65
Manhattan,65
Manhattan,90
Manhattan,39
Manhattan,620
Manhattan,75
Manhattan,200
Manhattan,95
Manhattan,48
Manhattan,74
Manhattan,119
Manhattan,215
Manhattan,140
Manhattan,100
Manhattan,175
Manhattan,60
Manhattan,95
Manhattan,119
Manhattan,115
Manhattan,125
Manhattan,89
Manhattan,240
Manhattan,260
Manhattan,100
Manhattan,78
Manhattan,80
Manhattan,69
Manhattan,100
Manhattan,110
Manhattan,119
Manhattan,89
Manhattan,399
Manhattan,275
Manhattan,140
Manhattan,199
Manhattan,65
Manhattan,100
Manhattan,649
Manhattan,85
Manhattan,274
Manhattan,250
Manhattan,412
Manhattan,412
Manhattan,412
Manhattan,148
Manhattan,70
Manhattan,90
Manhattan,99
Manhattan,10
Manhattan,54
Manhattan,82
Manhattan,148
Manhattan,65
Manhattan,100
Manhattan,275
Manhattan,265
Manhattan,250
Manhattan,130
Manhattan,55
Manhattan,365
Manhattan,30
Manhattan,225
Manhattan,650
Manhattan,500
Manhattan,750
Manhattan,140
Manhattan,1500
Manhattan,140
Manhattan,80
Manhattan,188
Manhattan,100
Manhattan,165
Manhattan,65
Manhattan,125
Manhattan,394
Manhattan,80
Manhattan,142
Manhattan,264
Manhattan,160
Manhattan,89
Manhattan,185
Manhattan,180
Manhattan,110
Manhattan,300
Manhattan,339
Manhattan,175
Manhattan,158
Manhattan,145
Manhattan,99
Manhattan,115
Manhattan,52
Manhattan,250
Manhattan,55
Manhattan,100
Manhattan,80
Manhattan,100
Manhattan,120
Manhattan,300
Manhattan,339
Manhattan,53
Manhattan,180
Manhattan,150
Manhattan,120
Manhattan,288
Manhattan,104
Manhattan,186
Manhattan,195
Manhattan,200
Manhattan,190
Manhattan,81
Manhattan,275
Manhattan,222
Manhattan,148
Manhattan,75
Manhattan,199
Manhattan,54
Manhattan,150
Manhattan,153
Manhattan,65
Manhattan,100
Manhattan,77
Manhattan,95
Manhattan,159
Manhattan,300
Manhattan,200
Manhattan,102
Manhattan,55
Manhattan,150
Manhattan,70
Manhattan,194
Manhattan,165
Manhattan,100
Manhattan,299
Manhattan,250
Manhattan,105
Manhattan,299
Manhattan,225
Manhattan,95
Manhattan,149
Manhattan,200
Manhattan,175
Manhattan,100
Manhattan,350
Manhattan,235
Manhattan,300
Manhattan,130
Manhattan,130
Manhattan,250
Manhattan,115
Manhattan,100
Manhattan,89
Manhattan,300
Manhattan,220
Manhattan,265
Manhattan,150
Manhattan,150
Manhattan,55
Manhattan,65
Manhattan,70
Manhattan,65
Manhattan,310
Manhattan,50
Manhattan,80
Manhattan,80
Manhattan,250
Manhattan,120
Manhattan,95
Manhattan,299
Manhattan,175
Manhattan,975
Manhattan,70
Manhattan,125
Manhattan,170
Manhattan,89
Manhattan,90
Manhattan,168
Manhattan,118
Manhattan,150
Manhattan,120
Manhattan,175
Manhattan,195
Manhattan,450
Manhattan,200
Manhattan,150
Manhattan,50
Manhattan,220
Manhattan,120
Manhattan,110
Manhattan,85
Manhattan,299
Manhattan,180
Manhattan,90
Manhattan,120
Manhattan,150
Manhattan,125
Manhattan,60
Manhattan,190
Manhattan,145
Manhattan,50
Manhattan,100
Manhattan,120
Manhattan,290
Manhattan,545
Manhattan,10
Manhattan,175
Manhattan,275
Manhattan,95
Manhattan,199
Manhattan,130
Manhattan,165
Manhattan,55
Manhattan,245
Manhattan,175
Manhattan,45
Manhattan,300
Manhattan,150
Manhattan,299
Manhattan,185
Manhattan,139
Manhattan,80
Manhattan,89
Manhattan,68
Manhattan,185
Manhattan,116
Manhattan,225
Manhattan,135
Manhattan,90
Manhattan,148
Manhattan,125
Manhattan,150
Manhattan,125
Manhattan,125
Manhattan,185
Manhattan,85
Manhattan,150
Manhattan,300
Manhattan,110
Manhattan,142
Manhattan,225
Manhattan,235
Manhattan,200
Manhattan,50
Manhattan,60
Manhattan,247
Manhattan,400
Manhattan,73
Manhattan,117
Manhattan,323
Manhattan,100
Manhattan,265
Manhattan,145
Manhattan,255
Manhattan,209
Manhattan,300
Manhattan,101
Manhattan,185
Manhattan,65
Manhattan,222
Manhattan,250
Manhattan,140
Manhattan,200
Manhattan,100
Manhattan,175
Manhattan,255
Manhattan,75
Manhattan,33
Manhattan,55
Manhattan,45
Manhattan,160
Manhattan,205
Manhattan,65
Manhattan,85
Manhattan,75
Manhattan,93
Manhattan,32
Manhattan,119
Manhattan,129
Manhattan,51
Manhattan,120
Manhattan,100
Manhattan,150
Manhattan,75
Manhattan,160
Manhattan,199
Manhattan,170
Manhattan,35
Manhattan,175
Manhattan,400
Manhattan,75
Manhattan,271
Manhattan,240
Manhattan,115
Manhattan,160
Manhattan,80
Manhattan,150
Manhattan,95
Manhattan,260
Manhattan,80
Manhattan,165
Manhattan,400
Manhattan,139
Manhattan,59
Manhattan,120
Manhattan,112
Manhattan,175
Manhattan,90
Manhattan,180
Manhattan,215
Manhattan,415
Manhattan,150
Manhattan,150
Manhattan,60
Manhattan,700
Manhattan,110
Manhattan,75
Manhattan,50
Manhattan,95
Manhattan,300
Manhattan,69
Manhattan,120
Manhattan,140
Manhattan,200
Manhattan,139
Manhattan,80
Manhattan,79
Manhattan,125
Manhattan,295
Manhattan,400
Manhattan,76
Manhattan,250
Manhattan,65
Manhattan,650
Manhattan,99
Manhattan,44
Manhattan,150
Manhattan,150
Manhattan,200
Manhattan,71
Manhattan,50
Manhattan,160
Manhattan,190
Manhattan,57
Manhattan,120
Manhattan,119
Manhattan,92
Manhattan,200
Manhattan,120
Manhattan,89
Manhattan,95
Manhattan,80
Manhattan,235
Manhattan,120
Manhattan,400
Manhattan,130
Manhattan,125
Manhattan,120
Manhattan,97
Manhattan,80
Manhattan,175
Manhattan,179
Manhattan,59
Manhattan,180
Manhattan,125
Manhattan,170
Manhattan,182
Manhattan,65
Manhattan,165
Manhattan,122
Manhattan,85
Manhattan,199
Manhattan,70
Manhattan,67
Manhattan,100
Manhattan,145
Manhattan,210
Manhattan,80
Manhattan,200
Manhattan,150
Manhattan,147
Manhattan,350
Manhattan,200
Manhattan,190
Manhattan,210
Manhattan,86
Manhattan,150
Manhattan,75
Manhattan,180
Manhattan,344
Manhattan,142
Manhattan,550
Manhattan,160
Manhattan,239
Manhattan,200
Manhattan,182
Manhattan,65
Manhattan,250
Manhattan,100
Manhattan,59
Manhattan,41
Manhattan,125
Manhattan,250
Manhattan,169
Manhattan,375
Manhattan,150
Manhattan,224
Manhattan,125
Manhattan,50
Manhattan,149
Manhattan,180
Manhattan,118
Manhattan,70
Manhattan,1195
Manhattan,175
Manhattan,150
Manhattan,50
Manhattan,50
Manhattan,110
Manhattan,145
Manhattan,137
Manhattan,150
Manhattan,75
Manhattan,50
Manhattan,91
Manhattan,136
Manhattan,175
Manhattan,125
Manhattan,120
Manhattan,164
Manhattan,50
Manhattan,45
Manhattan,70
Manhattan,120
Manhattan,375
Manhattan,150
Manhattan,225
Manhattan,160
Manhattan,250
Manhattan,175
Manhattan,300
Manhattan,215
Manhattan,100
Manhattan,85
Manhattan,795
Manhattan,185
Manhattan,125
Manhattan,330
Manhattan,79
Manhattan,1200
Manhattan,295
Manhattan,150
Manhattan,170
Manhattan,175
Manhattan,105
Manhattan,400
Manhattan,305
Manhattan,175
Manhattan,126
Manhattan,224
Manhattan,94
Manhattan,160
Manhattan,199
Manhattan,85
Manhattan,200
Manhattan,180
Manhattan,120
Manhattan,90
Manhattan,1500
Manhattan,180
Manhattan,225
Manhattan,170
Manhattan,350
Manhattan,170
Manhattan,300
Manhattan,170
Manhattan,125
Manhattan,175
Manhattan,80
Manhattan,139
Manhattan,162
Manhattan,99
Manhattan,89
Manhattan,2500
Manhattan,105
Manhattan,198
Manhattan,117
Manhattan,206
Manhattan,164
Manhattan,220
Manhattan,65
Manhattan,170
Manhattan,175
Manhattan,150
Manhattan,398
Manhattan,175
Manhattan,450
Manhattan,69
Manhattan,500
Manhattan,50
Manhattan,225
Manhattan,170
Manhattan,110
Manhattan,200
Manhattan,360
Manhattan,165
Manhattan,200
Manhattan,100
Manhattan,140
Manhattan,128
Manhattan,150
Manhattan,80
Manhattan,125
Manhattan,140
Manhattan,100
Manhattan,176
Manhattan,90
Manhattan,89
Manhattan,120
Manhattan,65
Manhattan,95
Manhattan,180
Manhattan,191
Manhattan,130
Manhattan,175
Manhattan,100
Manhattan,43
Manhattan,65
Manhattan,95
Manhattan,200
Manhattan,190
Manhattan,150
Manhattan,50
Manhattan,239
Manhattan,159
Manhattan,130
Manhattan,120
Manhattan,250
Manhattan,699
Manhattan,225
Manhattan,225
Manhattan,140
Manhattan,200
Manhattan,112
Manhattan,294
Manhattan,450
Manhattan,89
Manhattan,70
Manhattan,75
Manhattan,90
Manhattan,160
Manhattan,150
Manhattan,337
Manhattan,86
Manhattan,350
Manhattan,180
Manhattan,222
Manhattan,97
Manhattan,219
Manhattan,232
Manhattan,100
Manhattan,400
Manhattan,180
Manhattan,169
Manhattan,390
Manhattan,600
Manhattan,90
Manhattan,65
Manhattan,280
Manhattan,89
Manhattan,149
Manhattan,115
Manhattan,76
Manhattan,90
Manhattan,182
Manhattan,95
Manhattan,110
Manhattan,150
Manhattan,130
Manhattan,99
Manhattan,200
Manhattan,180
Manhattan,46
Manhattan,166
Manhattan,359
Manhattan,100
Manhattan,175
Manhattan,120
Manhattan,199
Manhattan,50
Manhattan,74
Manhattan,175
Manhattan,113
Manhattan,165
Manhattan,140
Manhattan,62
Manhattan,100
Manhattan,44
Manhattan,75
Manhattan,299
Manhattan,799
Manhattan,149
Manhattan,50
Manhattan,50
Manhattan,156
Manhattan,197
Manhattan,250
Manhattan,199
Manhattan,85
Manhattan,100
Manhattan,80
Manhattan,339
Manhattan,175
Manhattan,339
Manhattan,100
Manhattan,100
Manhattan,75
Manhattan,140
Manhattan,35
Manhattan,99
Manhattan,399
Manhattan,269
Manhattan,200
Manhattan,50
Manhattan,410
Manhattan,55
Manhattan,245
Manhattan,155
Manhattan,225
Manhattan,450
Manhattan,100
Manhattan,110
Manhattan,220
Manhattan,350
Manhattan,1000
Manhattan,145
Manhattan,68
Manhattan,85
Manhattan,130
Manhattan,425
Manhattan,165
Manhattan,50
Manhattan,85
Manhattan,200
Manhattan,150
Manhattan,109
Manhattan,650
Manhattan,120
Manhattan,83
Manhattan,89
Manhattan,70
Manhattan,100
Manhattan,99
Manhattan,150
Manhattan,175
Manhattan,100
Manhattan,47
Manhattan,160
Manhattan,125
Manhattan,81
Manhattan,120
Manhattan,179
Manhattan,80
Manhattan,236
Manhattan,55
Manhattan,55
Manhattan,170
Manhattan,167
Manhattan,120
Manhattan,300
Manhattan,125
Manhattan,300
Manhattan,250
Manhattan,164
Manhattan,229
Manhattan,190
Manhattan,207
Manhattan,180
Manhattan,99
Manhattan,55
Manhattan,500
Manhattan,69
Manhattan,99
Manhattan,65
Manhattan,65
Manhattan,115
Manhattan,123
Manhattan,300
Manhattan,120
Manhattan,140
Manhattan,114
Manhattan,157
Manhattan,125
Manhattan,90
Manhattan,54
Manhattan,195
Manhattan,40
Manhattan,325
Manhattan,132
Manhattan,180
Manhattan,149
Manhattan,149
Manhattan,94
Manhattan,91
Manhattan,55
Manhattan,160
Manhattan,85
Manhattan,182
Manhattan,50
Manhattan,175
Manhattan,155
Manhattan,179
Manhattan,350
Manhattan,136
Manhattan,200
Manhattan,235
Manhattan,249
Manhattan,125
Manhattan,150
Manhattan,163
Manhattan,165
Manhattan,1100
Manhattan,225
Manhattan,46
Manhattan,499
Manhattan,115
Manhattan,95
Manhattan,43
Manhattan,120
Manhattan,299
Manhattan,115
Manhattan,199
Manhattan,149
Manhattan,177
Manhattan,100
Manhattan,180
Manhattan,65
Manhattan,200
Manhattan,100
Manhattan,100
Manhattan,185
Manhattan,150
Manhattan,225
Manhattan,398
Manhattan,62
Manhattan,250
Manhattan,100
Manhattan,83
Manhattan,125
Manhattan,85
Manhattan,69
Manhattan,65
Manhattan,99
Manhattan,70
Manhattan,100
Manhattan,225
Manhattan,110
Manhattan,98
Manhattan,70
Manhattan,98
Manhattan,186
Manhattan,97
Manhattan,98
Manhattan,62
Manhattan,62
Manhattan,138
Manhattan,65
Manhattan,350
Manhattan,200
Manhattan,90
Manhattan,225
Manhattan,200
Manhattan,225
Manhattan,80
Manhattan,220
Manhattan,179
Manhattan,220
Manhattan,124
Manhattan,199
Manhattan,55
Manhattan,131
Manhattan,95
Manhattan,80
Manhattan,167
Manhattan,45
Manhattan,189
Manhattan,70
Manhattan,120
Manhattan,164
Manhattan,56
Manhattan,52
Manhattan,275
Manhattan,250
Manhattan,159
Manhattan,120
Manhattan,186
Manhattan,99
Manhattan,90
Manhattan,649
Manhattan,149
Manhattan,80
Manhattan,80
Manhattan,50
Manhattan,43
Manhattan,55
Manhattan,54
Manhattan,80
Manhattan,140
Manhattan,250
Manhattan,499
Manhattan,111
Manhattan,160
Manhattan,150
Manhattan,60
Manhattan,230
Manhattan,200
Manhattan,125
Manhattan,60
Manhattan,62
Manhattan,195
Manhattan,85
Manhattan,211
Manhattan,100
Manhattan,125
Manhattan,83
Manhattan,100
Manhattan,1000
Manhattan,62
Manhattan,62
Manhattan,105
Manhattan,100
Manhattan,122
Manhattan,299
Manhattan,90
Manhattan,175
Manhattan,45
Manhattan,160
Manhattan,69
Manhattan,69
Manhattan,180
Manhattan,55
Manhattan,65
Manhattan,200
Manhattan,160
Manhattan,34
Manhattan,195
Manhattan,70
Manhattan,60
Manhattan,120
Manhattan,250
Manhattan,32
Manhattan,550
Manhattan,88
Manhattan,65
Manhattan,125
Manhattan,110
Manhattan,150
Manhattan,70
Manhattan,72
Manhattan,134
Manhattan,250
Manhattan,75
Manhattan,150
Manhattan,52
Manhattan,110
Manhattan,150
Manhattan,100
Manhattan,275
Manhattan,184
Manhattan,189
Manhattan,169
Manhattan,129
Manhattan,119
Manhattan,119
Manhattan,40
Manhattan,375
Manhattan,200
Manhattan,65
Manhattan,70
Manhattan,190
Manhattan,800
Manhattan,65
Manhattan,180
Manhattan,35
Manhattan,39
Manhattan,80
Manhattan,68
Manhattan,135
Manhattan,115
Manhattan,169
Manhattan,195
Manhattan,85
Manhattan,109
Manhattan,45
Manhattan,60
Manhattan,115
Manhattan,100
Manhattan,125
Manhattan,850
Manhattan,70
Manhattan,100
Manhattan,55
Manhattan,169
Manhattan,215
Manhattan,299
Manhattan,175
Manhattan,220
Manhattan,120
Manhattan,200
Manhattan,90
Manhattan,98
Manhattan,50
Manhattan,393
Manhattan,90
Manhattan,117
Manhattan,285
Manhattan,125
Manhattan,75
Manhattan,333
Manhattan,250
Manhattan,95
Manhattan,75
Manhattan,220
Manhattan,125
Manhattan,179
Manhattan,99
Manhattan,200
Manhattan,230
Manhattan,97
Manhattan,350
Manhattan,60
Manhattan,209
Manhattan,125
Manhattan,125
Manhattan,90
Manhattan,50
Manhattan,350
Manhattan,60
Manhattan,300
Manhattan,50
Manhattan,100
Manhattan,59
Manhattan,259
Manhattan,550
Manhattan,350
Manhattan,349
Manhattan,105
Manhattan,85
Manhattan,129
Manhattan,109
Manhattan,52
Manhattan,113
Manhattan,200
Manhattan,90
Manhattan,90
Manhattan,82
Manhattan,85
Manhattan,95
Manhattan,85
Manhattan,69
Manhattan,65
Manhattan,100
Manhattan,350
Manhattan,155
Manhattan,90
Manhattan,200
Manhattan,250
Manhattan,189
Manhattan,280
Manhattan,200
Manhattan,175
Manhattan,199
Manhattan,64
Manhattan,150
Manhattan,70
Manhattan,80
Manhattan,145
Manhattan,1200
Manhattan,102
Manhattan,174
Manhattan,200
Manhattan,170
Manhattan,750
Manhattan,289
Manhattan,200
Manhattan,170
Manhattan,131
Manhattan,425
Manhattan,250
Manhattan,85
Manhattan,156
Manhattan,112
Manhattan,139
Manhattan,169
Manhattan,90
Manhattan,74
Manhattan,240
Manhattan,131
Manhattan,125
Manhattan,60
Manhattan,155
Manhattan,187
Manhattan,400
Manhattan,249
Manhattan,90
Manhattan,499
Manhattan,99
Manhattan,295
Manhattan,60
Manhattan,75
Manhattan,58
Manhattan,100
Manhattan,369
Manhattan,150
Manhattan,219
Manhattan,309
Manhattan,250
Manhattan,650
Manhattan,80
Manhattan,65
Manhattan,150
Manhattan,150
Manhattan,175
Manhattan,65
Manhattan,91
Manhattan,170
Manhattan,40
Manhattan,97
Manhattan,220
Manhattan,250
Manhattan,120
Manhattan,50
Manhattan,120
Manhattan,80
Manhattan,80
Manhattan,220
Manhattan,200
Manhattan,150
Manhattan,59
Manhattan,50
Manhattan,295
Manhattan,265
Manhattan,400
Manhattan,80
Manhattan,96
Manhattan,85
Manhattan,250
Manhattan,67
Manhattan,69
Manhattan,200
Manhattan,75
Manhattan,350
Manhattan,135
Manhattan,58
Manhattan,120
Manhattan,99
Manhattan,200
Manhattan,80
Manhattan,200
Manhattan,300
Manhattan,85
Manhattan,79
Manhattan,350
Manhattan,100
Manhattan,125
Manhattan,450
Manhattan,150
Manhattan,90
Manhattan,250
Manhattan,225
Manhattan,55
Manhattan,120
Manhattan,599
Manhattan,70
Manhattan,80
Manhattan,125
Manhattan,180
Manhattan,110
Manhattan,99
Manhattan,149
Manhattan,55
Manhattan,65
Manhattan,150
Manhattan,119
Manhattan,200
Manhattan,185
Manhattan,1500
Manhattan,150
Manhattan,250
Manhattan,285
Manhattan,55
Manhattan,90
Manhattan,125
Manhattan,120
Manhattan,189
Manhattan,190
Manhattan,190
Manhattan,187
Manhattan,185
Manhattan,250
Manhattan,170
Manhattan,55
Manhattan,125
Manhattan,400
Manhattan,80
Manhattan,220
Manhattan,90
Manhattan,85
Manhattan,49
Manhattan,69
Manhattan,99
Manhattan,150
Manhattan,200
Manhattan,150
Manhattan,90
Manhattan,139
Manhattan,120
Manhattan,180
Manhattan,220
Manhattan,150
Manhattan,225
Manhattan,210
Manhattan,299
Manhattan,150
Manhattan,99
Manhattan,99
Manhattan,115
Manhattan,118
Manhattan,300
Manhattan,250
Manhattan,125
Manhattan,150
Manhattan,120
Manhattan,125
Manhattan,250
Manhattan,249
Manhattan,179
Manhattan,465
Manhattan,300
Manhattan,900
Manhattan,120
Manhattan,199
Manhattan,200
Manhattan,53
Manhattan,35
Manhattan,190
Manhattan,143
Manhattan,59
Manhattan,299
Manhattan,80
Manhattan,90
Manhattan,150
Manhattan,181
Manhattan,76
Manhattan,139
Manhattan,250
Manhattan,69
Manhattan,255
Manhattan,150
Manhattan,85
Manhattan,300
Manhattan,52
Manhattan,76
Manhattan,63
Manhattan,55
Manhattan,90
Manhattan,110
Manhattan,250
Manhattan,66
Manhattan,30
Manhattan,100
Manhattan,91
Manhattan,150
Manhattan,222
Manhattan,225
Manhattan,50
Manhattan,100
Manhattan,250
Manhattan,130
Manhattan,84
Manhattan,90
Manhattan,500
Manhattan,120
Manhattan,120
Manhattan,110
Manhattan,89
Manhattan,81
Manhattan,95
Manhattan,75
Manhattan,80
Manhattan,140
Manhattan,120
Manhattan,128
Manhattan,125
Manhattan,195
Manhattan,220
Manhattan,110
Manhattan,154
Manhattan,70
Manhattan,270
Manhattan,99
Manhattan,80
Manhattan,189
Manhattan,189
Manhattan,179
Manhattan,200
Manhattan,490
Manhattan,100
Manhattan,995
Manhattan,145
Manhattan,345
Manhattan,150
Manhattan,70
Manhattan,200
Manhattan,109
Manhattan,125
Manhattan,109
Manhattan,120
Manhattan,110
Manhattan,110
Manhattan,115
Manhattan,105
Manhattan,119
Manhattan,325
Manhattan,199
Manhattan,174
Manhattan,130
Manhattan,102
Manhattan,50
Manhattan,92
Manhattan,157
Manhattan,94
Manhattan,88
Manhattan,56
Manhattan,165
Manhattan,84
Manhattan,150
Manhattan,244
Manhattan,180
Manhattan,245
Manhattan,250
Manhattan,225
Manhattan,69
Manhattan,96
Manhattan,120
Manhattan,52
Manhattan,140
Manhattan,150
Manhattan,125
Manhattan,140
Manhattan,375
Manhattan,140
Manhattan,90
Manhattan,260
Manhattan,200
Manhattan,350
Manhattan,129
Manhattan,111
Manhattan,60
Manhattan,90
Manhattan,200
Manhattan,100
Manhattan,82
Manhattan,300
Manhattan,150
Manhattan,150
Manhattan,149
Manhattan,33
Manhattan,100
Manhattan,75
Manhattan,300
Manhattan,90
Manhattan,300
Manhattan,45
Manhattan,50
Manhattan,80
Manhattan,45
Manhattan,150
Manhattan,125
Manhattan,110
Manhattan,65
Manhattan,113
Manhattan,74
Manhattan,125
Manhattan,190
Manhattan,275
Manhattan,67
Manhattan,146
Manhattan,150
Manhattan,250
Manhattan,250
Manhattan,150
Manhattan,185
Manhattan,104
Manhattan,75
Manhattan,250
Manhattan,340
Manhattan,210
Manhattan,125
Manhattan,53
Manhattan,250
Manhattan,425
Manhattan,140
Manhattan,58
Manhattan,207
Manhattan,180
Manhattan,75
Manhattan,280
Manhattan,245
Manhattan,54
Manhattan,62
Manhattan,72
Manhattan,75
Manhattan,75
Manhattan,75
Manhattan,140
Manhattan,35
Manhattan,71
Manhattan,395
Manhattan,395
Manhattan,199
Manhattan,150
Manhattan,325
Manhattan,100
Manhattan,140
Manhattan,150
Manhattan,155
Manhattan,87
Manhattan,200
Manhattan,79
Manhattan,350
Manhattan,90
Manhattan,40
Manhattan,1250
Manhattan,99
Manhattan,150
Manhattan,115
Manhattan,200
Manhattan,750
Manhattan,250
Manhattan,59
Manhattan,189
Manhattan,199
Manhattan,100
Manhattan,200
Manhattan,275
Manhattan,93
Manhattan,60
Manhattan,70
Manhattan,350
Manhattan,98
Manhattan,75
Manhattan,80
Manhattan,250
Manhattan,450
Manhattan,130
Manhattan,151
Manhattan,115
Manhattan,200
Manhattan,250
Manhattan,160
Manhattan,329
Manhattan,135
Manhattan,275
Manhattan,37
Manhattan,100
Manhattan,86
Manhattan,200
Manhattan,85
Manhattan,215
Manhattan,100
Manhattan,50
Manhattan,106
Manhattan,195
Manhattan,700
Manhattan,275
Manhattan,137
Manhattan,185
Manhattan,52
Manhattan,39
Manhattan,155
Manhattan,90
Manhattan,80
Manhattan,225
Manhattan,285
Manhattan,190
Manhattan,165
Manhattan,49
Manhattan,165
Manhattan,415
Manhattan,100
Manhattan,89
Manhattan,139
Manhattan,230
Manhattan,185
Manhattan,128
Manhattan,80
Manhattan,175
Manhattan,250
Manhattan,225
Manhattan,150
Manhattan,60
Manhattan,200
Manhattan,175
Manhattan,75
Manhattan,149
Manhattan,147
Manhattan,75
Manhattan,483
Manhattan,290
Manhattan,225
Manhattan,550
Manhattan,450
Manhattan,200
Manhattan,360
Manhattan,210
Manhattan,210
Manhattan,225
Manhattan,120
Manhattan,1700
Manhattan,195
Manhattan,89
Manhattan,45
Manhattan,140
Manhattan,130
Manhattan,80
Manhattan,110
Manhattan,120
Manhattan,120
Manhattan,80
Manhattan,699
Manhattan,699
Manhattan,699
Manhattan,699
Manhattan,699
Manhattan,699
Manhattan,699
Manhattan,699
Manhattan,699
Manhattan,737
Manhattan,737
Manhattan,737
Manhattan,737
Manhattan,737
Manhattan,737
Manhattan,737
Manhattan,737
Manhattan,699
Manhattan,699
Manhattan,699
Manhattan,737
Manhattan,737
Manhattan,200
Manhattan,50
Manhattan,200
Manhattan,154
Manhattan,350
Manhattan,86
Manhattan,55
Manhattan,95
Manhattan,50
Manhattan,125
Manhattan,112
Manhattan,234
Manhattan,81
Manhattan,350
Manhattan,550
Manhattan,110
Manhattan,110
Manhattan,115
Manhattan,236
Manhattan,105
Manhattan,184
Manhattan,120
Manhattan,85
Manhattan,118
Manhattan,50
Manhattan,99
Manhattan,220
Manhattan,325
Manhattan,90
Manhattan,180
Manhattan,320
Manhattan,340
Manhattan,395
Manhattan,187
Manhattan,140
Manhattan,85
Manhattan,100
Manhattan,199
Manhattan,55
Manhattan,120
Manhattan,40
Manhattan,195
Manhattan,150
Manhattan,120
Manhattan,350
Manhattan,98
Manhattan,98
Manhattan,180
Manhattan,200
Manhattan,300
Manhattan,199
Manhattan,90
Manhattan,300
Manhattan,40
Manhattan,80
Manhattan,125
Manhattan,209
Manhattan,287
Manhattan,202
Manhattan,287
Manhattan,239
Manhattan,287
Manhattan,232
Manhattan,187
Manhattan,175
Manhattan,200
Manhattan,150
Manhattan,235
Manhattan,320
Manhattan,495
Manhattan,300
Manhattan,470
Manhattan,350
Manhattan,350
Manhattan,200
Manhattan,435
Manhattan,200
Manhattan,305
Manhattan,99
Manhattan,230
Manhattan,220
Manhattan,250
Manhattan,185
Manhattan,253
Manhattan,150
Manhattan,350
Manhattan,135
Manhattan,180
Manhattan,100
Manhattan,525
Manhattan,250
Manhattan,100
Manhattan,226
Manhattan,175
Manhattan,550
Manhattan,99
Manhattan,200
Manhattan,90
Manhattan,400
Manhattan,250
Manhattan,85
Manhattan,220
Manhattan,220
Manhattan,175
Manhattan,140
Manhattan,160
Manhattan,126
Manhattan,65
Manhattan,199
Manhattan,85
Manhattan,80
Manhattan,195
Manhattan,185
Manhattan,264
Manhattan,350
Manhattan,75
Manhattan,190
Manhattan,65
Manhattan,180
Manhattan,225
Manhattan,111
Manhattan,150
Manhattan,145
Manhattan,135
Manhattan,144
Manhattan,120
Manhattan,160
Manhattan,150
Manhattan,160
Manhattan,128
Manhattan,100
Manhattan,290
Manhattan,68
Manhattan,150
Manhattan,149
Manhattan,100
Manhattan,175
Manhattan,76
Manhattan,240
Manhattan,106
Manhattan,450
Manhattan,130
Manhattan,799
Manhattan,250
Manhattan,83
Manhattan,36
Manhattan,159
Manhattan,160
Manhattan,217
Manhattan,77
Manhattan,299
Manhattan,285
Manhattan,124
Manhattan,60
Manhattan,159
Manhattan,180
Manhattan,250
Manhattan,188
Manhattan,100
Manhattan,85
Manhattan,295
Manhattan,125
Manhattan,151
Manhattan,90
Manhattan,55
Manhattan,55
Manhattan,150
Manhattan,70
Manhattan,120
Manhattan,111
Manhattan,150
Manhattan,60
Manhattan,90
Manhattan,142
Manhattan,142
Manhattan,400
Manhattan,150
Manhattan,175
Manhattan,150
Manhattan,339
Manhattan,339
Manhattan,350
Manhattan,105
Manhattan,195
Manhattan,79
Manhattan,159
Manhattan,49
Manhattan,300
Manhattan,150
Manhattan,129
Manhattan,100
Manhattan,93
Manhattan,220
Manhattan,86
Manhattan,60
Manhattan,185
Manhattan,95
Manhattan,350
Manhattan,230
Manhattan,200
Manhattan,250
Manhattan,150
Manhattan,95
Manhattan,120
Manhattan,400
Manhattan,1100
Manhattan,3750
Manhattan,135
Manhattan,197
Manhattan,112
Manhattan,140
Manhattan,245
Manhattan,70
Manhattan,200
Manhattan,379
Manhattan,69
Manhattan,175
Manhattan,294
Manhattan,225
Manhattan,175
Manhattan,239
Manhattan,90
Manhattan,330
Manhattan,120
Manhattan,80
Manhattan,170
Manhattan,150
Manhattan,150
Manhattan,158
Manhattan,150
Manhattan,155
Manhattan,187
Manhattan,120
Manhattan,65
Manhattan,120
Manhattan,250
Manhattan,148
Manhattan,159
Manhattan,200
Manhattan,85
Manhattan,90
Manhattan,275
Manhattan,400
Manhattan,110
Manhattan,150
Manhattan,75
Manhattan,190
Manhattan,49
Manhattan,300
Manhattan,49
Manhattan,60
Manhattan,100
Manhattan,90
Manhattan,180
Manhattan,300
Manhattan,269
Manhattan,61
Manhattan,99
Manhattan,199
Manhattan,150
Manhattan,150
Manhattan,290
Manhattan,135
Manhattan,62
Manhattan,800
Manhattan,175
Manhattan,149
Manhattan,200
Manhattan,350
Manhattan,250
Manhattan,140
Manhattan,45
Manhattan,145
Manhattan,245
Manhattan,239
Manhattan,239
Manhattan,239
Manhattan,200
Manhattan,49
Manhattan,49
Manhattan,49
Manhattan,49
Manhattan,150
Manhattan,220
Manhattan,85
Manhattan,239
Manhattan,300
Manhattan,279
Manhattan,65
Manhattan,239
Manhattan,150
Manhattan,150
Manhattan,250
Manhattan,110
Manhattan,100
Manhattan,45
Manhattan,212
Manhattan,204
Manhattan,400
Manhattan,184
Manhattan,119
Manhattan,197
Manhattan,245
Manhattan,149
Manhattan,76
Manhattan,250
Manhattan,349
Manhattan,180
Manhattan,174
Manhattan,199
Manhattan,300
Manhattan,150
Manhattan,70
Manhattan,300
Manhattan,150
Manhattan,100
Manhattan,248
Manhattan,95
Manhattan,210
Manhattan,139
Manhattan,180
Manhattan,400
Manhattan,189
Manhattan,60
Manhattan,140
Manhattan,350
Manhattan,70
Manhattan,180
Manhattan,99
Manhattan,225
Manhattan,90
Manhattan,36
Manhattan,54
Manhattan,65
Manhattan,300
Manhattan,280
Manhattan,73
Manhattan,135
Manhattan,120
Manhattan,130
Manhattan,200
Manhattan,89
Manhattan,160
Manhattan,90
Manhattan,300
Manhattan,225
Manhattan,80
Manhattan,394
Manhattan,799
Manhattan,499
Manhattan,149
Manhattan,214
Manhattan,269
Manhattan,45
Manhattan,90
Manhattan,400
Manhattan,200
Manhattan,199
Manhattan,180
Manhattan,80
Manhattan,639
Manhattan,225
Manhattan,140
Manhattan,250
Manhattan,150
Manhattan,270
Manhattan,72
Manhattan,250
Manhattan,100
Manhattan,175
Manhattan,460
Manhattan,76
Manhattan,160
Manhattan,80
Manhattan,99
Manhattan,200
Manhattan,170
Manhattan,99
Manhattan,209
Manhattan,300
Manhattan,215
Manhattan,100
Manhattan,150
Manhattan,50
Manhattan,47
Manhattan,150
Manhattan,150
Manhattan,70
Manhattan,220
Manhattan,200
Manhattan,239
Manhattan,590
Manhattan,65
Manhattan,135
Manhattan,175
Manhattan,79
Manhattan,185
Manhattan,285
Manhattan,848
Manhattan,80
Manhattan,175
Manhattan,239
Manhattan,167
Manhattan,169
Manhattan,110
Manhattan,85
Manhattan,200
Manhattan,165
Manhattan,45
Manhattan,79
Manhattan,244
Manhattan,299
Manhattan,299
Manhattan,80
Manhattan,410
Manhattan,280
Manhattan,200
Manhattan,250
Manhattan,66
Manhattan,140
Manhattan,150
Manhattan,150
Manhattan,100
Manhattan,120
Manhattan,375
Manhattan,199
Manhattan,97
Manhattan,150
Manhattan,225
Manhattan,255
Manhattan,150
Manhattan,57
Manhattan,45
Manhattan,160
Manhattan,160
Manhattan,430
Manhattan,95
Manhattan,48
Manhattan,150
Manhattan,250
Manhattan,260
Manhattan,120
Manhattan,62
Manhattan,250
Manhattan,225
Manhattan,195
Manhattan,95
Manhattan,70
Manhattan,75
Manhattan,179
Manhattan,250
Manhattan,100
Manhattan,149
Manhattan,199
Manhattan,500
Manhattan,249
Manhattan,140
Manhattan,145
Manhattan,95
Manhattan,300
Manhattan,115
Manhattan,60
Manhattan,75
Manhattan,86
Manhattan,250
Manhattan,85
Manhattan,52
Manhattan,149
Manhattan,75
Manhattan,130
Manhattan,105
Manhattan,125
Manhattan,115
Manhattan,99
Manhattan,220
Manhattan,106
Manhattan,140
Manhattan,199
Manhattan,345
Manhattan,300
Manhattan,149
Manhattan,85
Manhattan,590
Manhattan,350
Manhattan,115
Manhattan,200
Manhattan,80
Manhattan,59
Manhattan,70
Manhattan,70
Manhattan,120
Manhattan,269
Manhattan,600
Manhattan,80
Manhattan,300
Manhattan,169
Manhattan,263
Manhattan,75
Manhattan,250
Manhattan,225
Manhattan,154
Manhattan,1500
Manhattan,115
Manhattan,135
Manhattan,75
Manhattan,189
Manhattan,120
Manhattan,100
Manhattan,120
Manhattan,130
Manhattan,180
Manhattan,36
Manhattan,165
Manhattan,90
Manhattan,110
Manhattan,195
Manhattan,300
Manhattan,175
Manhattan,68
Manhattan,120
Manhattan,84
Manhattan,174
Manhattan,70
Manhattan,120
Manhattan,105
Manhattan,110
Manhattan,130
Manhattan,449
Manhattan,325
Manhattan,200
Manhattan,250
Manhattan,109
Manhattan,130
Manhattan,149
Manhattan,126
Manhattan,800
Manhattan,100
Manhattan,225
Manhattan,225
Manhattan,179
Manhattan,255
Manhattan,325
Manhattan,389
Manhattan,285
Manhattan,200
Manhattan,230
Manhattan,99
Manhattan,150
Manhattan,145
Manhattan,150
Manhattan,125
Manhattan,199
Manhattan,500
Manhattan,100
Manhattan,100
Manhattan,65
Manhattan,575
Manhattan,385
Manhattan,97
Manhattan,425
Manhattan,100
Manhattan,403
Manhattan,325
Manhattan,135
Manhattan,200
Manhattan,350
Manhattan,169
Manhattan,150
Manhattan,300
Manhattan,250
Manhattan,471
Manhattan,50
Manhattan,1000
Manhattan,399
Manhattan,95
Manhattan,150
Manhattan,377
Manhattan,249
Manhattan,100
Manhattan,150
Manhattan,90
Manhattan,70
Manhattan,125
Manhattan,150
Manhattan,98
Manhattan,120
Manhattan,250
Manhattan,200
Manhattan,140
Manhattan,199
Manhattan,60
Manhattan,78
Manhattan,500
Manhattan,127
Manhattan,300
Manhattan,225
Manhattan,209
Manhattan,355
Manhattan,237
Manhattan,254
Manhattan,165
Manhattan,53
Manhattan,240
Manhattan,120
Manhattan,89
Manhattan,150
Manhattan,150
Manhattan,250
Manhattan,150
Manhattan,400
Manhattan,145
Manhattan,53
Manhattan,55
Manhattan,209
Manhattan,65
Manhattan,108
Manhattan,70
Manhattan,300
Manhattan,145
Manhattan,59
Manhattan,120
Manhattan,135
Manhattan,170
Manhattan,95
Manhattan,282
Manhattan,135
Manhattan,200
Manhattan,90
Manhattan,200
Manhattan,175
Manhattan,189
Manhattan,97
Manhattan,79
Manhattan,39
Manhattan,85
Manhattan,330
Manhattan,799
Manhattan,150
Manhattan,140
Manhattan,275
Manhattan,65
Manhattan,295
Manhattan,295
Manhattan,75
Manhattan,225
Manhattan,250
Manhattan,139
Manhattan,96
Manhattan,300
Manhattan,325
Manhattan,100
Manhattan,355
Manhattan,65
Manhattan,99
Manhattan,75
Manhattan,300
Manhattan,91
Manhattan,140
Manhattan,199
Manhattan,60
Manhattan,50
Manhattan,75
Manhattan,150
Manhattan,62
Manhattan,175
Manhattan,100
Manhattan,299
Manhattan,59
Manhattan,115
Manhattan,500
Manhattan,185
Manhattan,370
Manhattan,59
Manhattan,79
Manhattan,125
Manhattan,200
Manhattan,69
Manhattan,125
Manhattan,100
Manhattan,359
Manhattan,175
Manhattan,120
Manhattan,125
Manhattan,225
Manhattan,150
Manhattan,350
Manhattan,155
Manhattan,149
Manhattan,90
Manhattan,275
Manhattan,140
Manhattan,110
Manhattan,288
Manhattan,159
Manhattan,100
Manhattan,60
Manhattan,314
Manhattan,66
Manhattan,175
Manhattan,310
Manhattan,300
Manhattan,65
Manhattan,83
Manhattan,200
Manhattan,380
Manhattan,175
Manhattan,180
Manhattan,72
Manhattan,175
Manhattan,70
Manhattan,235
Manhattan,75
Manhattan,139
Manhattan,75
Manhattan,85
Manhattan,150
Manhattan,99
Manhattan,140
Manhattan,85
Manhattan,80
Manhattan,270
Manhattan,175
Manhattan,359
Manhattan,275
Manhattan,185
Manhattan,119
Manhattan,160
Manhattan,195
Manhattan,249
Manhattan,151
Manhattan,478
Manhattan,110
Manhattan,85
Manhattan,250
Manhattan,350
Manhattan,250
Manhattan,200
Manhattan,80
Manhattan,57
Manhattan,299
Manhattan,145
Manhattan,450
Manhattan,249
Manhattan,150
Manhattan,150
Manhattan,240
Manhattan,399
Manhattan,250
Manhattan,56
Manhattan,300
Manhattan,70
Manhattan,137
Manhattan,65
Manhattan,169
Manhattan,125
Manhattan,160
Manhattan,45
Manhattan,240
Manhattan,185
Manhattan,140
Manhattan,200
Manhattan,175
Manhattan,150
Manhattan,100
Manhattan,130
Manhattan,125
Manhattan,175
Manhattan,125
Manhattan,80
Manhattan,95
Manhattan,90
Manhattan,425
Manhattan,150
Manhattan,65
Manhattan,250
Manhattan,120
Manhattan,135
Manhattan,66
Manhattan,80
Manhattan,295
Manhattan,70
Manhattan,135
Manhattan,120
Manhattan,850
Manhattan,200
Manhattan,75
Manhattan,112
Manhattan,80
Manhattan,89
Manhattan,120
Manhattan,120
Manhattan,350
Manhattan,200
Manhattan,575
Manhattan,350
Manhattan,69
Manhattan,150
Manhattan,134
Manhattan,100
Manhattan,800
Manhattan,249
Manhattan,200
Manhattan,115
Manhattan,138
Manhattan,120
Manhattan,199
Manhattan,120
Manhattan,225
Manhattan,157
Manhattan,150
Manhattan,100
Manhattan,100
Manhattan,56
Manhattan,155
Manhattan,250
Manhattan,220
Manhattan,106
Manhattan,125
Manhattan,50
Manhattan,140
Manhattan,230
Manhattan,79
Manhattan,275
Manhattan,220
Manhattan,95
Manhattan,85
Manhattan,120
Manhattan,175
Manhattan,187
Manhattan,433
Manhattan,300
Manhattan,165
Manhattan,125
Manhattan,180
Manhattan,100
Manhattan,215
Manhattan,60
Manhattan,59
Manhattan,195
Manhattan,60
Manhattan,320
Manhattan,80
Manhattan,150
Manhattan,60
Manhattan,85
Manhattan,69
Manhattan,159
Manhattan,70
Manhattan,110
Manhattan,999
Manhattan,150
Manhattan,114
Manhattan,225
Manhattan,60
Manhattan,225
Manhattan,105
Manhattan,150
Manhattan,150
Manhattan,80
Manhattan,78
Manhattan,170
Manhattan,194
Manhattan,199
Manhattan,80
Manhattan,75
Manhattan,264
Manhattan,244
Manhattan,225
Manhattan,280
Manhattan,225
Manhattan,200
Manhattan,150
Manhattan,150
Manhattan,100
Manhattan,240
Manhattan,179
Manhattan,600
Manhattan,145
Manhattan,135
Manhattan,370
Manhattan,90
Manhattan,165
Manhattan,195
Manhattan,500
Manhattan,75
Manhattan,89
Manhattan,150
Manhattan,250
Manhattan,100
Manhattan,188
Manhattan,130
Manhattan,230
Manhattan,899
Manhattan,130
Manhattan,66
Manhattan,170
Manhattan,125
Manhattan,125
Manhattan,195
Manhattan,118
Manhattan,93
Manhattan,215
Manhattan,325
Manhattan,350
Manhattan,99
Manhattan,279
Manhattan,85
Manhattan,375
Manhattan,125
Manhattan,250
Manhattan,150
Manhattan,270
Manhattan,175
Manhattan,374
Manhattan,240
Manhattan,199
Manhattan,135
Manhattan,259
Manhattan,57
Manhattan,300
Manhattan,350
Manhattan,40
Manhattan,99
Manhattan,97
Manhattan,425
Manhattan,225
Manhattan,129
Manhattan,85
Manhattan,300
Manhattan,90
Manhattan,199
Manhattan,125
Manhattan,250
Manhattan,102
Manhattan,175
Manhattan,100
Manhattan,599
Manhattan,109
Manhattan,250
Manhattan,78
Manhattan,165
Manhattan,80
Manhattan,85
Manhattan,98
Manhattan,90
Manhattan,179
Manhattan,180
Manhattan,200
Manhattan,244
Manhattan,180
Manhattan,180
Manhattan,190
Manhattan,670
Manhattan,175
Manhattan,168
Manhattan,499
Manhattan,329
Manhattan,390
Manhattan,90
Manhattan,115
Manhattan,149
Manhattan,65
Manhattan,100
Manhattan,80
Manhattan,70
Manhattan,182
Manhattan,500
Manhattan,97
Manhattan,110
Manhattan,150
Manhattan,250
Manhattan,220
Manhattan,300
Manhattan,70
Manhattan,100
Manhattan,280
Manhattan,63
Manhattan,125
Manhattan,125
Manhattan,75
Manhattan,165
Manhattan,90
Manhattan,140
Manhattan,110
Manhattan,239
Manhattan,255
Manhattan,99
Manhattan,525
Manhattan,62
Manhattan,75
Manhattan,75
Manhattan,99
Manhattan,250
Manhattan,45
Manhattan,119
Manhattan,300
Manhattan,180
Manhattan,255
Manhattan,299
Manhattan,329
Manhattan,299
Manhattan,255
Manhattan,42
Manhattan,1500
Manhattan,117
Manhattan,140
Manhattan,153
Manhattan,36
Manhattan,295
Manhattan,345
Manhattan,125
Manhattan,75
Manhattan,180
Manhattan,155
Manhattan,625
Manhattan,120
Manhattan,200
Manhattan,140
Manhattan,147
Manhattan,220
Manhattan,298
Manhattan,499
Manhattan,80
Manhattan,145
Manhattan,240
Manhattan,99
Manhattan,100
Manhattan,700
Manhattan,108
Manhattan,120
Manhattan,120
Manhattan,170
Manhattan,225
Manhattan,129
Manhattan,165
Manhattan,150
Manhattan,200
Manhattan,119
Manhattan,1700
Manhattan,200
Manhattan,206
Manhattan,160
Manhattan,38
Manhattan,39
Manhattan,6500
Manhattan,125
Manhattan,89
Manhattan,89
Manhattan,300
Manhattan,135
Manhattan,200
Manhattan,200
Manhattan,175
Manhattan,600
Manhattan,60
Manhattan,355
Manhattan,260
Manhattan,90
Manhattan,399
Manhattan,123
Manhattan,45
Manhattan,65
Manhattan,260
Manhattan,260
Manhattan,285
Manhattan,160
Manhattan,265
Manhattan,160
Manhattan,99
Manhattan,170
Manhattan,299
Manhattan,125
Manhattan,99
Manhattan,98
Manhattan,40
Manhattan,66
Manhattan,200
Manhattan,150
Manhattan,85
Manhattan,90
Manhattan,199
Manhattan,250
Manhattan,150
Manhattan,100
Manhattan,399
Manhattan,250
Manhattan,80
Manhattan,189
Manhattan,125
Manhattan,120
Manhattan,83
Manhattan,200
Manhattan,125
Manhattan,85
Manhattan,195
Manhattan,120
Manhattan,95
Manhattan,165
Manhattan,250
Manhattan,110
Manhattan,125
Manhattan,110
Manhattan,145
Manhattan,100
Manhattan,200
Manhattan,121
Manhattan,330
Manhattan,650
Manhattan,65
Manhattan,109
Manhattan,170
Manhattan,39
Manhattan,250
Manhattan,40
Manhattan,189
Manhattan,500
Manhattan,78
Manhattan,42
Manhattan,103
Manhattan,90
Manhattan,229
Manhattan,80
Manhattan,140
Manhattan,132
Manhattan,200
Manhattan,150
Manhattan,70
Manhattan,195
Manhattan,250
Manhattan,350
Manhattan,147
Manhattan,300
Manhattan,100
Manhattan,55
Manhattan,39
Manhattan,160
Manhattan,399
Manhattan,150
Manhattan,275
Manhattan,191
Manhattan,350
Manhattan,500
Manhattan,140
Manhattan,70
Manhattan,42
Manhattan,40
Manhattan,92
Manhattan,155
Manhattan,62
Manhattan,75
Manhattan,100
Manhattan,139
Manhattan,98
Manhattan,100
Manhattan,260
Manhattan,160
Manhattan,130
Manhattan,75
Manhattan,150
Manhattan,200
Manhattan,79
Manhattan,250
Manhattan,89
Manhattan,179
Manhattan,150
Manhattan,295
Manhattan,180
Manhattan,99
Manhattan,95
Manhattan,179
Manhattan,125
Manhattan,68
Manhattan,250
Manhattan,215
Manhattan,200
Manhattan,1115
Manhattan,80
Manhattan,175
Manhattan,265
Manhattan,75
Manhattan,310
Manhattan,90
Manhattan,275
Manhattan,650
Manhattan,200
Manhattan,150
Manhattan,175
Manhattan,135
Manhattan,40
Manhattan,95
Manhattan,68
Manhattan,105
Manhattan,202
Manhattan,120
Manhattan,150
Manhattan,95
Manhattan,59
Manhattan,145
Manhattan,95
Manhattan,90
Manhattan,80
Manhattan,150
Manhattan,150
Manhattan,107
Manhattan,220
Manhattan,220
Manhattan,99
Manhattan,155
Manhattan,219
Manhattan,130
Manhattan,650
Manhattan,55
Manhattan,85
Manhattan,225
Manhattan,158
Manhattan,130
Manhattan,90
Manhattan,250
Manhattan,200
Manhattan,160
Manhattan,170
Manhattan,120
Manhattan,175
Manhattan,195
Manhattan,60
Manhattan,129
Manhattan,55
Manhattan,399
Manhattan,700
Manhattan,199
Manhattan,200
Manhattan,195
Manhattan,190
Manhattan,212
Manhattan,140
Manhattan,375
Manhattan,74
Manhattan,35
Manhattan,110
Manhattan,129
Manhattan,129
Manhattan,90
Manhattan,175
Manhattan,165
Manhattan,99
Manhattan,55
Manhattan,300
Manhattan,225
Manhattan,249
Manhattan,100
Manhattan,520
Manhattan,45
Manhattan,75
Manhattan,75
Manhattan,84
Manhattan,85
Manhattan,175
Manhattan,165
Manhattan,250
Manhattan,314
Manhattan,399
Manhattan,175
Manhattan,68
Manhattan,175
Manhattan,250
Manhattan,175
Manhattan,233
Manhattan,233
Manhattan,590
Manhattan,913
Manhattan,276
Manhattan,550
Manhattan,276
Manhattan,276
Manhattan,505
Manhattan,233
Manhattan,718
Manhattan,140
Manhattan,87
Manhattan,115
Manhattan,70
Manhattan,199
Manhattan,215
Manhattan,165
Manhattan,200
Manhattan,380
Manhattan,145
Manhattan,132
Manhattan,250
Manhattan,50
Manhattan,125
Manhattan,692
Manhattan,300
Manhattan,35
Manhattan,40
Manhattan,105
Manhattan,350
Manhattan,200
Manhattan,400
Manhattan,200
Manhattan,98
Manhattan,90
Manhattan,100
Manhattan,50
Manhattan,50
Manhattan,200
Manhattan,98
Manhattan,120
Manhattan,3600
Manhattan,100
Manhattan,75
Manhattan,165
Manhattan,90
Manhattan,750
Manhattan,50
Manhattan,75
Manhattan,250
Manhattan,199
Manhattan,201
Manhattan,89
Manhattan,179
Manhattan,180
Manhattan,80
Manhattan,400
Manhattan,241
Manhattan,95
Manhattan,225
Manhattan,70
Manhattan,115
Manhattan,200
Manhattan,160
Manhattan,400
Manhattan,99
Manhattan,85
Manhattan,107
Manhattan,43
Manhattan,150
Manhattan,325
Manhattan,267
Manhattan,130
Manhattan,300
Manhattan,100
Manhattan,145
Manhattan,150
Manhattan,275
Manhattan,150
Manhattan,50
Manhattan,350
Manhattan,200
Manhattan,75
Manhattan,249
Manhattan,90
Manhattan,600
Manhattan,159
Manhattan,220
Manhattan,199
Manhattan,450
Manhattan,150
Manhattan,100
Manhattan,150
Manhattan,85
Manhattan,97
Manhattan,269
Manhattan,255
Manhattan,248
Manhattan,59
Manhattan,220
Manhattan,5000
Manhattan,190
Manhattan,300
Manhattan,179
Manhattan,60
Manhattan,175
Manhattan,345
Manhattan,182
Manhattan,123
Manhattan,100
Manhattan,175
Manhattan,100
Manhattan,70
Manhattan,110
Manhattan,600
Manhattan,120
Manhattan,115
Manhattan,250
Manhattan,75
Manhattan,60
Manhattan,275
Manhattan,170
Manhattan,29
Manhattan,120
Manhattan,240
Manhattan,68
Manhattan,150
Manhattan,150
Manhattan,499
Manhattan,47
Manhattan,150
Manhattan,150
Manhattan,179
Manhattan,199
Manhattan,200
Manhattan,269
Manhattan,109
Manhattan,225
Manhattan,99
Manhattan,27
Manhattan,160
Manhattan,340
Manhattan,100
Manhattan,80
Manhattan,195
Manhattan,100
Manhattan,150
Manhattan,307
Manhattan,600
Manhattan,2000
Manhattan,215
Manhattan,200
Manhattan,129
Manhattan,800
Manhattan,500
Manhattan,80
Manhattan,170
Manhattan,120
Manhattan,70
Manhattan,400
Manhattan,209
Manhattan,125
Manhattan,114
Manhattan,250
Manhattan,209
Manhattan,114
Manhattan,130
Manhattan,206
Manhattan,120
Manhattan,375
Manhattan,75
Manhattan,259
Manhattan,111
Manhattan,200
Manhattan,111
Manhattan,109
Manhattan,99
Manhattan,300
Manhattan,250
Manhattan,240
Manhattan,100
Manhattan,160
Manhattan,269
Manhattan,40
Manhattan,160
Manhattan,130
Manhattan,99
Manhattan,162
Manhattan,66
Manhattan,350
Manhattan,150
Manhattan,150
Manhattan,85
Manhattan,50
Manhattan,550
Manhattan,225
Manhattan,70
Manhattan,1880
Manhattan,63
Manhattan,3000
Manhattan,63
Manhattan,63
Manhattan,165
Manhattan,62
Manhattan,299
Manhattan,92
Manhattan,275
Manhattan,495
Manhattan,50
Manhattan,50
Manhattan,120
Manhattan,300
Manhattan,285
Manhattan,140
Manhattan,46
Manhattan,134
Manhattan,195
Manhattan,90
Manhattan,450
Manhattan,100
Manhattan,189
Manhattan,199
Manhattan,199
Manhattan,179
Manhattan,179
Manhattan,95
Manhattan,75
Manhattan,500
Manhattan,188
Manhattan,295
Manhattan,400
Manhattan,125
Manhattan,139
Manhattan,70
Manhattan,90
Manhattan,302
Manhattan,229
Manhattan,200
Manhattan,133
Manhattan,150
Manhattan,135
Manhattan,345
Manhattan,120
Manhattan,130
Manhattan,185
Manhattan,714
Manhattan,675
Manhattan,675
Manhattan,675
Manhattan,675
Manhattan,675
Manhattan,956
Manhattan,675
Manhattan,675
Manhattan,675
Manhattan,675
Manhattan,675
Manhattan,714
Manhattan,714
Manhattan,714
Manhattan,956
Manhattan,714
Manhattan,714
Manhattan,714
Manhattan,675
Manhattan,675
Manhattan,714
Manhattan,714
Manhattan,714
Manhattan,714
Manhattan,714
Manhattan,115
Manhattan,150
Manhattan,90
Manhattan,220
Manhattan,266
Manhattan,73
Manhattan,150
Manhattan,303
Manhattan,80
Manhattan,100
Manhattan,3000
Manhattan,230
Manhattan,105
Manhattan,175
Manhattan,127
Manhattan,107
Manhattan,199
Manhattan,165
Manhattan,182
Manhattan,227
Manhattan,292
Manhattan,115
Manhattan,135
Manhattan,100
Manhattan,99
Manhattan,375
Manhattan,250
Manhattan,175
Manhattan,49
Manhattan,44
Manhattan,246
Manhattan,300
Manhattan,355
Manhattan,125
Manhattan,69
Manhattan,50
Manhattan,200
Manhattan,200
Manhattan,150
Manhattan,150
Manhattan,150
Manhattan,82
Manhattan,90
Manhattan,120
Manhattan,210
Manhattan,139
Manhattan,315
Manhattan,258
Manhattan,250
Manhattan,75
Manhattan,65
Manhattan,93
Manhattan,139
Manhattan,232
Manhattan,135
Manhattan,65
Manhattan,109
Manhattan,250
Manhattan,55
Manhattan,50
Manhattan,137
Manhattan,279
Manhattan,70
Manhattan,97
Manhattan,70
Manhattan,80
Manhattan,100
Manhattan,220
Manhattan,299
Manhattan,160
Manhattan,2999
Manhattan,75
Manhattan,225
Manhattan,100
Manhattan,350
Manhattan,47
Manhattan,85
Manhattan,280
Manhattan,195
Manhattan,225
Manhattan,45
Manhattan,112
Manhattan,399
Manhattan,200
Manhattan,265
Manhattan,150
Manhattan,59
Manhattan,499
Manhattan,499
Manhattan,499
Manhattan,399
Manhattan,399
Manhattan,399
Manhattan,90
Manhattan,264
Manhattan,145
Manhattan,275
Manhattan,168
Manhattan,200
Manhattan,180
Manhattan,149
Manhattan,115
Manhattan,79
Manhattan,333
Manhattan,70
Manhattan,63
Manhattan,63
Manhattan,210
Manhattan,40
Manhattan,399
Manhattan,418
Manhattan,350
Manhattan,150
Manhattan,110
Manhattan,125
Manhattan,350
Manhattan,232
Manhattan,95
Manhattan,180
Manhattan,200
Manhattan,200
Manhattan,200
Manhattan,88
Manhattan,70
Manhattan,70
Manhattan,90
Manhattan,35
Manhattan,32
Manhattan,35
Manhattan,70
Manhattan,35
Manhattan,150
Manhattan,303
Manhattan,175
Manhattan,95
Manhattan,316
Manhattan,260
Manhattan,189
Manhattan,180
Manhattan,80
Manhattan,214
Manhattan,75
Manhattan,119
Manhattan,95
Manhattan,110
Manhattan,150
Manhattan,350
Manhattan,276
Manhattan,452
Manhattan,325
Manhattan,312
Manhattan,285
Manhattan,350
Manhattan,397
Manhattan,283
Manhattan,289
Manhattan,343
Manhattan,334
Manhattan,302
Manhattan,320
Manhattan,316
Manhattan,287
Manhattan,334
Manhattan,238
Manhattan,291
Manhattan,276
Manhattan,303
Manhattan,392
Manhattan,356
Manhattan,297
Manhattan,265
Manhattan,291
Manhattan,358
Manhattan,312
Manhattan,312
Manhattan,320
Manhattan,321
Manhattan,309
Manhattan,312
Manhattan,314
Manhattan,352
Manhattan,238
Manhattan,289
Manhattan,291
Manhattan,263
Manhattan,365
Manhattan,253
Manhattan,246
Manhattan,211
Manhattan,306
Manhattan,241
Manhattan,312
Manhattan,259
Manhattan,267
Manhattan,312
Manhattan,347
Manhattan,278
Manhattan,242
Manhattan,242
Manhattan,358
Manhattan,377
Manhattan,280
Manhattan,232
Manhattan,365
Manhattan,273
Manhattan,285
Manhattan,307
Manhattan,281
Manhattan,275
Manhattan,396
Manhattan,283
Manhattan,358
Manhattan,285
Manhattan,420
Manhattan,283
Manhattan,316
Manhattan,255
Manhattan,282
Manhattan,290
Manhattan,317
Manhattan,303
Manhattan,206
Manhattan,278
Manhattan,305
Manhattan,316
Manhattan,252
Manhattan,332
Manhattan,361
Manhattan,269
Manhattan,245
Manhattan,305
Manhattan,233
Manhattan,459
Manhattan,271
Manhattan,314
Manhattan,416
Manhattan,316
Manhattan,232
Manhattan,262
Manhattan,330
Manhattan,271
Manhattan,453
Manhattan,236
Manhattan,294
Manhattan,329
Manhattan,481
Manhattan,343
Manhattan,224
Manhattan,278
Manhattan,312
Manhattan,302
Manhattan,334
Manhattan,258
Manhattan,356
Manhattan,278
Manhattan,184
Manhattan,274
Manhattan,347
Manhattan,466
Manhattan,316
Manhattan,285
Manhattan,271
Manhattan,317
Manhattan,388
Manhattan,341
Manhattan,237
Manhattan,248
Manhattan,379
Manhattan,314
Manhattan,251
Manhattan,423
Manhattan,240
Manhattan,245
Manhattan,329
Manhattan,265
Manhattan,300
Manhattan,267
Manhattan,374
Manhattan,316
Manhattan,189
Manhattan,298
Manhattan,362
Manhattan,90
Manhattan,69
Manhattan,200
Manhattan,430
Manhattan,240
Manhattan,160
Manhattan,70
Manhattan,313
Manhattan,750
Manhattan,308
Manhattan,90
Manhattan,150
Manhattan,243
Manhattan,290
Manhattan,115
Manhattan,30
Manhattan,140
Manhattan,70
Manhattan,65
Manhattan,245
Manhattan,300
Manhattan,295
Manhattan,200
Manhattan,150
Manhattan,65
Manhattan,130
Manhattan,110
Manhattan,175
Manhattan,215
Manhattan,150
Manhattan,199
Manhattan,220
Manhattan,199
Manhattan,199
Manhattan,199
Manhattan,179
Manhattan,179
Manhattan,179
Manhattan,179
Manhattan,200
Manhattan,55
Manhattan,300
Manhattan,47
Manhattan,95
Manhattan,149
Manhattan,207
Manhattan,805
Manhattan,115
Manhattan,275
Manhattan,100
Manhattan,60
Manhattan,3000
Manhattan,120
Manhattan,110
Manhattan,189
Manhattan,350
Manhattan,50
Manhattan,90
Manhattan,50
Manhattan,175
Manhattan,79
Manhattan,34
Manhattan,443
Manhattan,299
Manhattan,112
Manhattan,350
Manhattan,800
Manhattan,145
Manhattan,50
Manhattan,195
Manhattan,115
Manhattan,264
Manhattan,101
Manhattan,100
Manhattan,699
Manhattan,261
Manhattan,98
Manhattan,52
Manhattan,100
Manhattan,100
Manhattan,275
Manhattan,69
Manhattan,215
Manhattan,175
Manhattan,200
Manhattan,155
Manhattan,365
Manhattan,100
Manhattan,97
Manhattan,275
Manhattan,595
Manhattan,101
Manhattan,180
Manhattan,65
Manhattan,265
Manhattan,215
Manhattan,300
Manhattan,105
Manhattan,125
Manhattan,45
Manhattan,260
Manhattan,295
Manhattan,40
Manhattan,800
Manhattan,130
Manhattan,200
Manhattan,150
Manhattan,359
Manhattan,100
Manhattan,95
Manhattan,40
Manhattan,40
Manhattan,170
Manhattan,50
Manhattan,284
Manhattan,185
Manhattan,31
Manhattan,150
Manhattan,398
Manhattan,300
Manhattan,189
Manhattan,200
Manhattan,250
Manhattan,102
Manhattan,390
Manhattan,110
Manhattan,54
Manhattan,55
Manhattan,110
Manhattan,75
Manhattan,135
Manhattan,179
Manhattan,175
Manhattan,133
Manhattan,250
Manhattan,240
Manhattan,43
Manhattan,550
Manhattan,125
Manhattan,950
Manhattan,175
Manhattan,90
Manhattan,95
Manhattan,150
Manhattan,150
Manhattan,287
Manhattan,99
Manhattan,94
Manhattan,205
Manhattan,128
Manhattan,138
Manhattan,110
Manhattan,500
Manhattan,195
Manhattan,240
Manhattan,199
Manhattan,31
Manhattan,150
Manhattan,150
Manhattan,90
Manhattan,250
Manhattan,200
Manhattan,52
Manhattan,182
Manhattan,175
Manhattan,100
Manhattan,69
Manhattan,135
Manhattan,3200
Manhattan,199
Manhattan,250
Manhattan,160
Manhattan,95
Manhattan,160
Manhattan,75
Manhattan,80
Manhattan,250
Manhattan,85
Manhattan,120
Manhattan,60
Manhattan,55
Manhattan,220
Manhattan,118
Manhattan,220
Manhattan,220
Manhattan,100
Manhattan,293
Manhattan,293
Manhattan,190
Manhattan,500
Manhattan,45
Manhattan,125
Manhattan,240
Manhattan,250
Manhattan,299
Manhattan,152
Manhattan,209
Manhattan,45
Manhattan,96
Manhattan,300
Manhattan,120
Manhattan,165
Manhattan,345
Manhattan,175
Manhattan,175
Manhattan,79
Manhattan,240
Manhattan,120
Manhattan,165
Manhattan,172
Manhattan,65
Manhattan,125
Manhattan,55
Manhattan,90
Manhattan,90
Manhattan,500
Manhattan,49
Manhattan,150
Manhattan,285
Manhattan,89
Manhattan,75
Manhattan,165
Manhattan,65
Manhattan,133
Manhattan,130
Manhattan,172
Manhattan,100
Manhattan,180
Manhattan,250
Manhattan,43
Manhattan,220
Manhattan,70
Manhattan,228
Manhattan,150
Manhattan,154
Manhattan,575
Manhattan,200
Manhattan,155
Manhattan,150
Manhattan,150
Manhattan,180
Manhattan,200
Manhattan,225
Manhattan,200
Manhattan,150
Manhattan,95
Manhattan,80
Manhattan,600
Manhattan,232
Manhattan,350
Manhattan,195
Manhattan,59
Manhattan,500
Manhattan,149
Manhattan,600
Manhattan,600
Manhattan,115
Manhattan,70
Manhattan,175
Manhattan,79
Manhattan,159
Manhattan,199
Manhattan,550
Manhattan,155
Manhattan,200
Manhattan,150
Manhattan,190
Manhattan,215
Manhattan,239
Manhattan,90
Manhattan,350
Manhattan,99
Manhattan,350
Manhattan,180
Manhattan,129
Manhattan,220
Manhattan,150
Manhattan,99
Manhattan,138
Manhattan,75
Manhattan,116
Manhattan,125
Manhattan,90
Manhattan,200
Manhattan,90
Manhattan,350
Manhattan,65
Manhattan,120
Manhattan,180
Manhattan,250
Manhattan,65
Manhattan,160
Manhattan,185
Manhattan,200
Manhattan,199
Manhattan,159
Manhattan,250
Manhattan,250
Manhattan,432
Manhattan,80
Manhattan,190
Manhattan,131
Manhattan,89
Manhattan,225
Manhattan,129
Manhattan,129
Manhattan,140
Manhattan,250
Manhattan,130
Manhattan,180
Manhattan,160
Manhattan,130
Manhattan,150
Manhattan,90
Manhattan,85
Manhattan,199
Manhattan,90
Manhattan,399
Manhattan,349
Manhattan,590
Manhattan,70
Manhattan,169
Manhattan,199
Manhattan,350
Manhattan,185
Manhattan,150
Manhattan,225
Manhattan,120
Manhattan,140
Manhattan,89
Manhattan,145
Manhattan,185
Manhattan,120
Manhattan,75
Manhattan,271
Manhattan,150
Manhattan,300
Manhattan,65
Manhattan,180
Manhattan,80
Manhattan,160
Manhattan,80
Manhattan,285
Manhattan,300
Manhattan,190
Manhattan,80
Manhattan,195
Manhattan,60
Manhattan,150
Manhattan,450
Manhattan,499
Manhattan,515
Manhattan,240
Manhattan,80
Manhattan,52
Manhattan,220
Manhattan,180
Manhattan,180
Manhattan,140
Manhattan,99
Manhattan,250
Manhattan,85
Manhattan,350
Manhattan,180
Manhattan,350
Manhattan,80
Manhattan,155
Manhattan,175
Manhattan,109
Manhattan,400
Manhattan,125
Manhattan,750
Manhattan,160
Manhattan,375
Manhattan,100
Manhattan,299
Manhattan,100
Manhattan,90
Manhattan,180
Manhattan,80
Manhattan,153
Manhattan,350
Manhattan,1000
Manhattan,425
Manhattan,420
Manhattan,220
Manhattan,1350
Manhattan,179
Manhattan,380
Manhattan,443
Manhattan,50
Manhattan,116
Manhattan,119
Manhattan,180
Manhattan,225
Manhattan,179
Manhattan,280
Manhattan,129
Manhattan,83
Manhattan,300
Manhattan,1000
Manhattan,55
Manhattan,262
Manhattan,255
Manhattan,245
Manhattan,185
Manhattan,185
Manhattan,252
Manhattan,189
Manhattan,228
Manhattan,240
Manhattan,241
Manhattan,265
Manhattan,263
Manhattan,243
Manhattan,254
Manhattan,180
Manhattan,80
Manhattan,235
Manhattan,150
Manhattan,199
Manhattan,150
Manhattan,89
Manhattan,85
Manhattan,80
Manhattan,150
Manhattan,499
Manhattan,75
Manhattan,1075
Manhattan,150
Manhattan,175
Manhattan,200
Manhattan,102
Manhattan,99
Manhattan,550
Manhattan,134
Manhattan,150
Manhattan,250
Manhattan,295
Manhattan,180
Manhattan,130
Manhattan,60
Manhattan,3000
Manhattan,80
Manhattan,80
Manhattan,220
Manhattan,80
Manhattan,120
Manhattan,69
Manhattan,180
Manhattan,956
Manhattan,230
Manhattan,99
Manhattan,139
Manhattan,135
Manhattan,350
Manhattan,410
Manhattan,65
Manhattan,183
Manhattan,100
Manhattan,820
Manhattan,69
Manhattan,205
Manhattan,91
Manhattan,306
Manhattan,520
Manhattan,130
Manhattan,399
Manhattan,100
Manhattan,1999
Manhattan,370
Manhattan,125
Manhattan,99
Manhattan,150
Manhattan,100
Manhattan,400
Manhattan,135
Manhattan,215
Manhattan,227
Manhattan,250
Manhattan,100
Manhattan,200
Manhattan,55
Manhattan,55
Manhattan,250
Manhattan,50
Manhattan,58
Manhattan,55
Manhattan,160
Manhattan,149
Manhattan,140
Manhattan,649
Manhattan,89
Manhattan,68
Manhattan,89
Manhattan,165
Manhattan,142
Manhattan,100
Manhattan,75
Manhattan,249
Manhattan,399
Manhattan,60
Manhattan,125
Manhattan,90
Manhattan,200
Manhattan,28
Manhattan,85
Manhattan,300
Manhattan,350
Manhattan,295
Manhattan,225
Manhattan,300
Manhattan,373
Manhattan,100
Manhattan,310
Manhattan,209
Manhattan,247
Manhattan,300
Manhattan,99
Manhattan,189
Manhattan,300
Manhattan,199
Manhattan,890
Manhattan,145
Manhattan,250
Manhattan,70
Manhattan,160
Manhattan,150
Manhattan,65
Manhattan,50
Manhattan,500
Manhattan,110
Manhattan,288
Manhattan,169
Manhattan,130
Manhattan,100
Manhattan,50
Manhattan,115
Manhattan,250
Manhattan,155
Manhattan,205
Manhattan,200
Manhattan,200
Manhattan,279
Manhattan,100
Manhattan,120
Manhattan,89
Manhattan,450
Manhattan,299
Manhattan,60
Manhattan,150
Manhattan,70
Manhattan,300
Manhattan,250
Manhattan,199
Manhattan,350
Manhattan,219
Manhattan,35
Manhattan,32
Manhattan,35
Manhattan,35
Manhattan,215
Manhattan,110
Manhattan,150
Manhattan,1000
Manhattan,99
Manhattan,210
Manhattan,100
Manhattan,190
Manhattan,110
Manhattan,250
Manhattan,99
Manhattan,35
Manhattan,35
Manhattan,200
Manhattan,50
Manhattan,47
Manhattan,250
Manhattan,120
Manhattan,100
Manhattan,70
Manhattan,478
Manhattan,209
Manhattan,30
Manhattan,365
Manhattan,80
Manhattan,143
Manhattan,115
Manhattan,100
Manhattan,200
Manhattan,110
Manhattan,216
Manhattan,100
Manhattan,60
Manhattan,308
Manhattan,60
Manhattan,45
Manhattan,187
Manhattan,85
Manhattan,150
Manhattan,72
Manhattan,125
Manhattan,100
Manhattan,160
Manhattan,90
Manhattan,92
Manhattan,115
Manhattan,68
Manhattan,104
Manhattan,99
Manhattan,89
Manhattan,175
Manhattan,299
Manhattan,300
Manhattan,110
Manhattan,150
Manhattan,300
Manhattan,450
Manhattan,110
Manhattan,33
Manhattan,399
Manhattan,90
Manhattan,111
Manhattan,65
Manhattan,50
Manhattan,399
Manhattan,55
Manhattan,90
Manhattan,200
Manhattan,209
Manhattan,120
Manhattan,99
Manhattan,249
Manhattan,120
Manhattan,110
Manhattan,260
Manhattan,60
Manhattan,190
Manhattan,39
Manhattan,115
Manhattan,200
Manhattan,210
Manhattan,275
Manhattan,199
Manhattan,140
Manhattan,225
Manhattan,53
Manhattan,65
Manhattan,59
Manhattan,199
Manhattan,300
Manhattan,61
Manhattan,90
Manhattan,179
Manhattan,199
Manhattan,150
Manhattan,300
Manhattan,150
Manhattan,100
Manhattan,140
Manhattan,77
Manhattan,1299
Manhattan,175
Manhattan,156
Manhattan,100
Manhattan,110
Manhattan,114
Manhattan,135
Manhattan,116
Manhattan,101
Manhattan,85
Manhattan,9999
Manhattan,65
Manhattan,115
Manhattan,200
Manhattan,495
Manhattan,525
Manhattan,395
Manhattan,70
Manhattan,100
Manhattan,139
Manhattan,105
Manhattan,70
Manhattan,229
Manhattan,109
Manhattan,400
Manhattan,197
Manhattan,180
Manhattan,145
Manhattan,70
Manhattan,200
Manhattan,150
Manhattan,599
Manhattan,188
Manhattan,110
Manhattan,100
Manhattan,75
Manhattan,180
Manhattan,225
Manhattan,125
Manhattan,130
Manhattan,145
Manhattan,271
Manhattan,88
Manhattan,86
Manhattan,300
Manhattan,80
Manhattan,80
Manhattan,99
Manhattan,70
Manhattan,100
Manhattan,69
Manhattan,175
Manhattan,65
Manhattan,140
Manhattan,350
Manhattan,150
Manhattan,50
Manhattan,80
Manhattan,50
Manhattan,219
Manhattan,60
Manhattan,307
Manhattan,233
Manhattan,235
Manhattan,40
Manhattan,45
Manhattan,42
Manhattan,249
Manhattan,150
Manhattan,170
Manhattan,289
Manhattan,250
Manhattan,225
Manhattan,225
Manhattan,140
Manhattan,115
Manhattan,400
Manhattan,35
Manhattan,110
Manhattan,225
Manhattan,299
Manhattan,400
Manhattan,2500
Manhattan,60
Manhattan,225
Manhattan,1150
Manhattan,70
Manhattan,92
Manhattan,250
Manhattan,80
Manhattan,75
Manhattan,71
Manhattan,89
Manhattan,99
Manhattan,170
Manhattan,50
Manhattan,82
Manhattan,299
Manhattan,75
Manhattan,199
Manhattan,45
Manhattan,199
Manhattan,40
Manhattan,1050
Manhattan,77
Manhattan,79
Manhattan,120
Manhattan,100
Manhattan,110
Manhattan,135
Manhattan,90
Manhattan,750
Manhattan,600
Manhattan,180
Manhattan,350
Manhattan,130
Manhattan,70
Manhattan,135
Manhattan,86
Manhattan,236
Manhattan,60
Manhattan,70
Manhattan,109
Manhattan,128
Manhattan,85
Manhattan,57
Manhattan,85
Manhattan,87
Manhattan,205
Manhattan,236
Manhattan,72
Manhattan,213
Manhattan,80
Manhattan,190
Manhattan,200
Manhattan,199
Manhattan,129
Manhattan,300
Manhattan,199
Manhattan,110
Manhattan,80
Manhattan,1295
Manhattan,75
Manhattan,200
Manhattan,105
Manhattan,135
Manhattan,50
Manhattan,175
Manhattan,85
Manhattan,71
Manhattan,255
Manhattan,250
Manhattan,95
Manhattan,119
Manhattan,110
Manhattan,160
Manhattan,1200
Manhattan,119
Manhattan,250
Manhattan,99
Manhattan,200
Manhattan,220
Manhattan,120
Manhattan,167
Manhattan,250
Manhattan,107
Manhattan,135
Manhattan,85
Manhattan,225
Manhattan,150
Manhattan,220
Manhattan,175
Manhattan,100
Manhattan,65
Manhattan,97
Manhattan,50
Manhattan,100
Manhattan,299
Manhattan,215
Manhattan,250
Manhattan,230
Manhattan,54
Manhattan,80
Manhattan,250
Manhattan,349
Manhattan,80
Manhattan,325
Manhattan,80
Manhattan,120
Manhattan,100
Manhattan,117
Manhattan,150
Manhattan,55
Manhattan,85
Manhattan,209
Manhattan,80
Manhattan,75
Manhattan,243
Manhattan,130
Manhattan,115
Manhattan,105
Manhattan,700
Manhattan,129
Manhattan,150
Manhattan,150
Manhattan,54
Manhattan,185
Manhattan,250
Manhattan,200
Manhattan,132
Manhattan,250
Manhattan,59
Manhattan,59
Manhattan,73
Manhattan,73
Manhattan,39
Manhattan,50
Manhattan,110
Manhattan,495
Manhattan,200
Manhattan,218
Manhattan,65
Manhattan,95
Manhattan,75
Manhattan,50
Manhattan,149
Manhattan,84
Manhattan,90
Manhattan,89
Manhattan,145
Manhattan,150
Manhattan,87
Manhattan,145
Manhattan,225
Manhattan,100
Manhattan,90
Manhattan,267
Manhattan,140
Manhattan,60
Manhattan,60
Manhattan,73
Manhattan,60
Manhattan,60
Manhattan,60
Manhattan,60
Manhattan,60
Manhattan,60
Manhattan,60
Manhattan,60
Manhattan,60
Manhattan,60
Manhattan,60
Manhattan,60
Manhattan,60
Manhattan,60
Manhattan,120
Manhattan,80
Manhattan,99
Manhattan,99
Manhattan,519
Manhattan,65
Manhattan,130
Manhattan,142
Manhattan,199
Manhattan,75
Manhattan,119
Manhattan,185
Manhattan,113
Manhattan,699
Manhattan,799
Manhattan,42
Manhattan,79
Manhattan,60
Manhattan,90
Manhattan,250
Manhattan,225
Manhattan,80
Manhattan,275
Manhattan,175
Manhattan,300
Manhattan,300
Manhattan,120
Manhattan,60
Manhattan,100
Manhattan,120
Manhattan,70
Manhattan,299
Manhattan,299
Manhattan,276
Manhattan,130
Manhattan,180
Manhattan,115
Manhattan,260
Manhattan,75
Manhattan,60
Manhattan,150
Manhattan,355
Manhattan,75
Manhattan,211
Manhattan,55
Manhattan,60
Manhattan,60
Manhattan,199
Manhattan,375
Manhattan,175
Manhattan,250
Manhattan,180
Manhattan,250
Manhattan,60
Manhattan,60
Manhattan,58
Manhattan,309
Manhattan,190
Manhattan,199
Manhattan,450
Manhattan,139
Manhattan,48
Manhattan,70
Manhattan,345
Manhattan,169
Manhattan,35
Manhattan,250
Manhattan,60
Manhattan,120
Manhattan,450
Manhattan,55
Manhattan,80
Manhattan,30
Manhattan,1500
Manhattan,128
Manhattan,450
Manhattan,128
Manhattan,150
Manhattan,53
Manhattan,62
Manhattan,125
Manhattan,99
Manhattan,400
Manhattan,90
Manhattan,300
Manhattan,189
Manhattan,120
Manhattan,85
Manhattan,35
Manhattan,1978
Manhattan,3512
Manhattan,600
Manhattan,150
Manhattan,53
Manhattan,890
Manhattan,50
Manhattan,130
Manhattan,85
Manhattan,800
Manhattan,90
Manhattan,159
Manhattan,150
Manhattan,500
Manhattan,159
Manhattan,97
Manhattan,300
Manhattan,93
Manhattan,220
Manhattan,699
Manhattan,96
Manhattan,100
Manhattan,299
Manhattan,220
Manhattan,130
Manhattan,180
Manhattan,100
Manhattan,125
Manhattan,200
Manhattan,53
Manhattan,55
Manhattan,799
Manhattan,60
Manhattan,69
Manhattan,295
Manhattan,115
Manhattan,175
Manhattan,1000
Manhattan,150
Manhattan,200
Manhattan,160
Manhattan,180
Manhattan,125
Manhattan,68
Manhattan,150
Manhattan,185
Manhattan,145
Manhattan,165
Manhattan,180
Manhattan,250
Manhattan,170
Manhattan,175
Manhattan,150
Manhattan,180
Manhattan,96
Manhattan,85
Manhattan,500
Manhattan,75
Manhattan,280
Manhattan,99
Manhattan,290
Manhattan,80
Manhattan,295
Manhattan,160
Manhattan,382
Manhattan,230
Manhattan,250
Manhattan,100
Manhattan,100
Manhattan,300
Manhattan,250
Manhattan,170
Manhattan,75
Manhattan,250
Manhattan,69
Manhattan,69
Manhattan,69
Manhattan,220
Manhattan,210
Manhattan,245
Manhattan,245
Manhattan,200
Manhattan,229
Manhattan,204
Manhattan,156
Manhattan,404
Manhattan,234
Manhattan,425
Manhattan,235
Manhattan,503
Manhattan,250
Manhattan,258
Manhattan,392
Manhattan,375
Manhattan,231
Manhattan,194
Manhattan,240
Manhattan,229
Manhattan,230
Manhattan,472
Manhattan,256
Manhattan,149
Manhattan,95
Manhattan,175
Manhattan,125
Manhattan,282
Manhattan,999
Manhattan,454
Manhattan,262
Manhattan,472
Manhattan,203
Manhattan,247
Manhattan,377
Manhattan,229
Manhattan,234
Manhattan,503
Manhattan,228
Manhattan,404
Manhattan,252
Manhattan,229
Manhattan,431
Manhattan,412
Manhattan,403
Manhattan,229
Manhattan,227
Manhattan,205
Manhattan,85
Manhattan,194
Manhattan,214
Manhattan,229
Manhattan,185
Manhattan,234
Manhattan,201
Manhattan,229
Manhattan,244
Manhattan,227
Manhattan,451
Manhattan,241
Manhattan,252
Manhattan,250
Manhattan,419
Manhattan,505
Manhattan,228
Manhattan,242
Manhattan,221
Manhattan,203
Manhattan,228
Manhattan,215
Manhattan,198
Manhattan,468
Manhattan,227
Manhattan,236
Manhattan,244
Manhattan,248
Manhattan,241
Manhattan,390
Manhattan,230
Manhattan,230
Manhattan,227
Manhattan,214
Manhattan,188
Manhattan,247
Manhattan,220
Manhattan,196
Manhattan,218
Manhattan,396
Manhattan,214
Manhattan,196
Manhattan,380
Manhattan,229
Manhattan,498
Manhattan,215
Manhattan,231
Manhattan,234
Manhattan,212
Manhattan,228
Manhattan,214
Manhattan,214
Manhattan,201
Manhattan,214
Manhattan,235
Manhattan,256
Manhattan,248
Manhattan,216
Manhattan,223
Manhattan,229
Manhattan,150
Manhattan,150
Manhattan,68
Manhattan,225
Manhattan,211
Manhattan,52
Manhattan,85
Manhattan,55
Manhattan,612
Manhattan,175
Manhattan,128
Manhattan,150
Manhattan,300
Manhattan,215
Manhattan,77
Manhattan,120
Manhattan,170
Manhattan,135
Manhattan,136
Manhattan,365
Manhattan,220
Manhattan,200
Manhattan,145
Manhattan,195
Manhattan,75
Manhattan,75
Manhattan,140
Manhattan,1200
Manhattan,177
Manhattan,999
Manhattan,999
Manhattan,999
Manhattan,140
Manhattan,130
Manhattan,140
Manhattan,74
Manhattan,500
Manhattan,650
Manhattan,125
Manhattan,379
Manhattan,189
Manhattan,321
Manhattan,285
Manhattan,400
Manhattan,150
Manhattan,160
Manhattan,160
Manhattan,115
Manhattan,249
Manhattan,85
Manhattan,488
Manhattan,55
Manhattan,425
Manhattan,300
Manhattan,79
Manhattan,260
Manhattan,1497
Manhattan,95
Manhattan,175
Manhattan,95
Manhattan,95
Manhattan,239
Manhattan,239
Manhattan,209
Manhattan,306
Manhattan,110
Manhattan,200
Manhattan,172
Manhattan,58
Manhattan,250
Manhattan,240
Manhattan,317
Manhattan,515
Manhattan,200
Manhattan,220
Manhattan,75
Manhattan,250
Manhattan,1250
Manhattan,180
Manhattan,325
Manhattan,77
Manhattan,95
Manhattan,150
Manhattan,180
Manhattan,110
Manhattan,180
Manhattan,80
Manhattan,79
Manhattan,100
Manhattan,420
Manhattan,500
Manhattan,500
Manhattan,55
Manhattan,55
Manhattan,55
Manhattan,282
Manhattan,192
Manhattan,202
Manhattan,169
Manhattan,200
Manhattan,169
Manhattan,172
Manhattan,199
Manhattan,202
Manhattan,160
Manhattan,204
Manhattan,112
Manhattan,99
Manhattan,29
Manhattan,150
Manhattan,175
Manhattan,78
Manhattan,2850
Manhattan,240
Manhattan,120
Manhattan,190
Manhattan,210
Manhattan,310
Manhattan,100
Manhattan,206
Manhattan,500
Manhattan,87
Manhattan,78
Manhattan,285
Manhattan,250
Manhattan,86
Manhattan,76
Manhattan,150
Manhattan,145
Manhattan,149
Manhattan,150
Manhattan,62
Manhattan,175
Manhattan,90
Manhattan,62
Manhattan,90
Manhattan,70
Manhattan,175
Manhattan,160
Manhattan,295
Manhattan,295
Manhattan,125
Manhattan,215
Manhattan,299
Manhattan,146
Manhattan,161
Manhattan,140
Manhattan,235
Manhattan,200
Manhattan,66
Manhattan,59
Manhattan,59
Manhattan,300
Manhattan,145
Manhattan,67
Manhattan,50
Manhattan,500
Manhattan,139
Manhattan,123
Manhattan,135
Manhattan,73
Manhattan,369
Manhattan,35
Manhattan,120
Manhattan,125
Manhattan,200
Manhattan,130
Manhattan,185
Manhattan,500
Manhattan,540
Manhattan,700
Manhattan,990
Manhattan,280
Manhattan,135
Manhattan,257
Manhattan,243
Manhattan,65
Manhattan,59
Manhattan,115
Manhattan,105
Manhattan,308
Manhattan,70
Manhattan,80
Manhattan,120
Manhattan,260
Manhattan,82
Manhattan,37
Manhattan,300
Manhattan,316
Manhattan,228
Manhattan,79
Manhattan,95
Manhattan,225
Manhattan,160
Manhattan,90
Manhattan,349
Manhattan,150
Manhattan,80
Manhattan,75
Manhattan,278
Manhattan,199
Manhattan,132
Manhattan,80
Manhattan,135
Manhattan,484
Manhattan,211
Manhattan,388
Manhattan,407
Manhattan,425
Manhattan,432
Manhattan,205
Manhattan,248
Manhattan,396
Manhattan,376
Manhattan,230
Manhattan,416
Manhattan,50
Manhattan,134
Manhattan,150
Manhattan,51
Manhattan,202
Manhattan,50
Manhattan,160
Manhattan,90
Manhattan,220
Manhattan,67
Manhattan,250
Manhattan,150
Manhattan,40
Manhattan,150
Manhattan,137
Manhattan,44
Manhattan,350
Manhattan,275
Manhattan,125
Manhattan,174
Manhattan,65
Manhattan,192
Manhattan,185
Manhattan,166
Manhattan,130
Manhattan,115
Manhattan,37
Manhattan,165
Manhattan,160
Manhattan,200
Manhattan,359
Manhattan,150
Manhattan,170
Manhattan,128
Manhattan,150
Manhattan,125
Manhattan,100
Manhattan,100
Manhattan,100
Manhattan,100
Manhattan,100
Manhattan,100
Manhattan,100
Manhattan,100
Manhattan,100
Manhattan,499
Manhattan,100
Manhattan,199
Manhattan,100
Manhattan,100
Manhattan,249
Manhattan,249
Manhattan,100
Manhattan,249
Manhattan,209
Manhattan,250
Manhattan,305
Manhattan,230
Manhattan,325
Manhattan,280
Manhattan,275
Manhattan,220
Manhattan,230
Manhattan,350
Manhattan,324
Manhattan,379
Manhattan,299
Manhattan,359
Manhattan,304
Manhattan,149
Manhattan,73
Manhattan,840
Manhattan,315
Manhattan,315
Manhattan,315
Manhattan,100
Manhattan,74
Manhattan,105
Manhattan,200
Manhattan,185
Manhattan,199
Manhattan,60
Manhattan,39
Manhattan,113
Manhattan,234
Manhattan,150
Manhattan,302
Manhattan,350
Manhattan,350
Manhattan,120
Manhattan,170
Manhattan,94
Manhattan,450
Manhattan,27
Manhattan,125
Manhattan,80
Manhattan,151
Manhattan,150
Manhattan,150
Manhattan,80
Manhattan,111
Manhattan,82
Manhattan,262
Manhattan,244
Manhattan,240
Manhattan,217
Manhattan,220
Manhattan,123
Manhattan,39
Manhattan,80
Manhattan,45
Manhattan,181
Manhattan,37
Manhattan,65
Manhattan,650
Manhattan,150
Manhattan,199
Manhattan,140
Manhattan,145
Manhattan,149
Manhattan,45
Manhattan,400
Manhattan,158
Manhattan,300
Manhattan,145
Manhattan,80
Manhattan,145
Manhattan,175
Manhattan,140
Manhattan,33
Manhattan,33
Manhattan,75
Manhattan,199
Manhattan,130
Manhattan,190
Manhattan,100
Manhattan,139
Manhattan,50
Manhattan,339
Manhattan,231
Manhattan,300
Manhattan,165
Manhattan,63
Manhattan,290
Manhattan,55
Manhattan,250
Manhattan,225
Manhattan,168
Manhattan,250
Manhattan,125
Manhattan,300
Manhattan,489
Manhattan,69
Manhattan,53
Manhattan,99
Manhattan,115
Manhattan,150
Manhattan,69
Manhattan,99
Manhattan,220
Manhattan,488
Manhattan,55
Manhattan,221
Manhattan,250
Manhattan,169
Manhattan,100
Manhattan,324
Manhattan,75
Manhattan,45
Manhattan,260
Manhattan,97
Manhattan,321
Manhattan,95
Manhattan,150
Manhattan,375
Manhattan,40
Manhattan,325
Manhattan,175
Manhattan,200
Manhattan,212
Manhattan,110
Manhattan,197
Manhattan,200
Manhattan,90
Manhattan,180
Manhattan,177
Manhattan,64
Manhattan,68
Manhattan,44
Manhattan,177
Manhattan,300
Manhattan,219
Manhattan,120
Manhattan,325
Manhattan,52
Manhattan,199
Manhattan,65
Manhattan,45
Manhattan,175
Manhattan,446
Manhattan,140
Manhattan,99
Manhattan,128
Manhattan,180
Manhattan,133
Manhattan,175
Manhattan,325
Manhattan,55
Manhattan,100
Manhattan,190
Manhattan,370
Manhattan,220
Manhattan,165
Manhattan,65
Manhattan,145
Manhattan,90
Manhattan,90
Manhattan,65
Manhattan,170
Manhattan,105
Manhattan,230
Manhattan,65
Manhattan,209
Manhattan,199
Manhattan,112
Manhattan,200
Manhattan,50
Manhattan,299
Manhattan,100
Manhattan,185
Manhattan,200
Manhattan,150
Manhattan,150
Manhattan,75
Manhattan,79
Manhattan,80
Manhattan,7500
Manhattan,225
Manhattan,62
Manhattan,62
Manhattan,68
Manhattan,62
Manhattan,62
Manhattan,75
Manhattan,250
Manhattan,195
Manhattan,3613
Manhattan,225
Manhattan,75
Manhattan,75
Manhattan,75
Manhattan,75
Manhattan,75
Manhattan,299
Manhattan,343
Manhattan,75
Manhattan,86
Manhattan,70
Manhattan,100
Manhattan,50
Manhattan,117
Manhattan,249
Manhattan,93
Manhattan,150
Manhattan,50
Manhattan,250
Manhattan,168
Manhattan,82
Manhattan,160
Manhattan,160
Manhattan,72
Manhattan,80
Manhattan,150
Manhattan,250
Manhattan,195
Manhattan,83
Manhattan,260
Manhattan,175
Manhattan,520
Manhattan,250
Manhattan,175
Manhattan,170
Manhattan,73
Manhattan,95
Manhattan,160
Manhattan,35
Manhattan,82
Manhattan,299
Manhattan,120
Manhattan,382
Manhattan,204
Manhattan,279
Manhattan,388
Manhattan,195
Manhattan,109
Manhattan,400
Manhattan,70
Manhattan,70
Manhattan,99
Manhattan,220
Manhattan,175
Manhattan,70
Manhattan,350
Manhattan,120
Manhattan,129
Manhattan,82
Manhattan,180
Manhattan,84
Manhattan,150
Manhattan,148
Manhattan,350
Manhattan,129
Manhattan,370
Manhattan,150
Manhattan,85
Manhattan,80
Manhattan,250
Manhattan,150
Manhattan,375
Manhattan,399
Manhattan,150
Manhattan,75
Manhattan,35
Manhattan,199
Manhattan,190
Manhattan,130
Manhattan,290
Manhattan,50
Manhattan,200
Manhattan,180
Manhattan,260
Manhattan,190
Manhattan,125
Manhattan,40
Manhattan,4100
Manhattan,180
Manhattan,165
Manhattan,263
Manhattan,89
Manhattan,70
Manhattan,250
Manhattan,130
Manhattan,140
Manhattan,399
Manhattan,58
Manhattan,700
Manhattan,100
Manhattan,85
Manhattan,215
Manhattan,199
Manhattan,85
Manhattan,98
Manhattan,293
Manhattan,125
Manhattan,250
Manhattan,310
Manhattan,261
Manhattan,180
Manhattan,175
Manhattan,177
Manhattan,149
Manhattan,140
Manhattan,90
Manhattan,396
Manhattan,100
Manhattan,100
Manhattan,100
Manhattan,180
Manhattan,220
Manhattan,310
Manhattan,85
Manhattan,85
Manhattan,310
Manhattan,275
Manhattan,250
Manhattan,275
Manhattan,85
Manhattan,144
Manhattan,230
Manhattan,151
Manhattan,275
Manhattan,180
Manhattan,55
Manhattan,120
Manhattan,350
Manhattan,60
Manhattan,129
Manhattan,129
Manhattan,217
Manhattan,37
Manhattan,299
Manhattan,65
Manhattan,159
Manhattan,100
Manhattan,300
Manhattan,100
Manhattan,210
Manhattan,165
Manhattan,209
Manhattan,794
Manhattan,146
Manhattan,197
Manhattan,297
Manhattan,166
Manhattan,166
Manhattan,135
Manhattan,500
Manhattan,200
Manhattan,35
Manhattan,280
Manhattan,200
Manhattan,75
Manhattan,124
Manhattan,120
Manhattan,125
Manhattan,37
Manhattan,95
Manhattan,105
Manhattan,32
Manhattan,160
Manhattan,300
Manhattan,111
Manhattan,175
Manhattan,180
Manhattan,165
Manhattan,395
Manhattan,1145
Manhattan,250
Manhattan,1306
Manhattan,320
Manhattan,150
Manhattan,250
Manhattan,140
Manhattan,75
Manhattan,208
Manhattan,208
Manhattan,90
Manhattan,200
Manhattan,125
Manhattan,450
Manhattan,196
Manhattan,174
Manhattan,105
Manhattan,595
Manhattan,185
Manhattan,180
Manhattan,245
Manhattan,139
Manhattan,130
Manhattan,228
Manhattan,236
Manhattan,97
Manhattan,195
Manhattan,75
Manhattan,59
Manhattan,59
Manhattan,135
Manhattan,248
Manhattan,48
Manhattan,300
Manhattan,560
Manhattan,5100
Manhattan,65
Manhattan,133
Manhattan,169
Manhattan,169
Manhattan,169
Manhattan,169
Manhattan,380
Manhattan,300
Manhattan,285
Manhattan,169
Manhattan,169
Manhattan,169
Manhattan,169
Manhattan,169
Manhattan,169
Manhattan,90
Manhattan,90
Manhattan,90
Manhattan,90
Manhattan,144
Manhattan,142
Manhattan,250
Manhattan,159
Manhattan,160
Manhattan,120
Manhattan,124
Manhattan,127
Manhattan,800
Manhattan,95
Manhattan,70
Manhattan,180
Manhattan,81
Manhattan,898
Manhattan,230
Manhattan,45
Manhattan,138
Manhattan,49
Manhattan,160
Manhattan,45
Manhattan,60
Manhattan,55
Manhattan,45
Manhattan,59
Manhattan,87
Manhattan,300
Manhattan,70
Manhattan,95
Manhattan,240
Manhattan,240
Manhattan,120
Manhattan,200
Manhattan,419
Manhattan,95
Manhattan,150
Manhattan,200
Manhattan,450
Manhattan,175
Manhattan,135
Manhattan,95
Manhattan,95
Manhattan,65
Manhattan,160
Manhattan,950
Manhattan,110
Manhattan,99
Manhattan,350
Manhattan,80
Manhattan,57
Manhattan,140
Manhattan,165
Manhattan,200
Manhattan,150
Manhattan,165
Manhattan,50
Manhattan,65
Manhattan,125
Manhattan,80
Manhattan,300
Manhattan,260
Manhattan,74
Manhattan,60
Manhattan,173
Manhattan,100
Manhattan,105
Manhattan,140
Manhattan,134
Manhattan,160
Manhattan,140
Manhattan,120
Manhattan,260
Manhattan,89
Manhattan,159
Manhattan,70
Manhattan,130
Manhattan,1000
Manhattan,106
Manhattan,69
Manhattan,250
Manhattan,275
Manhattan,799
Manhattan,62
Manhattan,67
Manhattan,235
Manhattan,182
Manhattan,150
Manhattan,120
Manhattan,350
Manhattan,194
Manhattan,470
Manhattan,247
Manhattan,260
Manhattan,70
Manhattan,80
Manhattan,62
Manhattan,350
Manhattan,395
Manhattan,99
Manhattan,89
Manhattan,135
Manhattan,219
Manhattan,442
Manhattan,949
Manhattan,180
Manhattan,300
Manhattan,150
Manhattan,100
Manhattan,100
Manhattan,400
Manhattan,300
Manhattan,135
Manhattan,100
Manhattan,285
Manhattan,110
Manhattan,99
Manhattan,170
Manhattan,125
Manhattan,439
Manhattan,348
Manhattan,150
Manhattan,65
Manhattan,250
Manhattan,505
Manhattan,425
Manhattan,425
Manhattan,62
Manhattan,380
Manhattan,206
Manhattan,123
Manhattan,145
Manhattan,206
Manhattan,195
Manhattan,140
Manhattan,115
Manhattan,69
Manhattan,99
Manhattan,334
Manhattan,40
Manhattan,332
Manhattan,64
Manhattan,110
Manhattan,135
Manhattan,299
Manhattan,150
Manhattan,212
Manhattan,299
Manhattan,174
Manhattan,260
Manhattan,110
Manhattan,119
Manhattan,135
Manhattan,100
Manhattan,219
Manhattan,159
Manhattan,50
Manhattan,299
Manhattan,234
Manhattan,230
Manhattan,230
Manhattan,125
Manhattan,217
Manhattan,182
Manhattan,152
Manhattan,219
Manhattan,207
Manhattan,289
Manhattan,330
Manhattan,289
Manhattan,120
Manhattan,228
Manhattan,203
Manhattan,800
Manhattan,50
Manhattan,149
Manhattan,108
Manhattan,160
Manhattan,52
Manhattan,39
Manhattan,89
Manhattan,290
Manhattan,165
Manhattan,195
Manhattan,66
Manhattan,309
Manhattan,240
Manhattan,240
Manhattan,219
Manhattan,200
Manhattan,89
Manhattan,105
Manhattan,75
Manhattan,280
Manhattan,250
Manhattan,175
Manhattan,150
Manhattan,215
Manhattan,419
Manhattan,215
Manhattan,195
Manhattan,306
Manhattan,700
Manhattan,230
Manhattan,600
Manhattan,180
Manhattan,85
Manhattan,130
Manhattan,225
Manhattan,69
Manhattan,60
Manhattan,85
Manhattan,60
Manhattan,149
Manhattan,100
Manhattan,600
Manhattan,227
Manhattan,244
Manhattan,150
Manhattan,472
Manhattan,474
Manhattan,214
Manhattan,235
Manhattan,244
Manhattan,495
Manhattan,398
Manhattan,260
Manhattan,229
Manhattan,240
Manhattan,236
Manhattan,229
Manhattan,229
Manhattan,154
Manhattan,200
Manhattan,95
Manhattan,60
Manhattan,229
Manhattan,130
Manhattan,164
Manhattan,150
Manhattan,355
Manhattan,150
Manhattan,89
Manhattan,1799
Manhattan,395
Manhattan,70
Manhattan,200
Manhattan,85
Manhattan,271
Manhattan,70
Manhattan,250
Manhattan,155
Manhattan,159
Manhattan,699
Manhattan,300
Manhattan,165
Manhattan,140
Manhattan,51
Manhattan,549
Manhattan,99
Manhattan,199
Manhattan,154
Manhattan,60
Manhattan,250
Manhattan,325
Manhattan,170
Manhattan,70
Manhattan,275
Manhattan,274
Manhattan,130
Manhattan,85
Manhattan,150
Manhattan,139
Manhattan,110
Manhattan,180
Manhattan,300
Manhattan,300
Manhattan,220
Manhattan,119
Manhattan,145
Manhattan,800
Manhattan,53
Manhattan,150
Manhattan,140
Manhattan,120
Manhattan,165
Manhattan,353
Manhattan,220
Manhattan,100
Manhattan,199
Manhattan,100
Manhattan,349
Manhattan,110
Manhattan,170
Manhattan,100
Manhattan,117
Manhattan,120
Manhattan,75
Manhattan,78
Manhattan,75
Manhattan,85
Manhattan,160
Manhattan,290
Manhattan,55
Manhattan,60
Manhattan,250
Manhattan,60
Manhattan,60
Manhattan,250
Manhattan,60
Manhattan,60
Manhattan,420
Manhattan,60
Manhattan,60
Manhattan,100
Manhattan,60
Manhattan,60
Manhattan,60
Manhattan,60
Manhattan,255
Manhattan,229
Manhattan,235
Manhattan,60
Manhattan,60
Manhattan,390
Manhattan,140
Manhattan,475
Manhattan,150
Manhattan,228
Manhattan,350
Manhattan,79
Manhattan,250
Manhattan,162
Manhattan,105
Manhattan,420
Manhattan,45
Manhattan,119
Manhattan,90
Manhattan,100
Manhattan,35
Manhattan,160
Manhattan,200
Manhattan,59
Manhattan,160
Manhattan,269
Manhattan,99
Manhattan,65
Manhattan,34
Manhattan,165
Manhattan,150
Manhattan,100
Manhattan,151
Manhattan,345
Manhattan,150
Manhattan,200
Manhattan,47
Manhattan,129
Manhattan,165
Manhattan,100
Manhattan,180
Manhattan,352
Manhattan,225
Manhattan,360
Manhattan,61
Manhattan,325
Manhattan,100
Manhattan,200
Manhattan,300
Manhattan,92
Manhattan,140
Manhattan,55
Manhattan,199
Manhattan,75
Manhattan,159
Manhattan,75
Manhattan,45
Manhattan,103
Manhattan,85
Manhattan,200
Manhattan,95
Manhattan,44
Manhattan,450
Manhattan,98
Manhattan,500
Manhattan,20
Manhattan,95
Manhattan,130
Manhattan,150
Manhattan,135
Manhattan,85
Manhattan,140
Manhattan,99
Manhattan,190
Manhattan,175
Manhattan,339
Manhattan,700
Manhattan,65
Manhattan,500
Manhattan,149
Manhattan,225
Manhattan,160
Manhattan,55
Manhattan,130
Manhattan,90
Manhattan,200
Manhattan,130
Manhattan,200
Manhattan,55
Manhattan,69
Manhattan,40
Manhattan,69
Manhattan,350
Manhattan,179
Manhattan,115
Manhattan,90
Manhattan,83
Manhattan,98
Manhattan,110
Manhattan,250
Manhattan,250
Manhattan,120
Manhattan,199
Manhattan,120
Manhattan,49
Manhattan,228
Manhattan,256
Manhattan,188
Manhattan,240
Manhattan,255
Manhattan,228
Manhattan,166
Manhattan,99
Manhattan,99
Manhattan,790
Manhattan,161
Manhattan,123
Manhattan,299
Manhattan,123
Manhattan,120
Manhattan,190
Manhattan,95
Manhattan,59
Manhattan,250
Manhattan,616
Manhattan,408
Manhattan,100
Manhattan,264
Manhattan,6800
Manhattan,377
Manhattan,274
Manhattan,314
Manhattan,314
Manhattan,239
Manhattan,90
Manhattan,250
Manhattan,59
Manhattan,149
Manhattan,396
Manhattan,215
Manhattan,99
Manhattan,180
Manhattan,169
Manhattan,89
Manhattan,90
Manhattan,90
Manhattan,99
Manhattan,130
Manhattan,119
Manhattan,194
Manhattan,500
Manhattan,500
Manhattan,245
Manhattan,150
Manhattan,590
Manhattan,130
Manhattan,550
Manhattan,200
Manhattan,150
Manhattan,130
Manhattan,115
Manhattan,198
Manhattan,149
Manhattan,140
Manhattan,140
Manhattan,49
Manhattan,195
Manhattan,78
Manhattan,85
Manhattan,169
Manhattan,90
Manhattan,500
Manhattan,59
Manhattan,190
Manhattan,365
Manhattan,208
Manhattan,150
Manhattan,135
Manhattan,210
Manhattan,60
Manhattan,250
Manhattan,149
Manhattan,190
Manhattan,945
Manhattan,155
Manhattan,450
Manhattan,178
Manhattan,690
Manhattan,45
Manhattan,244
Manhattan,409
Manhattan,185
Manhattan,230
Manhattan,100
Manhattan,164
Manhattan,165
Manhattan,225
Manhattan,240
Manhattan,250
Manhattan,50
Manhattan,370
Manhattan,430
Manhattan,159
Manhattan,390
Manhattan,410
Manhattan,265
Manhattan,38
Manhattan,225
Manhattan,200
Manhattan,59
Manhattan,75
Manhattan,73
Manhattan,210
Manhattan,199
Manhattan,120
Manhattan,164
Manhattan,38
Manhattan,38
Manhattan,256
Manhattan,468
Manhattan,229
Manhattan,1000
Manhattan,500
Manhattan,217
Manhattan,203
Manhattan,127
Manhattan,37
Manhattan,120
Manhattan,120
Manhattan,499
Manhattan,35
Manhattan,75
Manhattan,63
Manhattan,189
Manhattan,50
Manhattan,267
Manhattan,316
Manhattan,229
Manhattan,262
Manhattan,95
Manhattan,50
Manhattan,470
Manhattan,225
Manhattan,229
Manhattan,470
Manhattan,228
Manhattan,239
Manhattan,59
Manhattan,150
Manhattan,99
Manhattan,380
Manhattan,300
Manhattan,320
Manhattan,304
Manhattan,239
Manhattan,300
Manhattan,60
Manhattan,350
Manhattan,539
Manhattan,249
Manhattan,250
Manhattan,249
Manhattan,499
Manhattan,250
Manhattan,250
Manhattan,350
Manhattan,426
Manhattan,60
Manhattan,250
Manhattan,250
Manhattan,168
Manhattan,90
Manhattan,150
Manhattan,70
Manhattan,222
Manhattan,200
Manhattan,699
Manhattan,249
Manhattan,577
Manhattan,46
Manhattan,380
Manhattan,499
Manhattan,299
Manhattan,157
Manhattan,145
Manhattan,240
Manhattan,299
Manhattan,53
Manhattan,699
Manhattan,247
Manhattan,311
Manhattan,60
Manhattan,299
Manhattan,150
Manhattan,370
Manhattan,195
Manhattan,199
Manhattan,129
Manhattan,280
Manhattan,38
Manhattan,145
Manhattan,139
Manhattan,500
Manhattan,277
Manhattan,180
Manhattan,699
Manhattan,162
Manhattan,52
Manhattan,176
Manhattan,500
Manhattan,182
Manhattan,150
Manhattan,189
Manhattan,199
Manhattan,200
Manhattan,199
Manhattan,199
Manhattan,199
Manhattan,199
Manhattan,199
Manhattan,129
Manhattan,149
Manhattan,149
Manhattan,257
Manhattan,185
Manhattan,149
Manhattan,149
Manhattan,159
Manhattan,159
Manhattan,219
Manhattan,159
Manhattan,219
Manhattan,249
Manhattan,182
Manhattan,190
Manhattan,135
Manhattan,120
Manhattan,189
Manhattan,187
Manhattan,202
Manhattan,200
Manhattan,190
Manhattan,184
Manhattan,187
Manhattan,215
Manhattan,200
Manhattan,65
Manhattan,225
Manhattan,204
Manhattan,155
Manhattan,450
Manhattan,150
Manhattan,300
Manhattan,135
Manhattan,135
Manhattan,300
Manhattan,48
Manhattan,750
Manhattan,120
Manhattan,50
Manhattan,70
Manhattan,110
Manhattan,259
Manhattan,190
Manhattan,249
Manhattan,128
Manhattan,134
Manhattan,389
Manhattan,70
Manhattan,380
Manhattan,239
Manhattan,180
Manhattan,45
Manhattan,499
Manhattan,109
Manhattan,129
Manhattan,60
Manhattan,299
Manhattan,160
Manhattan,200
Manhattan,67
Manhattan,395
Manhattan,139
Manhattan,50
Manhattan,51
Manhattan,130
Manhattan,59
Manhattan,85
Manhattan,60
Manhattan,130
Manhattan,100
Manhattan,200
Manhattan,129
Manhattan,230
Manhattan,250
Manhattan,150
Manhattan,180
Manhattan,359
Manhattan,179
Manhattan,135
Manhattan,189
Manhattan,299
Manhattan,100
Manhattan,250
Manhattan,499
Manhattan,300
Manhattan,35
Manhattan,349
Manhattan,168
Manhattan,589
Manhattan,325
Manhattan,265
Manhattan,100
Manhattan,271
Manhattan,271
Manhattan,285
Manhattan,200
Manhattan,449
Manhattan,200
Manhattan,298
Manhattan,699
Manhattan,699
Manhattan,699
Manhattan,699
Manhattan,350
Manhattan,217
Manhattan,112
Manhattan,173
Manhattan,438
Manhattan,154
Manhattan,650
Manhattan,140
Manhattan,90
Manhattan,380
Manhattan,299
Manhattan,209
Manhattan,159
Manhattan,463
Manhattan,220
Manhattan,187
Manhattan,215
Manhattan,159
Manhattan,130
Manhattan,38
Manhattan,399
Manhattan,200
Manhattan,190
Manhattan,341
Manhattan,280
Manhattan,299
Manhattan,190
Manhattan,190
Manhattan,190
Manhattan,49
Manhattan,85
Manhattan,94
Manhattan,95
Manhattan,250
Manhattan,145
Manhattan,389
Manhattan,159
Manhattan,130
Manhattan,179
Manhattan,120
Manhattan,195
Manhattan,45
Manhattan,220
Manhattan,141
Manhattan,175
Manhattan,240
Manhattan,100
Manhattan,150
Manhattan,55
Manhattan,230
Manhattan,150
Manhattan,89
Manhattan,150
Manhattan,165
Manhattan,160
Manhattan,379
Manhattan,200
Manhattan,98
Manhattan,115
Manhattan,270
Manhattan,230
Manhattan,270
Manhattan,449
Manhattan,399
Manhattan,85
Manhattan,65
Manhattan,100
Manhattan,85
Manhattan,290
Manhattan,120
Manhattan,161
Manhattan,305
Manhattan,269
Manhattan,113
Manhattan,135
Manhattan,595
Manhattan,250
Manhattan,299
Manhattan,199
Manhattan,399
Manhattan,365
Manhattan,75
Manhattan,150
Manhattan,150
Manhattan,200
Manhattan,250
Manhattan,150
Manhattan,150
Manhattan,350
Manhattan,335
Manhattan,399
Manhattan,320
Manhattan,150
Manhattan,120
Manhattan,340
Manhattan,250
Manhattan,325
Manhattan,485
Manhattan,115
Manhattan,148
Manhattan,95
Manhattan,300
Manhattan,149
Manhattan,89
Manhattan,300
Manhattan,349
Manhattan,55
Manhattan,160
Manhattan,479
Manhattan,280
Manhattan,299
Manhattan,200
Manhattan,128
Manhattan,399
Manhattan,600
Manhattan,91
Manhattan,130
Manhattan,250
Manhattan,140
Manhattan,134
Manhattan,125
Manhattan,360
Manhattan,43
Manhattan,280
Manhattan,215
Manhattan,150
Manhattan,115
Manhattan,500
Manhattan,69
Manhattan,170
Manhattan,750
Manhattan,85
Manhattan,140
Manhattan,367
Manhattan,130
Manhattan,165
Manhattan,55
Manhattan,150
Manhattan,345
Manhattan,100
Manhattan,100
Manhattan,100
Manhattan,100
Manhattan,100
Manhattan,100
Manhattan,100
Manhattan,100
Manhattan,178
Manhattan,265
Manhattan,109
Manhattan,199
Manhattan,299
Manhattan,159
Manhattan,341
Manhattan,320
Manhattan,549
Manhattan,290
Manhattan,149
Manhattan,255
Manhattan,175
Manhattan,599
Manhattan,160
Manhattan,175
Manhattan,243
Manhattan,100
Manhattan,400
Manhattan,350
Manhattan,475
Manhattan,475
Manhattan,425
Manhattan,450
Manhattan,375
Manhattan,450
Manhattan,500
Manhattan,425
Manhattan,450
Manhattan,450
Manhattan,425
Manhattan,100
Manhattan,100
Manhattan,100
Manhattan,100
Manhattan,100
Manhattan,100
Manhattan,100
Manhattan,100
Manhattan,100
Manhattan,100
Manhattan,100
Manhattan,100
Manhattan,100
Manhattan,100
Manhattan,100
Manhattan,100
Manhattan,100
Manhattan,100
Manhattan,100
Manhattan,100
Manhattan,100
Manhattan,100
Manhattan,100
Manhattan,100
Manhattan,100
Manhattan,100
Manhattan,100
Manhattan,100
Manhattan,211
Manhattan,300
Manhattan,100
Manhattan,100
Manhattan,100
Manhattan,100
Manhattan,100
Manhattan,100
Manhattan,100
Manhattan,100
Manhattan,100
Manhattan,100
Manhattan,100
Manhattan,100
Manhattan,100
Manhattan,100
Manhattan,100
Manhattan,100
Manhattan,100
Manhattan,100
Manhattan,100
Manhattan,100
Manhattan,100
Manhattan,300
Manhattan,100
Manhattan,100
Manhattan,100
Manhattan,100
Manhattan,100
Manhattan,100
Manhattan,100
Manhattan,100
Manhattan,100
Manhattan,100
Manhattan,100
Manhattan,290
Manhattan,250
Manhattan,150
Manhattan,100
Manhattan,175
Manhattan,275
Manhattan,945
Manhattan,179
Manhattan,150
Manhattan,65
Manhattan,280
Manhattan,620
Manhattan,210
Manhattan,155
Manhattan,200
Manhattan,285
Manhattan,215
Manhattan,340
Manhattan,340
Manhattan,560
Manhattan,350
Manhattan,115
Manhattan,100
Manhattan,105
Manhattan,100
Manhattan,100
Manhattan,100
Manhattan,100
Manhattan,100
Manhattan,100
Manhattan,105
Manhattan,350
Manhattan,300
Manhattan,250
Manhattan,500
Manhattan,250
Manhattan,350
Manhattan,300
Manhattan,350
Manhattan,400
Manhattan,350
Manhattan,150
Manhattan,325
Manhattan,140
Manhattan,110
Manhattan,120
Manhattan,400
Manhattan,250
Manhattan,299
Manhattan,950
Manhattan,580
Manhattan,583
Manhattan,275
Manhattan,299
Manhattan,650
Manhattan,309
Manhattan,65
Manhattan,250
Manhattan,85
Manhattan,55
Manhattan,49
Manhattan,390
Manhattan,310
Manhattan,78
Manhattan,170
Manhattan,349
Manhattan,97
Manhattan,120
Manhattan,222
Manhattan,150
Manhattan,285
Manhattan,179
Manhattan,100
Manhattan,164
Manhattan,302
Manhattan,100
Manhattan,325
Manhattan,100
Manhattan,130
Manhattan,130
Manhattan,254
Manhattan,100
Manhattan,224
Manhattan,999
Manhattan,160
Manhattan,75
Manhattan,300
Manhattan,314
Manhattan,381
Manhattan,377
Manhattan,299
Manhattan,306
Manhattan,180
Manhattan,420
Manhattan,299
Manhattan,245
Manhattan,400
Manhattan,159
Manhattan,49
Manhattan,99
Manhattan,199
Manhattan,99
Manhattan,150
Manhattan,34
Manhattan,199
Manhattan,150
Manhattan,175
Manhattan,70
Manhattan,92
Manhattan,107
Manhattan,250
Manhattan,75
Manhattan,130
Manhattan,250
Manhattan,92
Manhattan,175
Manhattan,350
Manhattan,290
Manhattan,200
Manhattan,94
Manhattan,690
Manhattan,250
Manhattan,210
Manhattan,300
Manhattan,91
Manhattan,150
Manhattan,98
Manhattan,150
Manhattan,60
Manhattan,86
Manhattan,255
Manhattan,40
Manhattan,180
Manhattan,55
Manhattan,60
Manhattan,250
Manhattan,210
Manhattan,130
Manhattan,150
Manhattan,333
Manhattan,75
Manhattan,200
Manhattan,60
Manhattan,255
Manhattan,250
Manhattan,250
Manhattan,100
Manhattan,449
Manhattan,350
Manhattan,150
Manhattan,85
Manhattan,300
Manhattan,585
Manhattan,73
Manhattan,150
Manhattan,80
Manhattan,200
Manhattan,100
Manhattan,350
Manhattan,125
Manhattan,130
Manhattan,75
Manhattan,250
Manhattan,80
Manhattan,250
Manhattan,65
Manhattan,350
Manhattan,269
Manhattan,315
Manhattan,100
Manhattan,130
Manhattan,70
Manhattan,139
Manhattan,110
Manhattan,100
Manhattan,110
Manhattan,125
Manhattan,499
Manhattan,100
Manhattan,180
Manhattan,460
Manhattan,109
Manhattan,65
Manhattan,89
Manhattan,1900
Manhattan,195
Manhattan,100
Manhattan,100
Manhattan,172
Manhattan,220
Manhattan,200
Manhattan,57
Manhattan,100
Manhattan,180
Manhattan,59
Manhattan,98
Manhattan,100
Manhattan,110
Manhattan,150
Manhattan,289
Manhattan,65
Manhattan,212
Manhattan,500
Manhattan,65
Manhattan,82
Manhattan,219
Manhattan,300
Manhattan,250
Manhattan,175
Manhattan,123
Manhattan,140
Manhattan,90
Manhattan,250
Manhattan,50
Manhattan,479
Manhattan,85
Manhattan,150
Manhattan,60
Manhattan,110
Manhattan,175
Manhattan,500
Manhattan,79
Manhattan,490
Manhattan,94
Manhattan,109
Manhattan,75
Manhattan,55
Manhattan,166
Manhattan,325
Manhattan,200
Manhattan,499
Manhattan,499
Manhattan,250
Manhattan,90
Manhattan,89
Manhattan,217
Manhattan,150
Manhattan,76
Manhattan,70
Manhattan,75
Manhattan,75
Manhattan,249
Manhattan,75
Manhattan,70
Manhattan,75
Manhattan,85
Manhattan,90
Manhattan,450
Manhattan,300
Manhattan,195
Manhattan,300
Manhattan,500
Manhattan,199
Manhattan,175
Manhattan,200
Manhattan,225
Manhattan,200
Manhattan,300
Manhattan,220
Manhattan,300
Manhattan,190
Manhattan,300
Manhattan,300
Manhattan,190
Manhattan,200
Manhattan,799
Manhattan,260
Manhattan,289
Manhattan,499
Manhattan,299
Manhattan,24
Manhattan,125
Manhattan,180
Manhattan,95
Manhattan,250
Manhattan,310
Manhattan,1000
Manhattan,75
Manhattan,249
Manhattan,110
Manhattan,93
Manhattan,129
Manhattan,196
Manhattan,250
Manhattan,440
Manhattan,159
Manhattan,489
Manhattan,310
Manhattan,165
Manhattan,300
Manhattan,200
Manhattan,300
Manhattan,289
Manhattan,650
Manhattan,590
Manhattan,289
Manhattan,117
Manhattan,250
Manhattan,150
Manhattan,125
Manhattan,229
Manhattan,265
Manhattan,200
Manhattan,200
Manhattan,200
Manhattan,200
Manhattan,130
Manhattan,150
Manhattan,200
Manhattan,93
Manhattan,175
Manhattan,275
Manhattan,450
Manhattan,106
Manhattan,125
Manhattan,199
Manhattan,299
Manhattan,268
Manhattan,120
Manhattan,200
Manhattan,55
Manhattan,2500
Manhattan,550
Manhattan,150
Manhattan,194
Manhattan,140
Manhattan,89
Manhattan,175
Manhattan,54
Manhattan,120
Manhattan,137
Manhattan,137
Manhattan,137
Manhattan,117
Manhattan,150
Manhattan,137
Manhattan,250
Manhattan,250
Manhattan,200
Manhattan,180
Manhattan,250
Manhattan,152
Manhattan,459
Manhattan,350
Manhattan,650
Manhattan,78
Manhattan,105
Manhattan,50
Manhattan,32
Manhattan,95
Manhattan,850
Manhattan,175
Manhattan,190
Manhattan,169
Manhattan,85
Manhattan,210
Manhattan,699
Manhattan,130
Manhattan,135
Manhattan,245
Manhattan,59
Manhattan,600
Manhattan,150
Manhattan,245
Manhattan,145
Manhattan,145
Manhattan,145
Manhattan,145
Manhattan,158
Manhattan,145
Manhattan,50
Manhattan,150
Manhattan,239
Manhattan,150
Manhattan,100
Manhattan,150
Manhattan,499
Manhattan,300
Manhattan,300
Manhattan,200
Manhattan,310
Manhattan,250
Manhattan,300
Manhattan,180
Manhattan,250
Manhattan,200
Manhattan,300
Manhattan,190
Manhattan,120
Manhattan,150
Manhattan,300
Manhattan,100
Manhattan,173
Manhattan,850
Manhattan,85
Manhattan,150
Manhattan,118
Manhattan,160
Manhattan,190
Manhattan,130
Manhattan,175
Manhattan,102
Manhattan,129
Manhattan,131
Manhattan,100
Manhattan,975
Manhattan,290
Manhattan,170
Manhattan,170
Manhattan,499
Manhattan,447
Manhattan,447
Manhattan,600
Manhattan,255
Manhattan,320
Manhattan,65
Manhattan,300
Manhattan,150
Manhattan,300
Manhattan,119
Manhattan,300
Manhattan,150
Manhattan,195
Manhattan,300
Manhattan,900
Manhattan,210
Manhattan,225
Manhattan,120
Manhattan,250
Manhattan,600
Manhattan,220
Manhattan,450
Manhattan,150
Manhattan,200
Manhattan,399
Manhattan,200
Manhattan,300
Manhattan,200
Manhattan,200
Manhattan,72
Manhattan,200
Manhattan,100
Manhattan,150
Manhattan,125
Manhattan,100
Manhattan,100
Manhattan,100
Manhattan,302
Manhattan,400
Manhattan,180
Manhattan,189
Manhattan,175
Manhattan,145
Manhattan,350
Manhattan,60
Manhattan,177
Manhattan,230
Manhattan,177
Manhattan,160
Manhattan,184
Manhattan,194
Manhattan,200
Manhattan,550
Manhattan,202
Manhattan,275
Manhattan,277
Manhattan,162
Manhattan,217
Manhattan,180
Manhattan,149
Manhattan,1099
Manhattan,400
Manhattan,181
Manhattan,428
Manhattan,111
Manhattan,109
Manhattan,69
Manhattan,360
Manhattan,650
Manhattan,599
Manhattan,200
Manhattan,150
Manhattan,100
Manhattan,330
Manhattan,150
Manhattan,179
Manhattan,185
Manhattan,200
Manhattan,50
Manhattan,650
Manhattan,180
Manhattan,75
Manhattan,700
Manhattan,300
Manhattan,180
Manhattan,155
Manhattan,180
Manhattan,180
Manhattan,180
Manhattan,400
Manhattan,60
Manhattan,135
Manhattan,79
Manhattan,77
Manhattan,77
Manhattan,137
Manhattan,100
Manhattan,69
Manhattan,120
Manhattan,120
Manhattan,180
Manhattan,60
Manhattan,136
Manhattan,65
Manhattan,125
Manhattan,385
Manhattan,479
Manhattan,99
Manhattan,260
Manhattan,235
Manhattan,275
Manhattan,134
Manhattan,199
Manhattan,11
Manhattan,181
Manhattan,395
Manhattan,57
Manhattan,400
Manhattan,600
Manhattan,255
Manhattan,180
Manhattan,299
Manhattan,250
Manhattan,190
Manhattan,150
Manhattan,160
Manhattan,80
Manhattan,150
Manhattan,285
Manhattan,390
Manhattan,500
Manhattan,500
Manhattan,500
Manhattan,125
Manhattan,200
Manhattan,294
Manhattan,165
Manhattan,295
Manhattan,89
Manhattan,199
Manhattan,199
Manhattan,50
Manhattan,150
Manhattan,350
Manhattan,225
Manhattan,151
Manhattan,68
Manhattan,650
Manhattan,425
Manhattan,445
Manhattan,225
Manhattan,220
Manhattan,154
Manhattan,210
Manhattan,140
Manhattan,295
Manhattan,339
Manhattan,87
Manhattan,65
Manhattan,135
Manhattan,390
Manhattan,450
Manhattan,289
Manhattan,175
Manhattan,300
Manhattan,400
Manhattan,210
Manhattan,191
Manhattan,235
Manhattan,300
Manhattan,590
Manhattan,171
Manhattan,249
Manhattan,585
Manhattan,80
Manhattan,200
Manhattan,350
Manhattan,179
Manhattan,150
Manhattan,99
Manhattan,110
Manhattan,399
Manhattan,425
Manhattan,250
Manhattan,399
Manhattan,399
Manhattan,399
Manhattan,179
Manhattan,299
Manhattan,124
Manhattan,124
Manhattan,420
Manhattan,109
Manhattan,279
Manhattan,60
Manhattan,150
Manhattan,229
Manhattan,140
Manhattan,499
Manhattan,125
Manhattan,365
Manhattan,319
Manhattan,57
Manhattan,150
Manhattan,120
Manhattan,99
Manhattan,500
Manhattan,55
Manhattan,600
Manhattan,120
Manhattan,229
Manhattan,125
Manhattan,100
Manhattan,209
Manhattan,100
Manhattan,210
Manhattan,170
Manhattan,227
Manhattan,500
Manhattan,140
Manhattan,225
Manhattan,131
Manhattan,163
Manhattan,995
Manhattan,348
Manhattan,159
Manhattan,125
Manhattan,200
Manhattan,150
Manhattan,142
Manhattan,198
Manhattan,165
Manhattan,500
Manhattan,500
Manhattan,35
Manhattan,319
Manhattan,150
Manhattan,300
Manhattan,295
Manhattan,150
Manhattan,59
Manhattan,74
Manhattan,100
Manhattan,444
Manhattan,250
Manhattan,200
Manhattan,250
Manhattan,350
Manhattan,375
Manhattan,395
Manhattan,150
Manhattan,280
Manhattan,225
Manhattan,59
Manhattan,305
Manhattan,90
Manhattan,114
Manhattan,175
Manhattan,249
Manhattan,130
Manhattan,300
Manhattan,900
Manhattan,205
Manhattan,400
Manhattan,360
Manhattan,307
Manhattan,199
Manhattan,320
Manhattan,85
Manhattan,189
Manhattan,920
Manhattan,500
Manhattan,225
Manhattan,400
Manhattan,900
Manhattan,225
Manhattan,170
Manhattan,800
Manhattan,210
Manhattan,390
Manhattan,750
Manhattan,450
Manhattan,930
Manhattan,90
Manhattan,350
Manhattan,150
Manhattan,459
Manhattan,100
Manhattan,110
Manhattan,179
Manhattan,330
Manhattan,78
Manhattan,349
Manhattan,700
Manhattan,50
Manhattan,950
Manhattan,332
Manhattan,416
Manhattan,50
Manhattan,255
Manhattan,100
Manhattan,169
Manhattan,145
Manhattan,249
Manhattan,500
Manhattan,99
Manhattan,66
Manhattan,750
Manhattan,109
Manhattan,109
Manhattan,50
Manhattan,210
Manhattan,78
Manhattan,79
Manhattan,130
Manhattan,200
Manhattan,153
Manhattan,250
Manhattan,80
Manhattan,250
Manhattan,250
Manhattan,225
Manhattan,85
Manhattan,382
Manhattan,150
Manhattan,90
Manhattan,86
Manhattan,2995
Manhattan,145
Manhattan,249
Manhattan,125
Manhattan,199
Manhattan,229
Manhattan,50
Manhattan,225
Manhattan,480
Manhattan,120
Manhattan,300
Manhattan,250
Manhattan,66
Manhattan,335
Manhattan,330
Manhattan,305
Manhattan,195
Manhattan,250
Manhattan,250
Manhattan,165
Manhattan,260
Manhattan,145
Manhattan,140
Manhattan,185
Manhattan,220
Manhattan,550
Manhattan,86
Manhattan,270
Manhattan,350
Manhattan,999
Manhattan,180
Manhattan,500
Manhattan,180
Manhattan,90
Manhattan,299
Manhattan,180
Manhattan,279
Manhattan,250
Manhattan,300
Manhattan,85
Manhattan,110
Manhattan,450
Manhattan,358
Manhattan,235
Manhattan,55
Manhattan,700
Manhattan,450
Manhattan,50
Manhattan,300
Manhattan,342
Manhattan,290
Manhattan,321
Manhattan,75
Manhattan,95
Manhattan,100
Manhattan,200
Manhattan,175
Manhattan,189
Manhattan,189
Manhattan,269
Manhattan,299
Manhattan,150
Manhattan,347
Manhattan,50
Manhattan,220
Manhattan,275
Manhattan,160
Manhattan,500
Manhattan,295
Manhattan,99
Manhattan,350
Manhattan,120
Manhattan,295
Manhattan,299
Manhattan,190
Manhattan,198
Manhattan,171
Manhattan,77
Manhattan,125
Manhattan,349
Manhattan,400
Manhattan,1200
Manhattan,90
Manhattan,90
Manhattan,220
Manhattan,400
Manhattan,215
Manhattan,170
Manhattan,94
Manhattan,175
Manhattan,40
Manhattan,100
Manhattan,185
Manhattan,226
Manhattan,214
Manhattan,250
Manhattan,489
Manhattan,250
Manhattan,650
Manhattan,250
Manhattan,150
Manhattan,250
Manhattan,489
Manhattan,78
Manhattan,450
Manhattan,385
Manhattan,119
Manhattan,189
Manhattan,220
Manhattan,190
Manhattan,200
Manhattan,100
Manhattan,230
Manhattan,160
Manhattan,185
Manhattan,185
Manhattan,450
Manhattan,340
Manhattan,249
Manhattan,120
Manhattan,108
Manhattan,150
Manhattan,199
Manhattan,135
Manhattan,223
Manhattan,150
Manhattan,120
Manhattan,199
Manhattan,300
Manhattan,450
Manhattan,88
Manhattan,89
Manhattan,185
Manhattan,88
Manhattan,89
Manhattan,300
Manhattan,575
Manhattan,88
Manhattan,88
Manhattan,800
Manhattan,172
Manhattan,89
Manhattan,220
Manhattan,202
Manhattan,475
Manhattan,305
Manhattan,74
Manhattan,200
Manhattan,249
Manhattan,209
Manhattan,210
Manhattan,100
Manhattan,900
Manhattan,300
Manhattan,400
Manhattan,140
Manhattan,175
Manhattan,219
Manhattan,350
Manhattan,450
Manhattan,70
Manhattan,300
Manhattan,349
Manhattan,220
Manhattan,299
Manhattan,850
Manhattan,200
Manhattan,203
Manhattan,211
Manhattan,350
Manhattan,320
Manhattan,1750
Manhattan,249
Manhattan,240
Manhattan,325
Manhattan,250
Manhattan,200
Manhattan,159
Manhattan,34
Manhattan,119
Manhattan,165
Manhattan,150
Manhattan,180
Manhattan,200
Manhattan,395
Manhattan,150
Manhattan,250
Manhattan,89
Manhattan,189
Manhattan,125
Manhattan,500
Manhattan,275
Manhattan,130
Manhattan,50
Manhattan,105
Manhattan,300
Manhattan,290
Manhattan,160
Manhattan,178
Manhattan,220
Manhattan,145
Manhattan,55
Manhattan,90
Manhattan,55
Manhattan,249
Manhattan,950
Manhattan,180
Manhattan,179
Manhattan,750
Manhattan,90
Manhattan,280
Manhattan,120
Manhattan,197
Manhattan,250
Manhattan,100
Manhattan,100
Manhattan,100
Manhattan,100
Manhattan,350
Manhattan,299
Manhattan,499
Manhattan,170
Manhattan,250
Manhattan,300
Manhattan,60
Manhattan,100
Manhattan,67
Manhattan,100
Manhattan,240
Manhattan,135
Manhattan,160
Manhattan,125
Manhattan,800
Manhattan,165
Manhattan,900
Manhattan,90
Manhattan,175
Manhattan,180
Manhattan,600
Manhattan,65
Manhattan,145
Manhattan,350
Manhattan,60
Manhattan,275
Manhattan,100
Manhattan,250
Manhattan,70
Manhattan,843
Manhattan,70
Manhattan,140
Manhattan,213
Manhattan,225
Manhattan,66
Manhattan,200
Manhattan,395
Manhattan,400
Manhattan,215
Manhattan,179
Manhattan,132
Manhattan,150
Manhattan,90
Manhattan,450
Manhattan,210
Manhattan,120
Manhattan,209
Manhattan,800
Manhattan,429
Manhattan,135
Manhattan,130
Manhattan,320
Manhattan,205
Manhattan,305
Manhattan,144
Manhattan,425
Manhattan,115
Manhattan,300
Manhattan,159
Manhattan,600
Manhattan,99
Manhattan,290
Manhattan,170
Manhattan,200
Manhattan,170
Manhattan,400
Manhattan,425
Manhattan,175
Manhattan,350
Manhattan,350
Manhattan,200
Manhattan,200
Manhattan,175
Manhattan,125
Manhattan,80
Manhattan,190
Manhattan,365
Manhattan,190
Manhattan,80
Manhattan,90
Manhattan,85
Manhattan,300
Manhattan,220
Manhattan,99
Manhattan,200
Manhattan,100
Manhattan,196
Manhattan,320
Manhattan,129
Manhattan,80
Manhattan,140
Manhattan,180
Manhattan,150
Manhattan,65
Manhattan,120
Manhattan,249
Manhattan,300
Manhattan,800
Manhattan,400
Manhattan,400
Manhattan,400
Manhattan,250
Manhattan,35
Manhattan,100
Manhattan,125
Manhattan,135
Manhattan,295
Manhattan,140
Manhattan,358
Manhattan,89
Manhattan,358
Manhattan,85
Manhattan,265
Manhattan,295
Manhattan,417
Manhattan,150
Manhattan,75
Manhattan,59
Manhattan,350
Manhattan,95
Manhattan,299
Manhattan,239
Manhattan,51
Manhattan,200
Manhattan,200
Manhattan,200
Manhattan,450
Manhattan,63
Manhattan,210
Manhattan,65
Manhattan,225
Manhattan,300
Manhattan,130
Manhattan,297
Manhattan,450
Manhattan,60
Manhattan,235
Manhattan,120
Manhattan,350
Manhattan,85
Manhattan,75
Manhattan,251
Manhattan,125
Manhattan,51
Manhattan,50
Manhattan,249
Manhattan,210
Manhattan,225
Manhattan,285
Manhattan,279
Manhattan,91
Manhattan,130
Manhattan,300
Manhattan,75
Manhattan,175
Manhattan,150
Manhattan,150
Manhattan,160
Manhattan,300
Manhattan,145
Manhattan,400
Manhattan,250
Manhattan,250
Manhattan,145
Manhattan,315
Manhattan,300
Manhattan,199
Manhattan,250
Manhattan,150
Manhattan,150
Manhattan,300
Manhattan,97
Manhattan,150
Manhattan,300
Manhattan,250
Manhattan,300
Manhattan,325
Manhattan,750
Manhattan,80
Manhattan,135
Manhattan,270
Manhattan,70
Manhattan,249
Manhattan,400
Manhattan,399
Manhattan,295
Manhattan,449
Manhattan,249
Manhattan,400
Manhattan,249
Manhattan,299
Manhattan,90
Manhattan,400
Manhattan,290
Manhattan,95
Manhattan,175
Manhattan,249
Manhattan,399
Manhattan,380
Manhattan,399
Manhattan,380
Manhattan,450
Manhattan,125
Manhattan,115
Manhattan,200
Manhattan,280
Manhattan,379
Manhattan,200
Manhattan,150
Manhattan,70
Manhattan,260
Manhattan,50
Manhattan,160
Manhattan,85
Manhattan,140
Manhattan,299
Manhattan,62
Manhattan,45
Manhattan,75
Manhattan,350
Manhattan,85
Manhattan,66
Manhattan,105
Manhattan,150
Manhattan,89
Manhattan,43
Manhattan,500
Manhattan,150
Manhattan,180
Manhattan,270
Manhattan,275
Manhattan,650
Manhattan,220
Manhattan,190
Manhattan,61
Manhattan,189
Manhattan,199
Manhattan,145
Manhattan,180
Manhattan,190
Manhattan,190
Manhattan,1100
Manhattan,190
Manhattan,190
Manhattan,340
Manhattan,300
Manhattan,300
Manhattan,190
Manhattan,80
Manhattan,200
Manhattan,225
Manhattan,225
Manhattan,350
Manhattan,199
Manhattan,350
Manhattan,95
Manhattan,189
Manhattan,145
Manhattan,299
Manhattan,145
Manhattan,168
Manhattan,177
Manhattan,199
Manhattan,300
Manhattan,280
Manhattan,280
Manhattan,155
Manhattan,175
Manhattan,155
Manhattan,165
Manhattan,165
Manhattan,295
Manhattan,150
Manhattan,750
Manhattan,199
Manhattan,151
Manhattan,288
Manhattan,250
Manhattan,99
Manhattan,100
Manhattan,177
Manhattan,223
Manhattan,220
Manhattan,125
Manhattan,115
Manhattan,89
Manhattan,500
Manhattan,65
Manhattan,70
Manhattan,80
Manhattan,80
Manhattan,119
Manhattan,600
Manhattan,323
Manhattan,174
Manhattan,350
Manhattan,180
Manhattan,229
Manhattan,170
Manhattan,198
Manhattan,180
Manhattan,550
Manhattan,135
Manhattan,165
Manhattan,165
Manhattan,600
Manhattan,135
Manhattan,49
Manhattan,156
Manhattan,269
Manhattan,80
Manhattan,400
Manhattan,350
Manhattan,110
Manhattan,168
Manhattan,495
Manhattan,100
Manhattan,189
Manhattan,299
Manhattan,350
Manhattan,80
Manhattan,200
Manhattan,180
Manhattan,750
Manhattan,600
Manhattan,99
Manhattan,129
Manhattan,450
Manhattan,50
Manhattan,225
Manhattan,280
Manhattan,315
Manhattan,399
Manhattan,180
Manhattan,499
Manhattan,229
Manhattan,79
Manhattan,307
Manhattan,225
Manhattan,299
Manhattan,199
Manhattan,299
Manhattan,80
Manhattan,80
Manhattan,450
Manhattan,150
Manhattan,375
Manhattan,179
Manhattan,189
Manhattan,150
Manhattan,100
Manhattan,699
Manhattan,30
Manhattan,230
Manhattan,350
Manhattan,100
Manhattan,699
Manhattan,63
Manhattan,179
Manhattan,249
Manhattan,250
Manhattan,290
Manhattan,199
Manhattan,125
Manhattan,300
Manhattan,225
Manhattan,47
Manhattan,400
Manhattan,100
Manhattan,425
Manhattan,425
Manhattan,235
Manhattan,84
Manhattan,135
Manhattan,100
Manhattan,346
Manhattan,200
Manhattan,125
Manhattan,65
Manhattan,1600
Manhattan,200
Manhattan,122
Manhattan,380
Manhattan,60
Manhattan,225
Manhattan,95
Manhattan,60
Manhattan,420
Manhattan,60
Manhattan,140
Manhattan,105
Manhattan,129
Manhattan,105
Manhattan,116
Manhattan,250
Manhattan,150
Manhattan,130
Manhattan,350
Manhattan,119
Manhattan,200
Manhattan,133
Manhattan,260
Manhattan,129
Manhattan,185
Manhattan,75
Manhattan,65
Manhattan,143
Manhattan,52
Manhattan,54
Manhattan,60
Manhattan,71
Manhattan,168
Manhattan,195
Manhattan,50
Manhattan,800
Manhattan,70
Manhattan,250
Manhattan,139
Manhattan,399
Manhattan,125
Manhattan,105
Manhattan,125
Manhattan,320
Manhattan,149
Manhattan,15
Manhattan,350
Manhattan,99
Manhattan,48
Manhattan,146
Manhattan,80
Manhattan,180
Manhattan,269
Manhattan,110
Manhattan,279
Manhattan,650
Manhattan,150
Manhattan,134
Manhattan,225
Manhattan,125
Manhattan,180
Manhattan,135
Manhattan,180
Manhattan,125
Manhattan,240
Manhattan,244
Manhattan,209
Manhattan,100
Manhattan,77
Manhattan,250
Manhattan,180
Manhattan,69
Manhattan,185
Manhattan,42
Manhattan,6500
Manhattan,99
Manhattan,229
Manhattan,200
Manhattan,125
Manhattan,1050
Manhattan,75
Manhattan,300
Manhattan,120
Manhattan,202
Manhattan,90
Manhattan,75
Manhattan,70
Manhattan,1308
Manhattan,70
Manhattan,125
Manhattan,65
Manhattan,255
Manhattan,320
Manhattan,165
Manhattan,46
Manhattan,70
Manhattan,147
Manhattan,69
Manhattan,164
Manhattan,80
Manhattan,185
Manhattan,170
Manhattan,197
Manhattan,560
Manhattan,315
Manhattan,222
Manhattan,90
Manhattan,56
Manhattan,350
Manhattan,583
Manhattan,200
Manhattan,175
Manhattan,209
Manhattan,179
Manhattan,300
Manhattan,150
Manhattan,100
Manhattan,350
Manhattan,149
Manhattan,99
Manhattan,129
Manhattan,180
Manhattan,89
Manhattan,300
Manhattan,89
Manhattan,89
Manhattan,150
Manhattan,185
Manhattan,250
Manhattan,170
Manhattan,80
Manhattan,90
Manhattan,85
Manhattan,300
Manhattan,550
Manhattan,60
Manhattan,85
Manhattan,240
Manhattan,229
Manhattan,200
Manhattan,75
Manhattan,200
Manhattan,175
Manhattan,157
Manhattan,198
Manhattan,60
Manhattan,320
Manhattan,250
Manhattan,250
Manhattan,130
Manhattan,73
Manhattan,69
Manhattan,300
Manhattan,69
Manhattan,150
Manhattan,69
Manhattan,69
Manhattan,69
Manhattan,150
Manhattan,150
Manhattan,132
Manhattan,195
Manhattan,500
Manhattan,561
Manhattan,209
Manhattan,220
Manhattan,250
Manhattan,90
Manhattan,250
Manhattan,209
Manhattan,75
Manhattan,250
Manhattan,100
Manhattan,225
Manhattan,134
Manhattan,50
Manhattan,45
Manhattan,199
Manhattan,98
Manhattan,125
Manhattan,179
Manhattan,260
Manhattan,115
Manhattan,99
Manhattan,125
Manhattan,150
Manhattan,215
Manhattan,245
Manhattan,100
Manhattan,155
Manhattan,229
Manhattan,78
Manhattan,999
Manhattan,2999
Manhattan,1999
Manhattan,200
Manhattan,195
Manhattan,70
Manhattan,180
Manhattan,162
Manhattan,80
Manhattan,250
Manhattan,190
Manhattan,59
Manhattan,275
Manhattan,161
Manhattan,750
Manhattan,120
Manhattan,125
Manhattan,234
Manhattan,225
Manhattan,70
Manhattan,70
Manhattan,120
Manhattan,100
Manhattan,150
Manhattan,199
Manhattan,150
Manhattan,150
Manhattan,67
Manhattan,250
Manhattan,125
Manhattan,600
Manhattan,240
Manhattan,150
Manhattan,138
Manhattan,85
Manhattan,41
Manhattan,249
Manhattan,137
Manhattan,270
Manhattan,199
Manhattan,200
Manhattan,150
Manhattan,220
Manhattan,242
Manhattan,88
Manhattan,400
Manhattan,150
Manhattan,180
Manhattan,125
Manhattan,220
Manhattan,85
Manhattan,200
Manhattan,125
Manhattan,99
Manhattan,190
Manhattan,250
Manhattan,135
Manhattan,120
Manhattan,100
Manhattan,170
Manhattan,330
Manhattan,230
Manhattan,299
Manhattan,225
Manhattan,207
Manhattan,170
Manhattan,57
Manhattan,300
Manhattan,210
Manhattan,90
Manhattan,70
Manhattan,400
Manhattan,150
Manhattan,300
Manhattan,181
Manhattan,40
Manhattan,105
Manhattan,79
Manhattan,95
Manhattan,45
Manhattan,250
Manhattan,109
Manhattan,520
Manhattan,316
Manhattan,349
Manhattan,72
Manhattan,169
Manhattan,120
Manhattan,299
Manhattan,269
Manhattan,269
Manhattan,275
Manhattan,320
Manhattan,325
Manhattan,75
Manhattan,75
Manhattan,103
Manhattan,65
Manhattan,70
Manhattan,285
Manhattan,100
Manhattan,321
Manhattan,303
Manhattan,466
Manhattan,338
Manhattan,343
Manhattan,269
Manhattan,421
Manhattan,314
Manhattan,333
Manhattan,202
Manhattan,40
Manhattan,120
Manhattan,107
Manhattan,188
Manhattan,75
Manhattan,239
Manhattan,75
Manhattan,400
Manhattan,90
Manhattan,215
Manhattan,239
Manhattan,75
Manhattan,59
Manhattan,300
Manhattan,240
Manhattan,400
Manhattan,57
Manhattan,299
Manhattan,60
Manhattan,150
Manhattan,430
Manhattan,110
Manhattan,349
Manhattan,57
Manhattan,250
Manhattan,200
Manhattan,85
Manhattan,49
Manhattan,40
Manhattan,74
Manhattan,60
Manhattan,100
Manhattan,158
Manhattan,350
Manhattan,299
Manhattan,176
Manhattan,225
Manhattan,70
Manhattan,88
Manhattan,450
Manhattan,198
Manhattan,200
Manhattan,350
Manhattan,215
Manhattan,139
Manhattan,750
Manhattan,180
Manhattan,325
Manhattan,235
Manhattan,137
Manhattan,60
Manhattan,220
Manhattan,393
Manhattan,316
Manhattan,385
Manhattan,267
Manhattan,365
Manhattan,178
Manhattan,75
Manhattan,150
Manhattan,110
Manhattan,144
Manhattan,50
Manhattan,100
Manhattan,90
Manhattan,198
Manhattan,245
Manhattan,369
Manhattan,150
Manhattan,150
Manhattan,380
Manhattan,129
Manhattan,700
Manhattan,50
Manhattan,250
Manhattan,100
Manhattan,40
Manhattan,129
Manhattan,250
Manhattan,260
Manhattan,80
Manhattan,225
Manhattan,140
Manhattan,155
Manhattan,145
Manhattan,99
Manhattan,100
Manhattan,39
Manhattan,143
Manhattan,75
Manhattan,50
Manhattan,200
Manhattan,110
Manhattan,80
Manhattan,170
Manhattan,90
Manhattan,199
Manhattan,475
Manhattan,60
Manhattan,80
Manhattan,70
Manhattan,350
Manhattan,205
Manhattan,65
Manhattan,159
Manhattan,202
Manhattan,55
Manhattan,93
Manhattan,145
Manhattan,120
Manhattan,95
Manhattan,80
Manhattan,35
Manhattan,260
Manhattan,50
Manhattan,140
Manhattan,60
Manhattan,75
Manhattan,75
Manhattan,200
Manhattan,125
Manhattan,115
Manhattan,55
Manhattan,90
Queens,130
Queens,70
Queens,140
Queens,79
Queens,350
Queens,55
Queens,98
Queens,140
Queens,265
Queens,140
Queens,140
Queens,99
Queens,115
Queens,80
Queens,50
Queens,70
Queens,110
Queens,97
Queens,129
Queens,42
Queens,42
Queens,33
Queens,107
Queens,95
Queens,75
Queens,50
Queens,95
Queens,55
Queens,75
Queens,75
Queens,79
Queens,54
Queens,80
Queens,75
Queens,73
Queens,55
Queens,96
Queens,85
Queens,30
Queens,65
Queens,70
Queens,192
Queens,55
Queens,52
Queens,75
Queens,45
Queens,75
Queens,215
Queens,50
Queens,77
Queens,75
Queens,69
Queens,39
Queens,70
Queens,80
Queens,85
Queens,107
Queens,350
Queens,70
Queens,75
Queens,69
Queens,109
Queens,150
Queens,110
Queens,55
Queens,54
Queens,92
Queens,69
Queens,75
Queens,100
Queens,55
Queens,99
Queens,45
Queens,175
Queens,89
Queens,52
Queens,61
Queens,69
Queens,75
Queens,58
Queens,75
Queens,100
Queens,65
Queens,65
Queens,62
Queens,120
Queens,68
Queens,120
Queens,120
Queens,245
Queens,55
Queens,108
Queens,89
Queens,39
Queens,140
Queens,80
Queens,390
Queens,299
Queens,55
Queens,250
Queens,55
Queens,69
Queens,70
Queens,60
Queens,150
Queens,45
Queens,45
Queens,60
Queens,85
Queens,57
Queens,400
Queens,63
Queens,107
Queens,80
Queens,60
Queens,45
Queens,95
Queens,55
Queens,81
Queens,70
Queens,47
Queens,63
Queens,77
Queens,349
Queens,76
Queens,115
Queens,99
Queens,85
Queens,81
Queens,78
Queens,160
Queens,75
Queens,130
Queens,38
Queens,75
Queens,69
Queens,46
Queens,59
Queens,200
Queens,160
Queens,150
Queens,70
Queens,60
Queens,35
Queens,73
Queens,133
Queens,175
Queens,65
Queens,60
Queens,55
Queens,119
Queens,50
Queens,69
Queens,150
Queens,90
Queens,84
Queens,110
Queens,85
Queens,100
Queens,80
Queens,79
Queens,120
Queens,80
Queens,145
Queens,100
Queens,138
Queens,70
Queens,75
Queens,150
Queens,35
Queens,59
Queens,59
Queens,349
Queens,59
Queens,59
Queens,102
Queens,140
Queens,108
Queens,120
Queens,59
Queens,250
Queens,75
Queens,51
Queens,188
Queens,48
Queens,56
Queens,45
Queens,59
Queens,120
Queens,110
Queens,79
Queens,35
Queens,70
Queens,200
Queens,38
Queens,195
Queens,100
Queens,140
Queens,100
Queens,275
Queens,86
Queens,95
Queens,29
Queens,75
Queens,110
Queens,56
Queens,73
Queens,45
Queens,79
Queens,66
Queens,40
Queens,130
Queens,85
Queens,180
Queens,82
Queens,150
Queens,135
Queens,45
Queens,75
Queens,100
Queens,149
Queens,72
Queens,325
Queens,100
Queens,50
Queens,35
Queens,50
Queens,55
Queens,90
Queens,130
Queens,60
Queens,94
Queens,99
Queens,64
Queens,120
Queens,47
Queens,65
Queens,60
Queens,100
Queens,100
Queens,65
Queens,79
Queens,65
Queens,120
Queens,600
Queens,65
Queens,300
Queens,88
Queens,86
Queens,59
Queens,65
Queens,275
Queens,85
Queens,45
Queens,100
Queens,83
Queens,75
Queens,125
Queens,90
Queens,30
Queens,75
Queens,63
Queens,395
Queens,70
Queens,59
Queens,50
Queens,150
Queens,100
Queens,140
Queens,95
Queens,80
Queens,55
Queens,60
Queens,95
Queens,155
Queens,130
Queens,95
Queens,400
Queens,50
Queens,225
Queens,55
Queens,55
Queens,75
Queens,55
Queens,100
Queens,130
Queens,65
Queens,160
Queens,130
Queens,60
Queens,69
Queens,95
Queens,149
Queens,59
Queens,60
Queens,119
Queens,53
Queens,40
Queens,70
Queens,35
Queens,255
Queens,47
Queens,70
Queens,100
Queens,52
Queens,59
Queens,70
Queens,200
Queens,119
Queens,50
Queens,89
Queens,70
Queens,100
Queens,250
Queens,59
Queens,99
Queens,74
Queens,105
Queens,97
Queens,89
Queens,99
Queens,48
Queens,70
Queens,225
Queens,39
Queens,38
Queens,100
Queens,125
Queens,150
Queens,85
Queens,108
Queens,120
Queens,184
Queens,115
Queens,120
Queens,50
Queens,59
Queens,95
Queens,125
Queens,80
Queens,95
Queens,85
Queens,113
Queens,75
Queens,75
Queens,100
Queens,45
Queens,80
Queens,50
Queens,100
Queens,170
Queens,49
Queens,39
Queens,239
Queens,45
Queens,125
Queens,145
Queens,50
Queens,39
Queens,79
Queens,50
Queens,50
Queens,120
Queens,149
Queens,170
Queens,95
Queens,60
Queens,65
Queens,70
Queens,45
Queens,65
Queens,150
Queens,200
Queens,95
Queens,65
Queens,250
Queens,78
Queens,200
Queens,99
Queens,69
Queens,100
Queens,58
Queens,76
Queens,60
Queens,110
Queens,180
Queens,110
Queens,120
Queens,70
Queens,200
Queens,130
Queens,65
Queens,79
Queens,80
Queens,47
Queens,90
Queens,160
Queens,50
Queens,80
Queens,50
Queens,98
Queens,96
Queens,195
Queens,100
Queens,89
Queens,100
Queens,63
Queens,39
Queens,39
Queens,125
Queens,110
Queens,49
Queens,150
Queens,95
Queens,58
Queens,190
Queens,70
Queens,200
Queens,189
Queens,97
Queens,180
Queens,75
Queens,110
Queens,75
Queens,50
Queens,55
Queens,160
Queens,149
Queens,56
Queens,64
Queens,90
Queens,225
Queens,95
Queens,69
Queens,170
Queens,80
Queens,90
Queens,40
Queens,39
Queens,100
Queens,127
Queens,65
Queens,150
Queens,65
Queens,99
Queens,105
Queens,125
Queens,98
Queens,100
Queens,44
Queens,65
Queens,67
Queens,100
Queens,30
Queens,35
Queens,119
Queens,150
Queens,99
Queens,200
Queens,120
Queens,60
Queens,195
Queens,105
Queens,60
Queens,70
Queens,70
Queens,105
Queens,150
Queens,60
Queens,375
Queens,150
Queens,80
Queens,107
Queens,49
Queens,50
Queens,175
Queens,31
Queens,70
Queens,90
Queens,130
Queens,150
Queens,50
Queens,90
Queens,165
Queens,45
Queens,150
Queens,124
Queens,112
Queens,99
Queens,125
Queens,45
Queens,82
Queens,99
Queens,95
Queens,40
Queens,40
Queens,70
Queens,50
Queens,119
Queens,90
Queens,107
Queens,70
Queens,80
Queens,65
Queens,45
Queens,60
Queens,99
Queens,100
Queens,72
Queens,89
Queens,50
Queens,65
Queens,72
Queens,34
Queens,40
Queens,90
Queens,80
Queens,99
Queens,120
Queens,110
Queens,54
Queens,135
Queens,105
Queens,38
Queens,55
Queens,90
Queens,47
Queens,60
Queens,85
Queens,40
Queens,50
Queens,50
Queens,38
Queens,36
Queens,42
Queens,300
Queens,65
Queens,49
Queens,65
Queens,60
Queens,259
Queens,134
Queens,73
Queens,85
Queens,135
Queens,200
Queens,50
Queens,38
Queens,38
Queens,105
Queens,60
Queens,80
Queens,80
Queens,160
Queens,69
Queens,50
Queens,59
Queens,58
Queens,112
Queens,70
Queens,60
Queens,37
Queens,150
Queens,65
Queens,54
Queens,75
Queens,100
Queens,90
Queens,47
Queens,175
Queens,47
Queens,55
Queens,100
Queens,80
Queens,50
Queens,55
Queens,45
Queens,46
Queens,58
Queens,60
Queens,90
Queens,89
Queens,150
Queens,150
Queens,125
Queens,75
Queens,369
Queens,100
Queens,145
Queens,60
Queens,40
Queens,80
Queens,115
Queens,78
Queens,275
Queens,65
Queens,150
Queens,150
Queens,153
Queens,200
Queens,59
Queens,41
Queens,37
Queens,115
Queens,49
Queens,75
Queens,150
Queens,122
Queens,100
Queens,60
Queens,46
Queens,168
Queens,50
Queens,105
Queens,125
Queens,70
Queens,85
Queens,45
Queens,155
Queens,69
Queens,45
Queens,85
Queens,120
Queens,300
Queens,140
Queens,52
Queens,150
Queens,53
Queens,130
Queens,35
Queens,50
Queens,85
Queens,225
Queens,70
Queens,149
Queens,99
Queens,200
Queens,180
Queens,60
Queens,40
Queens,50
Queens,290
Queens,59
Queens,45
Queens,44
Queens,150
Queens,49
Queens,45
Queens,86
Queens,110
Queens,50
Queens,85
Queens,85
Queens,68
Queens,160
Queens,120
Queens,100
Queens,70
Queens,86
Queens,75
Queens,150
Queens,48
Queens,105
Queens,65
Queens,100
Queens,39
Queens,50
Queens,89
Queens,65
Queens,135
Queens,135
Queens,55
Queens,300
Queens,125
Queens,53
Queens,85
Queens,80
Queens,75
Queens,85
Queens,100
Queens,55
Queens,110
Queens,105
Queens,70
Queens,59
Queens,55
Queens,75
Queens,10000
Queens,149
Queens,50
Queens,60
Queens,60
Queens,250
Queens,155
Queens,27
Queens,150
Queens,125
Queens,80
Queens,398
Queens,69
Queens,130
Queens,45
Queens,70
Queens,85
Queens,109
Queens,99
Queens,85
Queens,64
Queens,59
Queens,96
Queens,36
Queens,50
Queens,158
Queens,110
Queens,70
Queens,45
Queens,39
Queens,290
Queens,70
Queens,130
Queens,100
Queens,85
Queens,40
Queens,125
Queens,120
Queens,37
Queens,110
Queens,109
Queens,75
Queens,80
Queens,95
Queens,75
Queens,250
Queens,139
Queens,122
Queens,89
Queens,65
Queens,45
Queens,125
Queens,59
Queens,100
Queens,49
Queens,80
Queens,150
Queens,70
Queens,48
Queens,150
Queens,65
Queens,45
Queens,150
Queens,50
Queens,50
Queens,175
Queens,350
Queens,99
Queens,150
Queens,115
Queens,70
Queens,79
Queens,35
Queens,55
Queens,125
Queens,55
Queens,60
Queens,120
Queens,35
Queens,75
Queens,500
Queens,70
Queens,289
Queens,90
Queens,52
Queens,80
Queens,65
Queens,50
Queens,50
Queens,138
Queens,58
Queens,100
Queens,200
Queens,60
Queens,60
Queens,89
Queens,42
Queens,140
Queens,52
Queens,75
Queens,100
Queens,100
Queens,450
Queens,130
Queens,90
Queens,55
Queens,87
Queens,195
Queens,250
Queens,100
Queens,70
Queens,75
Queens,75
Queens,37
Queens,52
Queens,80
Queens,135
Queens,46
Queens,50
Queens,100
Queens,75
Queens,132
Queens,40
Queens,140
Queens,59
Queens,80
Queens,75
Queens,170
Queens,100
Queens,85
Queens,125
Queens,175
Queens,199
Queens,120
Queens,78
Queens,150
Queens,50
Queens,139
Queens,95
Queens,104
Queens,65
Queens,75
Queens,99
Queens,109
Queens,89
Queens,130
Queens,199
Queens,52
Queens,75
Queens,51
Queens,55
Queens,80
Queens,110
Queens,55
Queens,70
Queens,100
Queens,37
Queens,50
Queens,69
Queens,50
Queens,70
Queens,37
Queens,120
Queens,85
Queens,40
Queens,59
Queens,77
Queens,57
Queens,55
Queens,45
Queens,90
Queens,75
Queens,75
Queens,60
Queens,42
Queens,125
Queens,50
Queens,50
Queens,135
Queens,100
Queens,65
Queens,187
Queens,85
Queens,40
Queens,72
Queens,32
Queens,115
Queens,75
Queens,45
Queens,42
Queens,45
Queens,55
Queens,50
Queens,100
Queens,170
Queens,150
Queens,125
Queens,99
Queens,84
Queens,70
Queens,45
Queens,75
Queens,55
Queens,55
Queens,48
Queens,50
Queens,60
Queens,65
Queens,55
Queens,42
Queens,100
Queens,180
Queens,90
Queens,50
Queens,34
Queens,50
Queens,79
Queens,74
Queens,47
Queens,140
Queens,75
Queens,50
Queens,70
Queens,125
Queens,120
Queens,39
Queens,20
Queens,70
Queens,88
Queens,80
Queens,58
Queens,77
Queens,70
Queens,180
Queens,144
Queens,89
Queens,99
Queens,65
Queens,200
Queens,49
Queens,155
Queens,500
Queens,65
Queens,125
Queens,60
Queens,114
Queens,68
Queens,60
Queens,115
Queens,149
Queens,70
Queens,280
Queens,100
Queens,150
Queens,60
Queens,103
Queens,109
Queens,37
Queens,150
Queens,55
Queens,100
Queens,89
Queens,100
Queens,85
Queens,130
Queens,100
Queens,75
Queens,89
Queens,60
Queens,43
Queens,120
Queens,59
Queens,239
Queens,49
Queens,68
Queens,85
Queens,45
Queens,35
Queens,105
Queens,40
Queens,200
Queens,99
Queens,100
Queens,65
Queens,100
Queens,65
Queens,90
Queens,125
Queens,225
Queens,100
Queens,30
Queens,123
Queens,39
Queens,65
Queens,88
Queens,150
Queens,66
Queens,90
Queens,65
Queens,70
Queens,200
Queens,250
Queens,375
Queens,59
Queens,25
Queens,60
Queens,55
Queens,189
Queens,250
Queens,36
Queens,99
Queens,55
Queens,26
Queens,95
Queens,70
Queens,88
Queens,105
Queens,700
Queens,55
Queens,50
Queens,49
Queens,70
Queens,155
Queens,90
Queens,35
Queens,179
Queens,139
Queens,47
Queens,69
Queens,65
Queens,45
Queens,46
Queens,37
Queens,46
Queens,135
Queens,80
Queens,48
Queens,45
Queens,125
Queens,79
Queens,55
Queens,90
Queens,62
Queens,85
Queens,60
Queens,45
Queens,69
Queens,204
Queens,100
Queens,60
Queens,275
Queens,100
Queens,66
Queens,180
Queens,38
Queens,80
Queens,40
Queens,50
Queens,50
Queens,30
Queens,50
Queens,65
Queens,60
Queens,125
Queens,60
Queens,115
Queens,49
Queens,195
Queens,34
Queens,100
Queens,45
Queens,59
Queens,50
Queens,55
Queens,130
Queens,22
Queens,65
Queens,35
Queens,200
Queens,60
Queens,75
Queens,90
Queens,40
Queens,50
Queens,145
Queens,89
Queens,30
Queens,71
Queens,97
Queens,140
Queens,175
Queens,90
Queens,33
Queens,70
Queens,60
Queens,115
Queens,27
Queens,55
Queens,100
Queens,50
Queens,99
Queens,84
Queens,129
Queens,50
Queens,40
Queens,37
Queens,1800
Queens,70
Queens,60
Queens,112
Queens,100
Queens,65
Queens,118
Queens,120
Queens,110
Queens,90
Queens,40
Queens,100
Queens,120
Queens,40
Queens,87
Queens,50
Queens,90
Queens,158
Queens,45
Queens,40
Queens,150
Queens,60
Queens,90
Queens,65
Queens,45
Queens,90
Queens,120
Queens,100
Queens,55
Queens,190
Queens,750
Queens,85
Queens,30
Queens,120
Queens,45
Queens,95
Queens,62
Queens,95
Queens,59
Queens,50
Queens,65
Queens,43
Queens,86
Queens,80
Queens,95
Queens,110
Queens,50
Queens,45
Queens,35
Queens,95
Queens,180
Queens,78
Queens,34
Queens,150
Queens,43
Queens,70
Queens,73
Queens,219
Queens,52
Queens,79
Queens,165
Queens,59
Queens,225
Queens,40
Queens,500
Queens,175
Queens,80
Queens,299
Queens,350
Queens,95
Queens,120
Queens,750
Queens,88
Queens,60
Queens,110
Queens,225
Queens,165
Queens,96
Queens,125
Queens,120
Queens,50
Queens,169
Queens,66
Queens,40
Queens,57
Queens,40
Queens,59
Queens,75
Queens,215
Queens,120
Queens,70
Queens,47
Queens,65
Queens,60
Queens,70
Queens,65
Queens,100
Queens,70
Queens,48
Queens,99
Queens,86
Queens,125
Queens,55
Queens,60
Queens,67
Queens,25
Queens,175
Queens,65
Queens,215
Queens,119
Queens,80
Queens,58
Queens,60
Queens,40
Queens,40
Queens,50
Queens,65
Queens,250
Queens,135
Queens,190
Queens,60
Queens,79
Queens,289
Queens,85
Queens,49
Queens,120
Queens,125
Queens,75
Queens,260
Queens,60
Queens,130
Queens,30
Queens,68
Queens,135
Queens,40
Queens,125
Queens,80
Queens,60
Queens,33
Queens,400
Queens,40
Queens,75
Queens,50
Queens,200
Queens,60
Queens,100
Queens,80
Queens,58
Queens,58
Queens,60
Queens,43
Queens,50
Queens,42
Queens,45
Queens,40
Queens,63
Queens,100
Queens,87
Queens,75
Queens,100
Queens,170
Queens,45
Queens,36
Queens,65
Queens,120
Queens,110
Queens,119
Queens,89
Queens,52
Queens,71
Queens,195
Queens,110
Queens,70
Queens,99
Queens,49
Queens,130
Queens,40
Queens,151
Queens,100
Queens,195
Queens,71
Queens,120
Queens,125
Queens,50
Queens,38
Queens,80
Queens,509
Queens,35
Queens,92
Queens,95
Queens,75
Queens,99
Queens,95
Queens,75
Queens,50
Queens,69
Queens,160
Queens,65
Queens,95
Queens,47
Queens,60
Queens,45
Queens,125
Queens,45
Queens,300
Queens,35
Queens,78
Queens,40
Queens,99
Queens,100
Queens,125
Queens,80
Queens,200
Queens,50
Queens,48
Queens,125
Queens,40
Queens,99
Queens,29
Queens,90
Queens,74
Queens,45
Queens,110
Queens,120
Queens,38
Queens,65
Queens,100
Queens,178
Queens,70
Queens,255
Queens,125
Queens,150
Queens,80
Queens,40
Queens,110
Queens,75
Queens,65
Queens,70
Queens,65
Queens,98
Queens,100
Queens,74
Queens,79
Queens,125
Queens,174
Queens,150
Queens,40
Queens,100
Queens,119
Queens,101
Queens,40
Queens,80
Queens,125
Queens,60
Queens,40
Queens,70
Queens,90
Queens,200
Queens,40
Queens,205
Queens,90
Queens,27
Queens,25
Queens,59
Queens,48
Queens,65
Queens,40
Queens,125
Queens,350
Queens,40
Queens,61
Queens,69
Queens,60
Queens,50
Queens,30
Queens,35
Queens,55
Queens,50
Queens,40
Queens,60
Queens,40
Queens,125
Queens,75
Queens,150
Queens,30
Queens,75
Queens,85
Queens,70
Queens,101
Queens,35
Queens,40
Queens,55
Queens,200
Queens,50
Queens,73
Queens,90
Queens,90
Queens,30
Queens,110
Queens,99
Queens,87
Queens,125
Queens,30
Queens,150
Queens,38
Queens,85
Queens,159
Queens,115
Queens,75
Queens,200
Queens,32
Queens,37
Queens,55
Queens,70
Queens,90
Queens,100
Queens,75
Queens,70
Queens,55
Queens,90
Queens,99
Queens,125
Queens,60
Queens,55
Queens,2350
Queens,61
Queens,38
Queens,50
Queens,135
Queens,85
Queens,199
Queens,120
Queens,88
Queens,100
Queens,150
Queens,65
Queens,70
Queens,85
Queens,69
Queens,70
Queens,69
Queens,150
Queens,90
Queens,100
Queens,105
Queens,450
Queens,60
Queens,48
Queens,65
Queens,32
Queens,23
Queens,71
Queens,85
Queens,79
Queens,72
Queens,60
Queens,55
Queens,90
Queens,150
Queens,115
Queens,75
Queens,60
Queens,120
Queens,75
Queens,35
Queens,75
Queens,96
Queens,70
Queens,125
Queens,49
Queens,75
Queens,100
Queens,76
Queens,115
Queens,150
Queens,65
Queens,59
Queens,79
Queens,135
Queens,120
Queens,144
Queens,145
Queens,88
Queens,122
Queens,34
Queens,63
Queens,99
Queens,60
Queens,55
Queens,200
Queens,110
Queens,35
Queens,130
Queens,77
Queens,58
Queens,80
Queens,199
Queens,40
Queens,165
Queens,75
Queens,27
Queens,105
Queens,55
Queens,100
Queens,45
Queens,60
Queens,300
Queens,65
Queens,74
Queens,185
Queens,75
Queens,45
Queens,30
Queens,40
Queens,100
Queens,60
Queens,109
Queens,98
Queens,125
Queens,44
Queens,55
Queens,30
Queens,60
Queens,50
Queens,75
Queens,150
Queens,200
Queens,117
Queens,49
Queens,67
Queens,50
Queens,249
Queens,50
Queens,66
Queens,400
Queens,95
Queens,105
Queens,47
Queens,60
Queens,27
Queens,42
Queens,100
Queens,140
Queens,76
Queens,150
Queens,50
Queens,40
Queens,50
Queens,50
Queens,150
Queens,200
Queens,99
Queens,105
Queens,125
Queens,180
Queens,65
Queens,500
Queens,85
Queens,53
Queens,52
Queens,75
Queens,61
Queens,60
Queens,70
Queens,65
Queens,45
Queens,60
Queens,68
Queens,55
Queens,45
Queens,50
Queens,54
Queens,70
Queens,40
Queens,40
Queens,43
Queens,65
Queens,90
Queens,155
Queens,79
Queens,65
Queens,239
Queens,75
Queens,115
Queens,70
Queens,90
Queens,46
Queens,48
Queens,59
Queens,85
Queens,80
Queens,76
Queens,85
Queens,43
Queens,65
Queens,75
Queens,49
Queens,110
Queens,75
Queens,49
Queens,60
Queens,50
Queens,105
Queens,55
Queens,105
Queens,399
Queens,85
Queens,70
Queens,47
Queens,150
Queens,149
Queens,129
Queens,99
Queens,70
Queens,90
Queens,95
Queens,94
Queens,29
Queens,80
Queens,37
Queens,30
Queens,122
Queens,99
Queens,33
Queens,39
Queens,125
Queens,78
Queens,72
Queens,108
Queens,108
Queens,80
Queens,125
Queens,51
Queens,87
Queens,75
Queens,35
Queens,55
Queens,79
Queens,63
Queens,159
Queens,60
Queens,47
Queens,55
Queens,65
Queens,50
Queens,49
Queens,95
Queens,56
Queens,65
Queens,96
Queens,55
Queens,40
Queens,320
Queens,149
Queens,55
Queens,55
Queens,75
Queens,115
Queens,139
Queens,60
Queens,50
Queens,70
Queens,40
Queens,65
Queens,45
Queens,105
Queens,20
Queens,110
Queens,85
Queens,40
Queens,99
Queens,55
Queens,159
Queens,100
Queens,88
Queens,120
Queens,143
Queens,70
Queens,40
Queens,75
Queens,105
Queens,105
Queens,100
Queens,120
Queens,45
Queens,75
Queens,74
Queens,59
Queens,56
Queens,65
Queens,120
Queens,100
Queens,52
Queens,95
Queens,76
Queens,110
Queens,75
Queens,70
Queens,53
Queens,105
Queens,95
Queens,101
Queens,99
Queens,86
Queens,44
Queens,69
Queens,100
Queens,37
Queens,48
Queens,85
Queens,125
Queens,135
Queens,30
Queens,60
Queens,95
Queens,94
Queens,40
Queens,150
Queens,38
Queens,85
Queens,70
Queens,125
Queens,120
Queens,50
Queens,109
Queens,165
Queens,30
Queens,75
Queens,30
Queens,60
Queens,250
Queens,85
Queens,239
Queens,87
Queens,69
Queens,200
Queens,110
Queens,95
Queens,99
Queens,53
Queens,150
Queens,120
Queens,40
Queens,48
Queens,60
Queens,60
Queens,65
Queens,33
Queens,45
Queens,45
Queens,99
Queens,33
Queens,40
Queens,65
Queens,50
Queens,30
Queens,48
Queens,119
Queens,60
Queens,225
Queens,79
Queens,35
Queens,45
Queens,50
Queens,95
Queens,75
Queens,80
Queens,89
Queens,100
Queens,70
Queens,115
Queens,85
Queens,55
Queens,50
Queens,40
Queens,110
Queens,57
Queens,100
Queens,40
Queens,100
Queens,55
Queens,100
Queens,55
Queens,50
Queens,40
Queens,81
Queens,225
Queens,120
Queens,80
Queens,55
Queens,40
Queens,72
Queens,65
Queens,100
Queens,100
Queens,73
Queens,69
Queens,89
Queens,70
Queens,35
Queens,125
Queens,184
Queens,90
Queens,34
Queens,79
Queens,99
Queens,300
Queens,33
Queens,60
Queens,65
Queens,120
Queens,53
Queens,85
Queens,32
Queens,47
Queens,88
Queens,175
Queens,106
Queens,175
Queens,90
Queens,400
Queens,44
Queens,55
Queens,60
Queens,100
Queens,80
Queens,45
Queens,30
Queens,47
Queens,175
Queens,40
Queens,65
Queens,34
Queens,40
Queens,30
Queens,85
Queens,127
Queens,50
Queens,75
Queens,95
Queens,47
Queens,70
Queens,145
Queens,75
Queens,125
Queens,60
Queens,90
Queens,100
Queens,30
Queens,64
Queens,55
Queens,100
Queens,100
Queens,48
Queens,80
Queens,96
Queens,50
Queens,60
Queens,40
Queens,275
Queens,95
Queens,50
Queens,69
Queens,150
Queens,90
Queens,70
Queens,50
Queens,180
Queens,99
Queens,69
Queens,35
Queens,35
Queens,249
Queens,40
Queens,47
Queens,35
Queens,50
Queens,45
Queens,49
Queens,110
Queens,169
Queens,100
Queens,30
Queens,109
Queens,77
Queens,55
Queens,31
Queens,149
Queens,75
Queens,130
Queens,31
Queens,75
Queens,65
Queens,110
Queens,55
Queens,65
Queens,65
Queens,39
Queens,45
Queens,80
Queens,75
Queens,110
Queens,110
Queens,45
Queens,125
Queens,55
Queens,65
Queens,75
Queens,100
Queens,55
Queens,50
Queens,75
Queens,45
Queens,80
Queens,200
Queens,58
Queens,58
Queens,58
Queens,50
Queens,51
Queens,60
Queens,49
Queens,22
Queens,65
Queens,35
Queens,55
Queens,60
Queens,38
Queens,50
Queens,60
Queens,229
Queens,55
Queens,65
Queens,120
Queens,65
Queens,80
Queens,71
Queens,53
Queens,51
Queens,64
Queens,53
Queens,50
Queens,30
Queens,47
Queens,89
Queens,145
Queens,65
Queens,100
Queens,90
Queens,45
Queens,70
Queens,225
Queens,69
Queens,35
Queens,108
Queens,70
Queens,69
Queens,85
Queens,45
Queens,40
Queens,70
Queens,78
Queens,57
Queens,75
Queens,100
Queens,50
Queens,69
Queens,250
Queens,69
Queens,95
Queens,95
Queens,35
Queens,50
Queens,81
Queens,125
Queens,100
Queens,49
Queens,47
Queens,56
Queens,150
Queens,99
Queens,48
Queens,1000
Queens,100
Queens,150
Queens,115
Queens,80
Queens,379
Queens,65
Queens,60
Queens,75
Queens,95
Queens,99
Queens,35
Queens,45
Queens,50
Queens,50
Queens,40
Queens,55
Queens,70
Queens,50
Queens,72
Queens,79
Queens,100
Queens,45
Queens,50
Queens,48
Queens,100
Queens,180
Queens,99
Queens,197
Queens,99
Queens,199
Queens,59
Queens,49
Queens,110
Queens,47
Queens,70
Queens,135
Queens,10
Queens,400
Queens,60
Queens,50
Queens,45
Queens,199
Queens,120
Queens,38
Queens,78
Queens,99
Queens,278
Queens,545
Queens,36
Queens,30
Queens,100
Queens,63
Queens,90
Queens,62
Queens,80
Queens,69
Queens,44
Queens,60
Queens,150
Queens,55
Queens,150
Queens,49
Queens,39
Queens,69
Queens,88
Queens,238
Queens,100
Queens,100
Queens,70
Queens,183
Queens,250
Queens,80
Queens,54
Queens,50
Queens,50
Queens,99
Queens,125
Queens,85
Queens,60
Queens,60
Queens,60
Queens,50
Queens,40
Queens,37
Queens,60
Queens,259
Queens,98
Queens,55
Queens,66
Queens,100
Queens,75
Queens,104
Queens,59
Queens,175
Queens,1500
Queens,35
Queens,74
Queens,71
Queens,195
Queens,38
Queens,50
Queens,46
Queens,165
Queens,250
Queens,60
Queens,55
Queens,99
Queens,65
Queens,100
Queens,110
Queens,38
Queens,60
Queens,115
Queens,55
Queens,61
Queens,1000
Queens,50
Queens,39
Queens,104
Queens,40
Queens,49
Queens,74
Queens,50
Queens,70
Queens,90
Queens,86
Queens,30
Queens,40
Queens,40
Queens,30
Queens,59
Queens,55
Queens,120
Queens,60
Queens,159
Queens,80
Queens,239
Queens,200
Queens,55
Queens,27
Queens,26
Queens,85
Queens,69
Queens,45
Queens,70
Queens,70
Queens,80
Queens,100
Queens,100
Queens,100
Queens,199
Queens,69
Queens,116
Queens,40
Queens,130
Queens,1500
Queens,85
Queens,90
Queens,274
Queens,165
Queens,150
Queens,57
Queens,85
Queens,115
Queens,50
Queens,120
Queens,40
Queens,70
Queens,60
Queens,70
Queens,44
Queens,80
Queens,80
Queens,75
Queens,120
Queens,70
Queens,45
Queens,88
Queens,49
Queens,150
Queens,59
Queens,166
Queens,40
Queens,135
Queens,120
Queens,79
Queens,250
Queens,93
Queens,85
Queens,278
Queens,75
Queens,99
Queens,99
Queens,60
Queens,60
Queens,85
Queens,65
Queens,248
Queens,900
Queens,119
Queens,60
Queens,275
Queens,100
Queens,93
Queens,150
Queens,49
Queens,100
Queens,54
Queens,75
Queens,40
Queens,138
Queens,110
Queens,298
Queens,150
Queens,398
Queens,155
Queens,150
Queens,60
Queens,99
Queens,150
Queens,150
Queens,188
Queens,140
Queens,105
Queens,75
Queens,125
Queens,60
Queens,60
Queens,45
Queens,142
Queens,125
Queens,70
Queens,150
Queens,95
Queens,62
Queens,110
Queens,45
Queens,140
Queens,150
Queens,48
Queens,60
Queens,108
Queens,30
Queens,135
Queens,48
Queens,137
Queens,33
Queens,139
Queens,60
Queens,135
Queens,63
Queens,60
Queens,170
Queens,180
Queens,140
Queens,89
Queens,50
Queens,70
Queens,50
Queens,37
Queens,48
Queens,120
Queens,110
Queens,95
Queens,200
Queens,48
Queens,45
Queens,180
Queens,39
Queens,85
Queens,45
Queens,150
Queens,165
Queens,30
Queens,40
Queens,69
Queens,65
Queens,59
Queens,55
Queens,60
Queens,80
Queens,60
Queens,105
Queens,65
Queens,45
Queens,200
Queens,135
Queens,80
Queens,75
Queens,84
Queens,140
Queens,57
Queens,39
Queens,150
Queens,90
Queens,37
Queens,275
Queens,56
Queens,268
Queens,69
Queens,61
Queens,80
Queens,115
Queens,110
Queens,120
Queens,110
Queens,80
Queens,45
Queens,40
Queens,50
Queens,60
Queens,60
Queens,120
Queens,89
Queens,49
Queens,130
Queens,75
Queens,40
Queens,40
Queens,50
Queens,60
Queens,150
Queens,115
Queens,100
Queens,40
Queens,49
Queens,80
Queens,50
Queens,78
Queens,43
Queens,199
Queens,55
Queens,63
Queens,60
Queens,40
Queens,75
Queens,98
Queens,125
Queens,39
Queens,65
Queens,60
Queens,50
Queens,50
Queens,70
Queens,78
Queens,70
Queens,89
Queens,62
Queens,118
Queens,45
Queens,99
Queens,120
Queens,85
Queens,45
Queens,35
Queens,105
Queens,160
Queens,120
Queens,160
Queens,55
Queens,42
Queens,75
Queens,112
Queens,100
Queens,84
Queens,62
Queens,62
Queens,115
Queens,80
Queens,65
Queens,45
Queens,110
Queens,51
Queens,30
Queens,120
Queens,80
Queens,53
Queens,600
Queens,35
Queens,295
Queens,45
Queens,45
Queens,60
Queens,85
Queens,100
Queens,60
Queens,60
Queens,60
Queens,60
Queens,65
Queens,106
Queens,50
Queens,39
Queens,99
Queens,220
Queens,250
Queens,80
Queens,99
Queens,35
Queens,150
Queens,44
Queens,38
Queens,60
Queens,250
Queens,62
Queens,90
Queens,90
Queens,54
Queens,50
Queens,140
Queens,125
Queens,198
Queens,35
Queens,50
Queens,80
Queens,60
Queens,125
Queens,49
Queens,55
Queens,79
Queens,150
Queens,49
Queens,45
Queens,42
Queens,120
Queens,55
Queens,75
Queens,170
Queens,45
Queens,60
Queens,246
Queens,60
Queens,40
Queens,93
Queens,99
Queens,55
Queens,45
Queens,58
Queens,80
Queens,100
Queens,55
Queens,49
Queens,69
Queens,95
Queens,23
Queens,179
Queens,111
Queens,58
Queens,95
Queens,125
Queens,45
Queens,55
Queens,101
Queens,150
Queens,45
Queens,60
Queens,47
Queens,55
Queens,78
Queens,60
Queens,35
Queens,55
Queens,85
Queens,70
Queens,113
Queens,60
Queens,50
Queens,60
Queens,47
Queens,99
Queens,450
Queens,45
Queens,55
Queens,89
Queens,70
Queens,90
Queens,99
Queens,150
Queens,85
Queens,99
Queens,36
Queens,55
Queens,75
Queens,41
Queens,59
Queens,32
Queens,55
Queens,88
Queens,125
Queens,100
Queens,50
Queens,130
Queens,45
Queens,76
Queens,33
Queens,38
Queens,200
Queens,90
Queens,100
Queens,55
Queens,55
Queens,58
Queens,60
Queens,49
Queens,45
Queens,100
Queens,45
Queens,50
Queens,110
Queens,45
Queens,180
Queens,70
Queens,85
Queens,100
Queens,150
Queens,43
Queens,148
Queens,43
Queens,175
Queens,100
Queens,65
Queens,47
Queens,55
Queens,95
Queens,60
Queens,58
Queens,150
Queens,35
Queens,200
Queens,43
Queens,95
Queens,185
Queens,110
Queens,86
Queens,55
Queens,50
Queens,35
Queens,90
Queens,90
Queens,60
Queens,48
Queens,45
Queens,135
Queens,95
Queens,135
Queens,135
Queens,125
Queens,85
Queens,80
Queens,135
Queens,75
Queens,89
Queens,100
Queens,55
Queens,40
Queens,50
Queens,43
Queens,40
Queens,255
Queens,35
Queens,68
Queens,40
Queens,298
Queens,180
Queens,130
Queens,50
Queens,130
Queens,120
Queens,65
Queens,50
Queens,135
Queens,135
Queens,135
Queens,135
Queens,135
Queens,135
Queens,165
Queens,165
Queens,165
Queens,165
Queens,165
Queens,135
Queens,135
Queens,50
Queens,40
Queens,115
Queens,70
Queens,55
Queens,250
Queens,40
Queens,37
Queens,48
Queens,80
Queens,130
Queens,30
Queens,200
Queens,120
Queens,100
Queens,80
Queens,83
Queens,67
Queens,96
Queens,35
Queens,45
Queens,60
Queens,125
Queens,48
Queens,250
Queens,250
Queens,65
Queens,110
Queens,35
Queens,90
Queens,85
Queens,45
Queens,65
Queens,40
Queens,40
Queens,98
Queens,90
Queens,40
Queens,100
Queens,70
Queens,110
Queens,70
Queens,48
Queens,40
Queens,85
Queens,140
Queens,55
Queens,108
Queens,300
Queens,85
Queens,125
Queens,71
Queens,123
Queens,95
Queens,90
Queens,58
Queens,80
Queens,150
Queens,65
Queens,69
Queens,90
Queens,65
Queens,50
Queens,55
Queens,65
Queens,60
Queens,48
Queens,60
Queens,55
Queens,85
Queens,47
Queens,40
Queens,40
Queens,75
Queens,128
Queens,40
Queens,125
Queens,150
Queens,60
Queens,99
Queens,58
Queens,55
Queens,47
Queens,67
Queens,55
Queens,60
Queens,45
Queens,82
Queens,43
Queens,100
Queens,50
Queens,78
Queens,70
Queens,245
Queens,95
Queens,49
Queens,70
Queens,52
Queens,65
Queens,31
Queens,83
Queens,100
Queens,170
Queens,50
Queens,75
Queens,99
Queens,21
Queens,50
Queens,228
Queens,48
Queens,80
Queens,55
Queens,90
Queens,95
Queens,55
Queens,95
Queens,245
Queens,45
Queens,60
Queens,200
Queens,68
Queens,95
Queens,40
Queens,40
Queens,35
Queens,50
Queens,143
Queens,99
Queens,92
Queens,100
Queens,45
Queens,35
Queens,50
Queens,38
Queens,100
Queens,120
Queens,30
Queens,600
Queens,125
Queens,75
Queens,75
Queens,65
Queens,51
Queens,45
Queens,140
Queens,250
Queens,150
Queens,66
Queens,50
Queens,460
Queens,65
Queens,100
Queens,113
Queens,50
Queens,90
Queens,58
Queens,88
Queens,57
Queens,120
Queens,53
Queens,250
Queens,80
Queens,95
Queens,98
Queens,120
Queens,41
Queens,31
Queens,90
Queens,59
Queens,120
Queens,45
Queens,100
Queens,55
Queens,425
Queens,112
Queens,50
Queens,55
Queens,29
Queens,45
Queens,125
Queens,70
Queens,83
Queens,39
Queens,27
Queens,280
Queens,41
Queens,110
Queens,50
Queens,100
Queens,135
Queens,80
Queens,59
Queens,50
Queens,150
Queens,31
Queens,70
Queens,135
Queens,25
Queens,359
Queens,40
Queens,59
Queens,125
Queens,50
Queens,150
Queens,19
Queens,85
Queens,35
Queens,38
Queens,50
Queens,90
Queens,33
Queens,81
Queens,138
Queens,150
Queens,80
Queens,71
Queens,83
Queens,50
Queens,79
Queens,75
Queens,60
Queens,120
Queens,160
Queens,110
Queens,100
Queens,125
Queens,50
Queens,100
Queens,49
Queens,105
Queens,45
Queens,45
Queens,475
Queens,80
Queens,59
Queens,50
Queens,50
Queens,95
Queens,135
Queens,79
Queens,27
Queens,75
Queens,60
Queens,57
Queens,50
Queens,50
Queens,36
Queens,68
Queens,76
Queens,40
Queens,150
Queens,50
Queens,37
Queens,40
Queens,99
Queens,130
Queens,175
Queens,60
Queens,60
Queens,38
Queens,110
Queens,70
Queens,200
Queens,40
Queens,59
Queens,80
Queens,30
Queens,44
Queens,75
Queens,120
Queens,50
Queens,85
Queens,30
Queens,38
Queens,35
Queens,300
Queens,69
Queens,80
Queens,30
Queens,60
Queens,78
Queens,95
Queens,45
Queens,65
Queens,55
Queens,45
Queens,60
Queens,25
Queens,25
Queens,30
Queens,45
Queens,50
Queens,200
Queens,150
Queens,200
Queens,40
Queens,60
Queens,54
Queens,25
Queens,80
Queens,60
Queens,120
Queens,23
Queens,50
Queens,130
Queens,228
Queens,50
Queens,40
Queens,140
Queens,90
Queens,100
Queens,98
Queens,60
Queens,175
Queens,70
Queens,50
Queens,44
Queens,32
Queens,59
Queens,78
Queens,37
Queens,50
Queens,199
Queens,72
Queens,195
Queens,38
Queens,45
Queens,89
Queens,47
Queens,150
Queens,50
Queens,25
Queens,175
Queens,200
Queens,55
Queens,140
Queens,100
Queens,65
Queens,35
Queens,118
Queens,125
Queens,70
Queens,50
Queens,50
Queens,45
Queens,35
Queens,80
Queens,68
Queens,100
Queens,31
Queens,75
Queens,49
Queens,83
Queens,76
Queens,289
Queens,65
Queens,90
Queens,257
Queens,60
Queens,49
Queens,75
Queens,106
Queens,100
Queens,120
Queens,59
Queens,63
Queens,69
Queens,80
Queens,50
Queens,1250
Queens,40
Queens,44
Queens,60
Queens,46
Queens,80
Queens,100
Queens,60
Queens,60
Queens,30
Queens,85
Queens,55
Queens,109
Queens,199
Queens,70
Queens,34
Queens,60
Queens,93
Queens,49
Queens,65
Queens,120
Queens,30
Queens,30
Queens,30
Queens,85
Queens,46
Queens,120
Queens,125
Queens,36
Queens,90
Queens,46
Queens,100
Queens,80
Queens,100
Queens,60
Queens,60
Queens,75
Queens,60
Queens,60
Queens,46
Queens,47
Queens,135
Queens,51
Queens,39
Queens,37
Queens,37
Queens,37
Queens,75
Queens,150
Queens,89
Queens,49
Queens,135
Queens,60
Queens,30
Queens,50
Queens,40
Queens,65
Queens,95
Queens,278
Queens,65
Queens,65
Queens,135
Queens,120
Queens,200
Queens,190
Queens,55
Queens,120
Queens,70
Queens,40
Queens,35
Queens,70
Queens,200
Queens,45
Queens,113
Queens,60
Queens,72
Queens,55
Queens,45
Queens,100
Queens,100
Queens,60
Queens,100
Queens,325
Queens,75
Queens,75
Queens,50
Queens,150
Queens,100
Queens,89
Queens,175
Queens,149
Queens,149
Queens,70
Queens,100
Queens,100
Queens,85
Queens,195
Queens,105
Queens,60
Queens,65
Queens,110
Queens,125
Queens,50
Queens,50
Queens,50
Queens,45
Queens,60
Queens,50
Queens,60
Queens,65
Queens,231
Queens,50
Queens,40
Queens,50
Queens,49
Queens,75
Queens,38
Queens,38
Queens,28
Queens,37
Queens,48
Queens,40
Queens,35
Queens,50
Queens,325
Queens,230
Queens,188
Queens,60
Queens,100
Queens,60
Queens,99
Queens,159
Queens,42
Queens,150
Queens,103
Queens,50
Queens,41
Queens,69
Queens,60
Queens,190
Queens,45
Queens,69
Queens,55
Queens,150
Queens,135
Queens,55
Queens,49
Queens,58
Queens,280
Queens,21
Queens,60
Queens,70
Queens,50
Queens,425
Queens,45
Queens,65
Queens,175
Queens,95
Queens,95
Queens,120
Queens,90
Queens,288
Queens,150
Queens,180
Queens,79
Queens,75
Queens,39
Queens,50
Queens,450
Queens,300
Queens,46
Queens,100
Queens,200
Queens,50
Queens,138
Queens,42
Queens,74
Queens,179
Queens,100
Queens,50
Queens,75
Queens,69
Queens,80
Queens,80
Queens,60
Queens,90
Queens,90
Queens,110
Queens,60
Queens,69
Queens,89
Queens,75
Queens,99
Queens,79
Queens,78
Queens,50
Queens,60
Queens,85
Queens,40
Queens,200
Queens,55
Queens,80
Queens,275
Queens,45
Queens,70
Queens,60
Queens,52
Queens,100
Queens,115
Queens,89
Queens,35
Queens,55
Queens,200
Queens,128
Queens,60
Queens,59
Queens,38
Queens,80
Queens,200
Queens,42
Queens,46
Queens,150
Queens,59
Queens,86
Queens,85
Queens,50
Queens,50
Queens,109
Queens,55
Queens,40
Queens,60
Queens,140
Queens,59
Queens,125
Queens,104
Queens,30
Queens,60
Queens,48
Queens,149
Queens,95
Queens,450
Queens,120
Queens,49
Queens,80
Queens,100
Queens,70
Queens,60
Queens,60
Queens,50
Queens,250
Queens,50
Queens,49
Queens,120
Queens,60
Queens,60
Queens,55
Queens,200
Queens,110
Queens,115
Queens,150
Queens,80
Queens,140
Queens,75
Queens,50
Queens,40
Queens,101
Queens,350
Queens,90
Queens,125
Queens,50
Queens,50
Queens,169
Queens,75
Queens,99
Queens,80
Queens,55
Queens,40
Queens,42
Queens,55
Queens,54
Queens,100
Queens,48
Queens,93
Queens,89
Queens,105
Queens,80
Queens,85
Queens,65
Queens,100
Queens,50
Queens,49
Queens,450
Queens,89
Queens,49
Queens,50
Queens,118
Queens,190
Queens,86
Queens,169
Queens,69
Queens,85
Queens,45
Queens,110
Queens,75
Queens,200
Queens,38
Queens,175
Queens,125
Queens,70
Queens,100
Queens,80
Queens,40
Queens,156
Queens,100
Queens,100
Queens,65
Queens,132
Queens,150
Queens,60
Queens,65
Queens,92
Queens,60
Queens,110
Queens,96
Queens,80
Queens,90
Queens,80
Queens,50
Queens,70
Queens,43
Queens,50
Queens,54
Queens,55
Queens,200
Queens,50
Queens,100
Queens,60
Queens,325
Queens,189
Queens,100
Queens,88
Queens,50
Queens,65
Queens,40
Queens,90
Queens,85
Queens,110
Queens,25
Queens,60
Queens,80
Queens,400
Queens,60
Queens,60
Queens,99
Queens,149
Queens,50
Queens,65
Queens,89
Queens,89
Queens,65
Queens,250
Queens,38
Queens,50
Queens,26
Queens,60
Queens,51
Queens,60
Queens,85
Queens,42
Queens,80
Queens,85
Queens,105
Queens,340
Queens,70
Queens,125
Queens,75
Queens,325
Queens,37
Queens,50
Queens,129
Queens,60
Queens,59
Queens,95
Queens,83
Queens,37
Queens,140
Queens,75
Queens,40
Queens,45
Queens,66
Queens,60
Queens,175
Queens,120
Queens,60
Queens,249
Queens,100
Queens,70
Queens,45
Queens,99
Queens,52
Queens,156
Queens,73
Queens,59
Queens,230
Queens,42
Queens,275
Queens,70
Queens,99
Queens,160
Queens,50
Queens,60
Queens,215
Queens,89
Queens,75
Queens,155
Queens,50
Queens,100
Queens,10
Queens,60
Queens,50
Queens,30
Queens,110
Queens,32
Queens,55
Queens,73
Queens,34
Queens,65
Queens,129
Queens,100
Queens,45
Queens,190
Queens,90
Queens,74
Queens,30
Queens,50
Queens,79
Queens,80
Queens,125
Queens,150
Queens,71
Queens,34
Queens,15
Queens,180
Queens,80
Queens,75
Queens,145
Queens,72
Queens,39
Queens,55
Queens,59
Queens,33
Queens,60
Queens,75
Queens,65
Queens,149
Queens,49
Queens,65
Queens,65
Queens,35
Queens,50
Queens,140
Queens,285
Queens,82
Queens,40
Queens,70
Queens,49
Queens,68
Queens,197
Queens,178
Queens,51
Queens,51
Queens,48
Queens,130
Queens,100
Queens,60
Queens,165
Queens,44
Queens,60
Queens,159
Queens,80
Queens,170
Queens,39
Queens,39
Queens,69
Queens,195
Queens,60
Queens,55
Queens,60
Queens,110
Queens,40
Queens,79
Queens,150
Queens,45
Queens,60
Queens,49
Queens,40
Queens,80
Queens,60
Queens,74
Queens,50
Queens,100
Queens,120
Queens,55
Queens,200
Queens,33
Queens,108
Queens,75
Queens,48
Queens,60
Queens,93
Queens,100
Queens,80
Queens,59
Queens,55
Queens,80
Queens,60
Queens,65
Queens,55
Queens,49
Queens,280
Queens,60
Queens,40
Queens,75
Queens,80
Queens,39
Queens,40
Queens,60
Queens,100
Queens,40
Queens,208
Queens,70
Queens,285
Queens,50
Queens,46
Queens,40
Queens,100
Queens,44
Queens,139
Queens,125
Queens,99
Queens,275
Queens,70
Queens,165
Queens,35
Queens,180
Queens,90
Queens,59
Queens,45
Queens,250
Queens,85
Queens,40
Queens,55
Queens,34
Queens,50
Queens,45
Queens,120
Queens,53
Queens,200
Queens,53
Queens,125
Queens,52
Queens,85
Queens,52
Queens,65
Queens,120
Queens,53
Queens,38
Queens,45
Queens,45
Queens,45
Queens,45
Queens,45
Queens,45
Queens,45
Queens,80
Queens,195
Queens,170
Queens,73
Queens,80
Queens,95
Queens,40
Queens,170
Queens,80
Queens,30
Queens,55
Queens,51
Queens,60
Queens,60
Queens,200
Queens,54
Queens,150
Queens,80
Queens,45
Queens,105
Queens,150
Queens,140
Queens,35
Queens,159
Queens,99
Queens,85
Queens,75
Queens,150
Queens,1000
Queens,120
Queens,53
Queens,100
Queens,100
Queens,77
Queens,62
Queens,90
Queens,38
Queens,196
Queens,46
Queens,39
Queens,30
Queens,89
Queens,115
Queens,70
Queens,50
Queens,50
Queens,89
Queens,125
Queens,55
Queens,170
Queens,89
Queens,63
Queens,51
Queens,149
Queens,450
Queens,89
Queens,200
Queens,275
Queens,86
Queens,65
Queens,59
Queens,79
Queens,60
Queens,75
Queens,120
Queens,125
Queens,80
Queens,150
Queens,130
Queens,120
Queens,60
Queens,125
Queens,250
Queens,229
Queens,75
Queens,85
Queens,85
Queens,54
Queens,55
Queens,33
Queens,60
Queens,58
Queens,57
Queens,65
Queens,185
Queens,120
Queens,175
Queens,200
Queens,60
Queens,89
Queens,170
Queens,89
Queens,53
Queens,300
Queens,11
Queens,75
Queens,55
Queens,40
Queens,125
Queens,70
Queens,35
Queens,150
Queens,80
Queens,61
Queens,125
Queens,130
Queens,130
Queens,51
Queens,170
Queens,36
Queens,40
Queens,77
Queens,100
Queens,83
Queens,64
Queens,64
Queens,39
Queens,55
Queens,38
Queens,55
Queens,107
Queens,399
Queens,70
Queens,40
Queens,38
Queens,80
Queens,69
Queens,95
Queens,30
Queens,39
Queens,38
Queens,30
Queens,31
Queens,499
Queens,118
Queens,195
Queens,115
Queens,115
Queens,129
Queens,160
Queens,38
Queens,65
Queens,110
Queens,101
Queens,72
Queens,75
Queens,165
Queens,80
Queens,80
Queens,34
Queens,29
Queens,105
Queens,45
Queens,220
Queens,58
Queens,60
Queens,10
Queens,120
Queens,85
Queens,89
Queens,120
Queens,55
Queens,55
Queens,86
Queens,55
Queens,65
Queens,200
Queens,65
Queens,60
Queens,100
Queens,75
Queens,100
Queens,140
Queens,95
Queens,190
Queens,43
Queens,156
Queens,185
Queens,50
Queens,90
Queens,30
Queens,63
Queens,42
Queens,83
Queens,150
Queens,179
Queens,56
Queens,95
Queens,120
Queens,55
Queens,261
Queens,250
Queens,75
Queens,60
Queens,40
Queens,65
Queens,90
Queens,50
Queens,66
Queens,78
Queens,268
Queens,268
Queens,75
Queens,50
Queens,600
Queens,70
Queens,125
Queens,70
Queens,100
Queens,55
Queens,49
Queens,55
Queens,60
Queens,50
Queens,83
Queens,125
Queens,180
Queens,180
Queens,200
Queens,99
Queens,80
Queens,150
Queens,134
Queens,134
Queens,65
Queens,280
Queens,40
Queens,50
Queens,65
Queens,150
Queens,100
Queens,110
Queens,60
Queens,100
Queens,50
Queens,225
Queens,45
Queens,33
Queens,80
Queens,160
Queens,45
Queens,170
Queens,65
Queens,65
Queens,100
Queens,95
Queens,50
Queens,150
Queens,69
Queens,57
Queens,45
Queens,70
Queens,75
Queens,120
Queens,90
Queens,64
Queens,300
Queens,55
Queens,120
Queens,38
Queens,75
Queens,65
Queens,65
Queens,44
Queens,41
Queens,65
Queens,65
Queens,260
Queens,52
Queens,50
Queens,166
Queens,39
Queens,45
Queens,100
Queens,47
Queens,150
Queens,65
Queens,55
Queens,49
Queens,65
Queens,150
Queens,35
Queens,38
Queens,65
Queens,175
Queens,35
Queens,54
Queens,175
Queens,25
Queens,26
Queens,63
Queens,70
Queens,35
Queens,45
Queens,70
Queens,225
Queens,75
Queens,60
Queens,51
Queens,70
Queens,55
Queens,69
Queens,45
Queens,41
Queens,95
Queens,95
Queens,53
Queens,100
Queens,55
Queens,95
Queens,37
Queens,50
Queens,100
Queens,50
Queens,200
Queens,55
Queens,80
Queens,25
Queens,40
Queens,72
Queens,115
Queens,75
Queens,45
Queens,80
Queens,68
Queens,60
Queens,119
Queens,109
Queens,46
Queens,31
Queens,75
Queens,95
Queens,41
Queens,55
Queens,88
Queens,78
Queens,58
Queens,51
Queens,32
Queens,35
Queens,29
Queens,65
Queens,50
Queens,120
Queens,35
Queens,69
Queens,40
Queens,60
Queens,100
Queens,119
Queens,90
Queens,149
Queens,64
Queens,65
Queens,150
Queens,39
Queens,46
Queens,100
Queens,48
Queens,48
Queens,35
Queens,80
Queens,128
Queens,45
Queens,350
Queens,105
Queens,40
Queens,70
Queens,500
Queens,55
Queens,90
Queens,68
Queens,150
Queens,42
Queens,100
Queens,70
Queens,60
Queens,53
Queens,60
Queens,60
Queens,31
Queens,99
Queens,79
Queens,40
Queens,49
Queens,49
Queens,120
Queens,59
Queens,99
Queens,50
Queens,96
Queens,87
Queens,32
Queens,165
Queens,55
Queens,45
Queens,149
Queens,50
Queens,49
Queens,35
Queens,150
Queens,59
Queens,150
Queens,49
Queens,50
Queens,90
Queens,65
Queens,90
Queens,100
Queens,150
Queens,200
Queens,90
Queens,50
Queens,199
Queens,105
Queens,44
Queens,130
Queens,89
Queens,30
Queens,49
Queens,65
Queens,188
Queens,155
Queens,150
Queens,65
Queens,41
Queens,65
Queens,40
Queens,65
Queens,75
Queens,76
Queens,200
Queens,110
Queens,49
Queens,179
Queens,90
Queens,95
Queens,45
Queens,299
Queens,65
Queens,185
Queens,69
Queens,74
Queens,47
Queens,75
Queens,86
Queens,39
Queens,170
Queens,20
Queens,44
Queens,150
Queens,50
Queens,90
Queens,75
Queens,159
Queens,99
Queens,349
Queens,70
Queens,100
Queens,130
Queens,90
Queens,73
Queens,38
Queens,29
Queens,70
Queens,65
Queens,120
Queens,64
Queens,100
Queens,60
Queens,90
Queens,155
Queens,31
Queens,42
Queens,30
Queens,60
Queens,80
Queens,75
Queens,298
Queens,180
Queens,180
Queens,180
Queens,115
Queens,70
Queens,66
Queens,68
Queens,200
Queens,60
Queens,50
Queens,34
Queens,59
Queens,485
Queens,125
Queens,125
Queens,180
Queens,69
Queens,50
Queens,80
Queens,151
Queens,100
Queens,25
Queens,97
Queens,57
Queens,45
Queens,50
Queens,110
Queens,160
Queens,500
Queens,65
Queens,38
Queens,60
Queens,58
Queens,35
Queens,95
Queens,133
Queens,60
Queens,50
Queens,69
Queens,98
Queens,120
Queens,70
Queens,50
Queens,70
Queens,30
Queens,180
Queens,165
Queens,75
Queens,59
Queens,150
Queens,40
Queens,114
Queens,105
Queens,63
Queens,45
Queens,83
Queens,55
Queens,455
Queens,100
Queens,30
Queens,100
Queens,250
Queens,60
Queens,100
Queens,40
Queens,113
Queens,69
Queens,170
Queens,32
Queens,200
Queens,75
Queens,79
Queens,100
Queens,80
Queens,65
Queens,89
Queens,220
Queens,299
Queens,45
Queens,175
Queens,110
Queens,100
Queens,75
Queens,85
Queens,70
Queens,70
Queens,100
Queens,80
Queens,85
Queens,43
Queens,50
Queens,70
Queens,62
Queens,70
Queens,50
Queens,135
Queens,155
Queens,85
Queens,73
Queens,75
Queens,59
Queens,250
Queens,90
Queens,66
Queens,103
Queens,43
Queens,55
Queens,60
Queens,150
Queens,300
Queens,65
Queens,136
Queens,55
Queens,82
Queens,125
Queens,150
Queens,70
Queens,72
Queens,165
Queens,35
Queens,178
Queens,90
Queens,80
Queens,40
Queens,49
Queens,300
Queens,49
Queens,72
Queens,40
Queens,100
Queens,35
Queens,50
Queens,59
Queens,100
Queens,250
Queens,89
Queens,43
Queens,35
Queens,33
Queens,41
Queens,90
Queens,99
Queens,130
Queens,100
Queens,207
Queens,99
Queens,45
Queens,85
Queens,1500
Queens,120
Queens,45
Queens,36
Queens,50
Queens,29
Queens,60
Queens,89
Queens,190
Queens,32
Queens,50
Queens,56
Queens,120
Queens,89
Queens,40
Queens,16
Queens,34
Queens,33
Queens,37
Queens,42
Queens,59
Queens,45
Queens,60
Queens,40
Queens,250
Queens,100
Queens,62
Queens,150
Queens,45
Queens,45
Queens,150
Queens,120
Queens,42
Queens,250
Queens,250
Queens,45
Queens,150
Queens,55
Queens,49
Queens,55
Queens,63
Queens,225
Queens,28
Queens,150
Queens,27
Queens,90
Queens,149
Queens,29
Queens,190
Queens,75
Queens,80
Queens,50
Queens,100
Queens,129
Queens,99
Queens,109
Queens,29
Queens,42
Queens,180
Queens,35
Queens,99
Queens,120
Queens,40
Queens,32
Queens,57
Queens,75
Queens,51
Queens,80
Queens,60
Queens,91
Queens,80
Queens,200
Queens,75
Queens,60
Queens,200
Queens,55
Queens,49
Queens,135
Queens,65
Queens,60
Queens,125
Queens,80
Queens,80
Queens,80
Queens,36
Queens,145
Queens,49
Queens,51
Queens,85
Queens,65
Queens,34
Queens,95
Queens,68
Queens,55
Queens,60
Queens,61
Queens,99
Queens,70
Queens,100
Queens,150
Queens,299
Queens,179
Queens,60
Queens,95
Queens,33
Queens,283
Queens,29
Queens,39
Queens,54
Queens,41
Queens,62
Queens,100
Queens,35
Queens,40
Queens,120
Queens,40
Queens,55
Queens,40
Queens,35
Queens,40
Queens,200
Queens,80
Queens,28
Queens,100
Queens,66
Queens,38
Queens,60
Queens,66
Queens,75
Queens,42
Queens,45
Queens,24
Queens,200
Queens,40
Queens,33
Queens,122
Queens,50
Queens,120
Queens,199
Queens,40
Queens,94
Queens,100
Queens,40
Queens,45
Queens,100
Queens,75
Queens,70
Queens,37
Queens,340
Queens,70
Queens,49
Queens,30
Queens,99
Queens,61
Queens,45
Queens,190
Queens,210
Queens,68
Queens,85
Queens,93
Queens,80
Queens,65
Queens,45
Queens,300
Queens,200
Queens,35
Queens,60
Queens,40
Queens,57
Queens,200
Queens,55
Queens,140
Queens,60
Queens,75
Queens,40
Queens,150
Queens,90
Queens,58
Queens,70
Queens,35
Queens,85
Queens,60
Queens,55
Queens,200
Queens,120
Queens,200
Queens,65
Queens,56
Queens,35
Queens,55
Queens,65
Queens,46
Queens,65
Queens,60
Queens,35
Queens,50
Queens,80
Queens,60
Queens,79
Queens,70
Queens,100
Queens,105
Queens,44
Queens,30
Queens,35
Queens,35
Queens,93
Queens,45
Queens,49
Queens,48
Queens,80
Queens,85
Queens,200
Queens,70
Queens,200
Queens,188
Queens,40
Queens,45
Queens,30
Queens,38
Queens,70
Queens,75
Queens,40
Queens,75
Queens,70
Queens,88
Queens,98
Queens,60
Queens,45
Queens,55
Queens,65
Queens,42
Queens,42
Queens,89
Queens,45
Queens,400
Queens,200
Queens,72
Queens,33
Queens,60
Queens,75
Queens,150
Queens,70
Queens,75
Queens,39
Queens,50
Queens,50
Queens,59
Queens,50
Queens,147
Queens,65
Queens,55
Queens,67
Queens,50
Queens,60
Queens,175
Queens,65
Queens,39
Queens,80
Queens,80
Queens,61
Queens,75
Queens,70
Queens,69
Queens,160
Queens,150
Queens,175
Queens,44
Queens,35
Queens,114
Queens,35
Queens,39
Queens,200
Queens,120
Queens,25
Queens,19
Queens,35
Queens,130
Queens,170
Queens,55
Queens,125
Queens,100
Queens,99
Queens,28
Queens,49
Queens,40
Queens,55
Queens,55
Queens,56
Queens,149
Queens,55
Queens,128
Queens,105
Queens,40
Queens,90
Queens,99
Queens,121
Queens,41
Queens,72
Queens,47
Queens,60
Queens,100
Queens,49
Queens,70
Queens,97
Queens,55
Queens,95
Queens,65
Queens,175
Queens,60
Queens,99
Queens,55
Queens,250
Queens,79
Queens,40
Queens,41
Queens,80
Queens,125
Queens,54
Queens,200
Queens,50
Queens,70
Queens,90
Queens,45
Queens,40
Queens,50
Queens,170
Queens,140
Queens,52
Queens,85
Queens,135
Queens,70
Queens,59
Queens,69
Queens,44
Queens,75
Queens,99
Queens,38
Queens,40
Queens,40
Queens,40
Queens,95
Queens,34
Queens,32
Queens,159
Queens,115
Queens,175
Queens,65
Queens,50
Queens,42
Queens,80
Queens,250
Queens,75
Queens,37
Queens,40
Queens,65
Queens,80
Queens,70
Queens,45
Queens,275
Queens,99
Queens,99
Queens,200
Queens,144
Queens,115
Queens,50
Queens,44
Queens,120
Queens,120
Queens,115
Queens,50
Queens,80
Queens,55
Queens,100
Queens,65
Queens,80
Queens,33
Queens,25
Queens,30
Queens,45
Queens,90
Queens,42
Queens,115
Queens,40
Queens,135
Queens,40
Queens,59
Queens,42
Queens,49
Queens,100
Queens,150
Queens,48
Queens,300
Queens,90
Queens,225
Queens,70
Queens,98
Queens,37
Queens,45
Queens,145
Queens,80
Queens,100
Queens,140
Queens,60
Queens,40
Queens,40
Queens,51
Queens,120
Queens,55
Queens,65
Queens,85
Queens,50
Queens,255
Queens,300
Queens,95
Queens,41
Queens,54
Queens,45
Queens,129
Queens,100
Queens,49
Queens,89
Queens,26
Queens,67
Queens,45
Queens,50
Queens,65
Queens,30
Queens,42
Queens,28
Queens,42
Queens,42
Queens,42
Queens,42
Queens,37
Queens,225
Queens,80
Queens,220
Queens,62
Queens,125
Queens,80
Queens,70
Queens,40
Queens,55
Queens,35
Queens,108
Queens,62
Queens,85
Queens,42
Queens,60
Queens,175
Queens,75
Queens,175
Queens,55
Queens,75
Queens,65
Queens,85
Queens,48
Queens,33
Queens,47
Queens,47
Queens,47
Queens,150
Queens,350
Queens,115
Queens,175
Queens,250
Queens,47
Queens,47
Queens,47
Queens,70
Queens,35
Queens,48
Queens,120
Queens,39
Queens,107
Queens,50
Queens,43
Queens,300
Queens,48
Queens,23
Queens,32
Queens,42
Queens,100
Queens,100
Queens,35
Queens,147
Queens,129
Queens,180
Queens,50
Queens,190
Queens,42
Queens,50
Queens,150
Queens,55
Queens,55
Queens,58
Queens,42
Queens,42
Queens,135
Queens,300
Queens,180
Queens,55
Queens,42
Queens,45
Queens,239
Queens,120
Queens,35
Queens,110
Queens,33
Queens,85
Queens,85
Queens,85
Queens,70
Queens,70
Queens,170
Queens,79
Queens,36
Queens,35
Queens,55
Queens,115
Queens,28
Queens,75
Queens,62
Queens,60
Queens,300
Queens,65
Queens,450
Queens,35
Queens,69
Queens,40
Queens,79
Queens,45
Queens,189
Queens,135
Queens,55
Queens,90
Queens,95
Queens,140
Queens,140
Queens,33
Queens,170
Queens,100
Queens,130
Queens,50
Queens,30
Queens,70
Queens,260
Queens,45
Queens,45
Queens,45
Queens,35
Queens,65
Queens,55
Queens,115
Queens,122
Queens,39
Queens,30
Queens,115
Queens,50
Queens,131
Queens,50
Queens,66
Queens,50
Queens,89
Queens,80
Queens,200
Queens,75
Queens,70
Queens,55
Queens,85
Queens,42
Queens,35
Queens,60
Queens,80
Queens,125
Queens,100
Queens,60
Queens,50
Queens,443
Queens,70
Queens,100
Queens,69
Queens,55
Queens,52
Queens,45
Queens,130
Queens,70
Queens,39
Queens,50
Queens,55
Queens,65
Queens,55
Queens,70
Queens,2600
Queens,62
Queens,65
Queens,109
Queens,53
Queens,80
Queens,100
Queens,50
Queens,95
Queens,131
Queens,80
Queens,49
Queens,44
Queens,44
Queens,300
Queens,140
Queens,75
Queens,50
Queens,69
Queens,75
Queens,110
Queens,85
Queens,71
Queens,165
Queens,190
Queens,250
Queens,70
Queens,135
Queens,60
Queens,70
Queens,75
Queens,75
Queens,55
Queens,60
Queens,47
Queens,47
Queens,47
Queens,45
Queens,109
Queens,132
Queens,55
Queens,55
Queens,55
Queens,55
Queens,89
Queens,39
Queens,200
Queens,60
Queens,70
Queens,60
Queens,70
Queens,59
Queens,55
Queens,150
Queens,47
Queens,55
Queens,35
Queens,65
Queens,110
Queens,190
Queens,120
Queens,50
Queens,250
Queens,50
Queens,65
Queens,130
Queens,49
Queens,42
Queens,50
Queens,99
Queens,60
Queens,115
Queens,38
Queens,65
Queens,600
Queens,39
Queens,90
Queens,50
Queens,70
Queens,57
Queens,85
Queens,85
Queens,60
Queens,160
Queens,50
Queens,51
Queens,98
Queens,49
Queens,51
Queens,43
Queens,43
Queens,130
Queens,200
Queens,150
Queens,150
Queens,50
Queens,39
Queens,38
Queens,53
Queens,110
Queens,70
Queens,34
Queens,125
Queens,40
Queens,49
Queens,55
Queens,45
Queens,40
Queens,50
Queens,360
Queens,45
Queens,90
Queens,30
Queens,250
Queens,58
Queens,55
Queens,63
Queens,65
Queens,45
Queens,140
Queens,85
Queens,95
Queens,90
Queens,35
Queens,50
Queens,80
Queens,700
Queens,149
Queens,65
Queens,50
Queens,26
Queens,25
Queens,115
Queens,50
Queens,33
Queens,100
Queens,49
Queens,100
Queens,200
Queens,45
Queens,125
Queens,225
Queens,53
Queens,90
Queens,120
Queens,137
Queens,150
Queens,59
Queens,115
Queens,50
Queens,67
Queens,60
Queens,60
Queens,44
Queens,33
Queens,35
Queens,88
Queens,120
Queens,199
Queens,70
Queens,34
Queens,65
Queens,34
Queens,34
Queens,34
Queens,44
Queens,129
Queens,56
Queens,90
Queens,24
Queens,24
Queens,34
Queens,34
Queens,34
Queens,34
Queens,34
Queens,34
Queens,34
Queens,34
Queens,34
Queens,34
Queens,85
Queens,250
Queens,175
Queens,65
Queens,69
Queens,60
Queens,60
Queens,350
Queens,70
Queens,65
Queens,50
Queens,45
Queens,100
Queens,150
Queens,150
Queens,225
Queens,65
Queens,50
Queens,60
Queens,49
Queens,199
Queens,100
Queens,180
Queens,125
Queens,100
Queens,111
Queens,55
Queens,60
Queens,45
Queens,54
Queens,150
Queens,44
Queens,85
Queens,75
Queens,75
Queens,75
Queens,126
Queens,69
Queens,95
Queens,78
Queens,55
Queens,135
Queens,55
Queens,199
Queens,28
Queens,74
Queens,50
Queens,67
Queens,59
Queens,59
Queens,55
Queens,27
Queens,79
Queens,49
Queens,60
Queens,50
Queens,50
Queens,100
Queens,125
Queens,39
Queens,99
Queens,250
Queens,189
Queens,30
Queens,113
Queens,50
Queens,50
Queens,43
Queens,2000
Queens,50
Queens,70
Queens,199
Queens,72
Queens,75
Queens,30
Queens,56
Queens,199
Queens,80
Queens,875
Queens,210
Queens,50
Queens,60
Queens,170
Queens,50
Queens,95
Queens,60
Queens,64
Queens,60
Queens,55
Queens,175
Queens,55
Queens,40
Queens,40
Queens,58
Queens,175
Queens,58
Queens,150
Queens,53
Queens,53
Queens,179
Queens,149
Queens,80
Queens,42
Queens,79
Queens,50
Queens,150
Queens,110
Queens,50
Queens,150
Queens,688
Queens,123
Queens,179
Queens,179
Queens,88
Queens,32
Queens,54
Queens,149
Queens,69
Queens,47
Queens,49
Queens,48
Queens,99
Queens,70
Queens,145
Queens,78
Queens,25
Queens,103
Queens,150
Queens,499
Queens,120
Queens,299
Queens,299
Queens,99
Queens,79
Queens,149
Queens,89
Queens,99
Queens,79
Queens,89
Queens,155
Queens,65
Queens,79
Queens,119
Queens,200
Queens,90
Queens,254
Queens,96
Queens,35
Queens,153
Queens,110
Queens,100
Queens,400
Queens,79
Queens,65
Queens,140
Queens,90
Queens,86
Queens,99
Queens,100
Queens,150
Queens,185
Queens,140
Queens,150
Queens,34
Queens,129
Queens,48
Queens,48
Queens,95
Queens,35
Queens,69
Queens,220
Queens,189
Queens,140
Queens,15
Queens,200
Queens,120
Queens,135
Queens,146
Queens,125
Queens,115
Queens,36
Queens,99
Queens,100
Queens,45
Queens,69
Queens,150
Queens,130
Queens,299
Queens,200
Queens,87
Queens,169
Queens,89
Queens,40
Queens,45
Queens,199
Queens,30
Queens,275
Queens,50
Queens,110
Queens,84
Queens,100
Queens,75
Queens,35
Queens,83
Queens,99
Queens,86
Queens,59
Queens,45
Queens,90
Queens,110
Queens,59
Queens,99
Queens,50
Queens,199
Queens,42
Queens,42
Queens,69
Queens,320
Queens,55
Queens,32
Queens,90
Queens,99
Queens,199
Queens,50
Queens,40
Queens,115
Queens,80
Queens,50
Queens,52
Queens,33
Queens,75
Queens,145
Queens,77
Queens,55
Queens,130
Queens,43
Queens,99
Queens,180
Queens,93
Queens,120
Queens,50
Queens,55
Queens,120
Queens,85
Queens,85
Queens,68
Queens,75
Queens,50
Queens,199
Queens,101
Queens,70
Queens,65
Queens,99
Queens,75
Queens,55
Queens,55
Queens,55
Queens,70
Queens,275
Queens,650
Queens,89
Queens,80
Queens,150
Queens,174
Queens,200
Queens,60
Queens,200
Queens,48
Queens,169
Queens,108
Queens,248
Queens,60
Queens,200
Queens,150
Queens,389
Queens,28
Queens,75
Queens,189
Queens,50
Queens,88
Queens,80
Queens,68
Queens,145
Queens,120
Queens,75
Queens,295
Queens,45
Queens,87
Queens,59
Queens,50
Queens,150
Queens,65
Queens,325
Queens,90
Queens,70
Queens,60
Queens,75
Queens,395
Queens,80
Queens,50
Queens,70
Queens,99
Queens,90
Queens,50
Queens,60
Queens,70
Queens,50
Queens,150
Queens,70
Queens,100
Queens,250
Queens,40
Queens,65
Queens,65
Queens,49
Queens,100
Queens,96
Queens,25
Queens,29
Queens,25
Queens,160
Queens,80
Queens,110
Queens,90
Queens,47
Queens,130
Queens,150
Queens,55
Queens,290
Queens,75
Queens,60
Queens,110
Queens,130
Queens,95
Queens,100
Queens,150
Queens,900
Queens,58
Queens,96
Queens,45
Queens,100
Queens,55
Queens,60
Queens,65
Queens,275
Queens,50
Queens,49
Queens,70
Queens,36
Queens,36
Queens,70
Queens,35
Queens,40
Queens,140
Queens,200
Queens,75
Queens,60
Queens,126
Queens,65
Queens,80
Queens,80
Queens,75
Queens,37
Queens,160
Queens,70
Queens,50
Queens,41
Queens,43
Queens,33
Queens,33
Queens,32
Queens,48
Queens,34
Queens,30
Queens,32
Queens,80
Queens,75
Queens,55
Queens,50
Queens,235
Queens,42
Queens,250
Queens,149
Queens,60
Queens,350
Queens,78
Queens,124
Queens,60
Queens,55
Queens,199
Queens,62
Queens,250
Queens,125
Queens,95
Queens,300
Queens,150
Queens,70
Queens,41
Queens,90
Queens,225
Queens,125
Queens,180
Queens,150
Queens,75
Queens,250
Queens,71
Queens,75
Queens,275
Queens,50
Queens,250
Queens,45
Queens,250
Queens,225
Queens,125
Queens,70
Queens,40
Queens,289
Queens,225
Queens,50
Queens,85
Queens,30
Queens,99
Queens,85
Queens,100
Queens,65
Queens,35
Queens,75
Queens,225
Queens,220
Queens,65
Queens,70
Queens,45
Queens,60
Queens,55
Queens,99
Queens,149
Queens,100
Queens,75
Queens,44
Queens,49
Queens,28
Queens,38
Queens,100
Queens,69
Queens,85
Queens,99
Queens,200
Queens,149
Queens,85
Queens,90
Queens,200
Queens,50
Queens,50
Queens,49
Queens,46
Queens,70
Queens,50
Queens,85
Queens,40
Queens,35
Queens,99
Queens,110
Queens,149
Queens,80
Queens,129
Queens,160
Queens,167
Queens,149
Queens,300
Queens,75
Queens,55
Queens,75
Queens,130
Queens,75
Queens,12
Queens,54
Queens,119
Queens,100
Queens,78
Queens,85
Queens,40
Queens,100
Queens,56
Queens,100
Queens,49
Queens,90
Queens,240
Queens,179
Queens,74
Queens,40
Queens,120
Queens,55
Queens,219
Queens,150
Queens,100
Queens,300
Queens,49
Queens,59
Queens,35
Queens,250
Queens,80
Queens,99
Queens,30
Queens,30
Queens,2000
Queens,30
Queens,30
Queens,89
Queens,30
Queens,30
Queens,48
Queens,145
Queens,60
Queens,95
Queens,60
Queens,70
Queens,44
Queens,30
Queens,49
Queens,30
Queens,30
Queens,30
Queens,149
Queens,125
Queens,70
Queens,59
Queens,85
Queens,75
Queens,150
Queens,50
Queens,79
Queens,195
Queens,65
Queens,70
Queens,65
Queens,99
Queens,110
Queens,46
Queens,135
Queens,120
Queens,135
Queens,139
Queens,49
Queens,50
Queens,60
Queens,110
Queens,50
Queens,250
Queens,225
Queens,215
Queens,60
Queens,54
Queens,75
Queens,125
Queens,60
Queens,56
Queens,350
Queens,129
Queens,175
Queens,90
Queens,230
Queens,35
Queens,250
Queens,50
Queens,169
Queens,140
Queens,120
Queens,79
Queens,80
Queens,50
Queens,375
Queens,60
Queens,100
Queens,65
Queens,500
Queens,50
Queens,85
Queens,180
Queens,85
Queens,105
Queens,100
Queens,88
Queens,90
Queens,128
Queens,220
Queens,258
Queens,90
Queens,79
Queens,66
Queens,170
Queens,250
Queens,80
Queens,80
Queens,50
Queens,190
Queens,79
Queens,62
Queens,50
Queens,45
Queens,99
Queens,70
Queens,116
Queens,100
Queens,40
Queens,129
Queens,149
Queens,120
Queens,48
Queens,99
Queens,49
Queens,68
Queens,50
Queens,159
Queens,90
Queens,70
Queens,80
Queens,79
Queens,100
Queens,130
Queens,119
Queens,75
Queens,69
Queens,125
Queens,25
Queens,34
Queens,55
Queens,42
Queens,100
Queens,59
Queens,99
Queens,150
Queens,115
Queens,280
Queens,180
Queens,78
Queens,50
Queens,67
Queens,95
Queens,139
Queens,150
Queens,50
Queens,200
Queens,60
Queens,55
Queens,159
Queens,99
Queens,65
Queens,35
Queens,150
Queens,55
Queens,90
Queens,129
Queens,250
Queens,199
Queens,139
Queens,65
Queens,200
Queens,50
Queens,50
Queens,40
Queens,39
Queens,55
Queens,89
Queens,89
Queens,120
Queens,200
Queens,99
Queens,99
Queens,34
Queens,35
Queens,50
Queens,55
Queens,45
Queens,75
Queens,125
Queens,350
Queens,50
Queens,45
Queens,180
Queens,95
Queens,39
Queens,100
Queens,180
Queens,16
Queens,55
Queens,65
Queens,450
Queens,74
Queens,37
Queens,70
Queens,250
Queens,45
Queens,350
Queens,65
Queens,60
Queens,185
Queens,140
Queens,45
Queens,169
Queens,250
Queens,150
Queens,40
Queens,60
Queens,75
Queens,200
Queens,100
Queens,79
Queens,150
Queens,150
Queens,80
Queens,55
Queens,80
Queens,139
Queens,28
Queens,101
Queens,57
Queens,75
Queens,66
Queens,55
Queens,85
Queens,75
Queens,50
Queens,101
Queens,101
Queens,110
Queens,150
Queens,89
Queens,396
Queens,89
Queens,89
Queens,45
Queens,50
Queens,50
Queens,375
Queens,250
Queens,350
Queens,46
Queens,89
Queens,60
Queens,110
Queens,35
Queens,75
Queens,45
Queens,50
Queens,49
Queens,95
Queens,80
Queens,180
Queens,50
Queens,169
Queens,50
Queens,140
Queens,210
Queens,37
Queens,34
Queens,35
Queens,85
Queens,68
Queens,93
Queens,58
Queens,45
Queens,65
Staten Island,70
Staten Island,36
Staten Island,37
Staten Island,37
Staten Island,36
Staten Island,80
Staten Island,75
Staten Island,250
Staten Island,50
Staten Island,125
Staten Island,59
Staten Island,20
Staten Island,110
Staten Island,68
Staten Island,299
Staten Island,71
Staten Island,54
Staten Island,75
Staten Island,75
Staten Island,625
Staten Island,47
Staten Island,221
Staten Island,190
Staten Island,250
Staten Island,75
Staten Island,700
Staten Island,129
Staten Island,75
Staten Island,95
Staten Island,175
Staten Island,195
Staten Island,56
Staten Island,58
Staten Island,70
Staten Island,180
Staten Island,200
Staten Island,99
Staten Island,1000
Staten Island,70
Staten Island,85
Staten Island,150
Staten Island,49
Staten Island,65
Staten Island,60
Staten Island,40
Staten Island,89
Staten Island,105
Staten Island,155
Staten Island,49
Staten Island,45
Staten Island,69
Staten Island,429
Staten Island,99
Staten Island,80
Staten Island,50
Staten Island,144
Staten Island,75
Staten Island,120
Staten Island,300
Staten Island,200
Staten Island,48
Staten Island,40
Staten Island,52
Staten Island,299
Staten Island,50
Staten Island,35
Staten Island,100
Staten Island,110
Staten Island,75
Staten Island,100
Staten Island,165
Staten Island,40
Staten Island,78
Staten Island,72
Staten Island,150
Staten Island,85
Staten Island,105
Staten Island,100
Staten Island,120
Staten Island,50
Staten Island,62
Staten Island,100
Staten Island,185
Staten Island,275
Staten Island,275
Staten Island,200
Staten Island,125
Staten Island,80
Staten Island,69
Staten Island,150
Staten Island,110
Staten Island,70
Staten Island,79
Staten Island,80
Staten Island,70
Staten Island,65
Staten Island,100
Staten Island,49
Staten Island,34
Staten Island,34
Staten Island,33
Staten Island,32
Staten Island,35
Staten Island,32
Staten Island,105
Staten Island,34
Staten Island,55
Staten Island,51
Staten Island,55
Staten Island,55
Staten Island,75
Staten Island,100
Staten Island,60
Staten Island,120
Staten Island,180
Staten Island,65
Staten Island,50
Staten Island,180
Staten Island,122
Staten Island,49
Staten Island,49
Staten Island,75
Staten Island,95
Staten Island,89
Staten Island,70
Staten Island,5000
Staten Island,72
Staten Island,289
Staten Island,95
Staten Island,65
Staten Island,80
Staten Island,55
Staten Island,65
Staten Island,43
Staten Island,50
Staten Island,40
Staten Island,49
Staten Island,45
Staten Island,85
Staten Island,103
Staten Island,85
Staten Island,200
Staten Island,91
Staten Island,40
Staten Island,34
Staten Island,83
Staten Island,33
Staten Island,135
Staten Island,34
Staten Island,35
Staten Island,33
Staten Island,43
Staten Island,59
Staten Island,75
Staten Island,90
Staten Island,105
Staten Island,150
Staten Island,37
Staten Island,800
Staten Island,68
Staten Island,32
Staten Island,70
Staten Island,55
Staten Island,109
Staten Island,52
Staten Island,29
Staten Island,85
Staten Island,115
Staten Island,58
Staten Island,55
Staten Island,125
Staten Island,32
Staten Island,30
Staten Island,100
Staten Island,27
Staten Island,65
Staten Island,149
Staten Island,75
Staten Island,40
Staten Island,99
Staten Island,95
Staten Island,65
Staten Island,75
Staten Island,150
Staten Island,25
Staten Island,39
Staten Island,20
Staten Island,77
Staten Island,50
Staten Island,71
Staten Island,245
Staten Island,40
Staten Island,60
Staten Island,165
Staten Island,31
Staten Island,60
Staten Island,57
Staten Island,110
Staten Island,37
Staten Island,50
Staten Island,40
Staten Island,60
Staten Island,47
Staten Island,33
Staten Island,35
Staten Island,79
Staten Island,75
Staten Island,199
Staten Island,50
Staten Island,48
Staten Island,33
Staten Island,72
Staten Island,120
Staten Island,180
Staten Island,32
Staten Island,40
Staten Island,50
Staten Island,75
Staten Island,115
Staten Island,161
Staten Island,97
Staten Island,106
Staten Island,99
Staten Island,50
Staten Island,75
Staten Island,50
Staten Island,100
Staten Island,80
Staten Island,55
Staten Island,40
Staten Island,30
Staten Island,30
Staten Island,30
Staten Island,100
Staten Island,130
Staten Island,22
Staten Island,118
Staten Island,249
Staten Island,120
Staten Island,115
Staten Island,135
Staten Island,89
Staten Island,67
Staten Island,100
Staten Island,55
Staten Island,100
Staten Island,36
Staten Island,46
Staten Island,34
Staten Island,85
Staten Island,40
Staten Island,50
Staten Island,40
Staten Island,95
Staten Island,75
Staten Island,75
Staten Island,65
Staten Island,150
Staten Island,71
Staten Island,40
Staten Island,41
Staten Island,200
Staten Island,55
Staten Island,89
Staten Island,150
Staten Island,35
Staten Island,35
Staten Island,85
Staten Island,100
Staten Island,90
Staten Island,62
Staten Island,200
Staten Island,80
Staten Island,80
Staten Island,140
Staten Island,46
Staten Island,109
Staten Island,90
Staten Island,120
Staten Island,70
Staten Island,86
Staten Island,138
Staten Island,119
Staten Island,65
Staten Island,135
Staten Island,100
Staten Island,85
Staten Island,65
Staten Island,55
Staten Island,69
Staten Island,130
Staten Island,40
Staten Island,35
Staten Island,100
Staten Island,85
Staten Island,57
Staten Island,75
Staten Island,75
Staten Island,100
Staten Island,100
Staten Island,30
Staten Island,150
Staten Island,300
Staten Island,275
Staten Island,83
Staten Island,125
Staten Island,100
Staten Island,150
Staten Island,63
Staten Island,100
Staten Island,55
Staten Island,52
Staten Island,100
Staten Island,300
Staten Island,85
Staten Island,78
Staten Island,50
Staten Island,55
Staten Island,65
Staten Island,99
Staten Island,249
Staten Island,115
Staten Island,49
Staten Island,29
Staten Island,68
Staten Island,37
Staten Island,70
Staten Island,85
Staten Island,135
Staten Island,50
Staten Island,150
Staten Island,115
Staten Island,29
Staten Island,65
Staten Island,130
Staten Island,99
Staten Island,50
Staten Island,65
Staten Island,135
Staten Island,55
Staten Island,75
Staten Island,1250
Staten Island,61
Staten Island,299
Staten Island,13
Staten Island,70
Staten Island,68
Staten Island,80
Staten Island,30
Staten Island,195
Staten Island,125
Staten Island,49
Staten Island,48
Staten Island,99
Staten Island,75
Staten Island,109
Staten Island,100
Staten Island,42
Staten Island,50
Staten Island,199
Staten Island,78
Staten Island,190
Staten Island,175
Staten Island,50
Staten Island,50
Staten Island,30
Staten Island,60
Staten Island,65
Staten Island,40
Staten Island,100
Staten Island,450
Staten Island,54
Staten Island,235